count,time,presortedPercent,descending
10000,1.845240,0.000000,0
50000,10.695460,0.000000,0
100000,22.938680,0.000000,0
500000,124.989332,0.000000,0
1000000,268.909197,0.000000,0
10000,2.342609,0.000000,0
50000,11.199219,0.000000,0
100000,24.310165,0.000000,0
500000,132.623211,0.000000,0
1000000,264.860002,0.000000,0
10000,1.741373,0.000000,0
50000,10.330112,0.000000,0
100000,22.956053,0.000000,0
500000,131.594735,0.000000,0
1000000,267.163060,0.000000,0
10000,1.758982,0.000000,0
50000,10.581481,0.000000,0
100000,27.547088,0.000000,0
500000,130.748820,0.000000,0
1000000,281.271678,0.000000,0
10000,1.747133,0.000000,0
50000,10.430158,0.000000,0
100000,23.478740,0.000000,0
500000,128.132471,0.000000,0
1000000,270.441597,0.000000,0
10000,1.763890,0.000000,0
50000,11.030714,0.000000,0
100000,25.258136,0.000000,0
500000,126.901238,0.000000,0
1000000,272.348142,0.000000,0
10000,1.737739,0.000000,0
50000,10.787869,0.000000,0
100000,23.824377,0.000000,0
500000,130.623724,0.000000,0
1000000,269.929680,0.000000,0
10000,1.765677,0.000000,0
50000,11.569784,0.000000,0
100000,23.757627,0.000000,0
500000,131.065610,0.000000,0
1000000,267.520667,0.000000,0
10000,1.725726,0.000000,0
50000,11.568149,0.000000,0
100000,25.162432,0.000000,0
500000,127.864159,0.000000,0
1000000,269.442720,0.000000,0
10000,1.759342,0.000000,0
50000,10.409244,0.000000,0
100000,24.954523,0.000000,0
500000,136.335385,0.000000,0
1000000,274.632095,0.000000,0
10000,1.991151,0.000000,0
50000,10.452028,0.000000,0
100000,22.894581,0.000000,0
500000,127.719109,0.000000,0
1000000,261.613174,0.000000,0
10000,1.720202,0.000000,0
50000,10.633342,0.000000,0
100000,23.195420,0.000000,0
500000,125.593134,0.000000,0
1000000,270.166509,0.000000,0
10000,1.846246,0.000000,0
50000,10.525708,0.000000,0
100000,22.852531,0.000000,0
500000,124.258223,0.000000,0
1000000,264.732131,0.000000,0
10000,1.742133,0.000000,0
50000,11.017060,0.000000,0
100000,23.177359,0.000000,0
500000,126.864891,0.000000,0
1000000,266.423026,0.000000,0
10000,1.818760,0.000000,0
50000,11.320846,0.000000,0
100000,23.405115,0.000000,0
500000,126.560973,0.000000,0
1000000,262.352796,0.000000,0
10000,1.755253,0.000000,0
50000,10.302676,0.000000,0
100000,22.564247,0.000000,0
500000,128.504534,0.000000,0
1000000,267.060837,0.000000,0
10000,1.732898,0.000000,0
50000,10.351565,0.000000,0
100000,23.009196,0.000000,0
500000,124.587457,0.000000,0
1000000,264.633986,0.000000,0
10000,1.724895,0.000000,0
50000,11.083514,0.000000,0
100000,23.168686,0.000000,0
500000,126.011772,0.000000,0
1000000,264.442537,0.000000,0
10000,1.774593,0.000000,0
50000,10.374148,0.000000,0
100000,22.778812,0.000000,0
500000,126.060987,0.000000,0
1000000,264.365655,0.000000,0
10000,1.702324,0.000000,0
50000,11.193017,0.000000,0
100000,25.266566,0.000000,0
500000,126.952754,0.000000,0
1000000,261.899154,0.000000,0
10000,1.882200,0.000000,0
50000,10.314795,0.000000,0
100000,22.638672,0.000000,0
500000,130.078066,0.000000,0
1000000,266.533263,0.000000,0
10000,1.843530,0.000000,0
50000,10.383455,0.000000,0
100000,22.821583,0.000000,0
500000,128.695274,0.000000,0
1000000,267.684484,0.000000,0
10000,1.754033,0.000000,0
50000,10.437431,0.000000,0
100000,22.842145,0.000000,0
500000,122.923066,0.000000,0
1000000,262.614797,0.000000,0
10000,1.700231,0.000000,0
50000,10.482861,0.000000,0
100000,22.675885,0.000000,0
500000,126.442857,0.000000,0
1000000,270.872091,0.000000,0
10000,1.712265,0.000000,0
50000,11.704399,0.000000,0
100000,22.640035,0.000000,0
500000,123.341184,0.000000,0
1000000,269.686331,0.000000,0
10000,2.107741,0.000000,0
50000,10.977058,0.000000,0
100000,24.627244,0.000000,0
500000,127.049686,0.000000,0
1000000,260.322349,0.000000,0
10000,1.726875,0.000000,0
50000,10.419642,0.000000,0
100000,22.742686,0.000000,0
500000,125.738563,0.000000,0
1000000,266.982136,0.000000,0
10000,1.755120,0.000000,0
50000,10.340382,0.000000,0
100000,22.694157,0.000000,0
500000,123.011609,0.000000,0
1000000,265.437672,0.000000,0
10000,1.713651,0.000000,0
50000,10.462916,0.000000,0
100000,22.817461,0.000000,0
500000,123.207119,0.000000,0
1000000,264.977628,0.000000,0
10000,2.334525,0.000000,0
50000,10.993185,0.000000,0
100000,24.776949,0.000000,0
500000,123.052586,0.000000,0
1000000,261.539781,0.000000,0
10000,1.760959,0.000000,0
50000,10.410827,0.000000,0
100000,22.749160,0.000000,0
500000,124.384610,0.000000,0
1000000,263.428296,0.000000,0
10000,1.835082,0.000000,0
50000,10.301760,0.000000,0
100000,23.320207,0.000000,0
500000,125.956057,0.000000,0
1000000,259.126253,0.000000,0
10000,1.841656,0.000000,0
50000,10.211268,0.000000,0
100000,22.975017,0.000000,0
500000,123.089810,0.000000,0
1000000,260.347630,0.000000,0
10000,1.789932,0.000000,0
50000,10.376540,0.000000,0
100000,22.666829,0.000000,0
500000,123.952617,0.000000,0
1000000,267.088593,0.000000,0
10000,1.777213,0.000000,0
50000,10.523403,0.000000,0
100000,22.640307,0.000000,0
500000,125.325456,0.000000,0
1000000,262.289748,0.000000,0
10000,1.745824,0.000000,0
50000,10.382838,0.000000,0
100000,22.606681,0.000000,0
500000,123.853581,0.000000,0
1000000,270.226604,0.000000,0
10000,1.708507,0.000000,0
50000,11.092451,0.000000,0
100000,24.858514,0.000000,0
500000,123.883743,0.000000,0
1000000,258.951450,0.000000,0
10000,1.719569,0.000000,0
50000,10.222226,0.000000,0
100000,23.127185,0.000000,0
500000,128.906832,0.000000,0
1000000,270.141326,0.000000,0
10000,1.766477,0.000000,0
50000,11.165635,0.000000,0
100000,23.705541,0.000000,0
500000,128.522540,0.000000,0
1000000,273.939471,0.000000,0
10000,1.792263,0.000000,0
50000,10.517798,0.000000,0
100000,22.556122,0.000000,0
500000,133.553951,0.000000,0
1000000,270.107885,0.000000,0
10000,1.748146,0.000000,0
50000,10.881248,0.000000,0
100000,24.499612,0.000000,0
500000,132.040277,0.000000,0
1000000,264.549944,0.000000,0
10000,1.769238,0.000000,0
50000,11.303833,0.000000,0
100000,25.165688,0.000000,0
500000,130.283220,0.000000,0
1000000,268.988450,0.000000,0
10000,1.696881,0.000000,0
50000,10.296230,0.000000,0
100000,22.690448,0.000000,0
500000,133.384835,0.000000,0
1000000,267.072409,0.000000,0
10000,1.997985,0.000000,0
50000,11.037382,0.000000,0
100000,24.490974,0.000000,0
500000,131.363271,0.000000,0
1000000,271.853505,0.000000,0
10000,1.808795,0.000000,0
50000,11.944219,0.000000,0
100000,23.423167,0.000000,0
500000,127.076804,0.000000,0
1000000,269.488339,0.000000,0
10000,1.742319,0.000000,0
50000,10.186903,0.000000,0
100000,23.988195,0.000000,0
500000,130.620569,0.000000,0
1000000,271.599370,0.000000,0
10000,1.686382,0.000000,0
50000,11.299817,0.000000,0
100000,25.619531,0.000000,0
500000,134.857911,0.000000,0
1000000,263.020468,0.000000,0
10000,1.754923,0.000000,0
50000,10.308031,0.000000,0
100000,27.334984,0.000000,0
500000,127.275305,0.000000,0
1000000,261.501498,0.000000,0
10000,1.702904,0.000000,0
50000,10.165689,0.000000,0
100000,22.633325,0.000000,0
500000,129.046790,0.000000,0
1000000,261.325229,0.000000,0
10000,1.758320,0.000000,0
50000,10.573483,0.000000,0
100000,22.699435,0.000000,0
500000,124.582007,0.000000,0
1000000,270.746165,0.000000,0
10000,1.733047,0.000000,0
50000,10.184995,0.000000,0
100000,22.365089,0.000000,0
500000,131.905146,0.000000,0
1000000,260.884313,0.000000,0
10000,1.792023,0.000000,0
50000,11.910460,0.000000,0
100000,22.834256,0.000000,0
500000,128.456553,0.000000,0
1000000,262.037181,0.000000,0
10000,1.728668,0.000000,0
50000,11.170758,0.000000,0
100000,27.518470,0.000000,0
500000,125.811393,0.000000,0
1000000,265.886364,0.000000,0
10000,1.721761,0.000000,0
50000,10.407366,0.000000,0
100000,23.211355,0.000000,0
500000,128.203213,0.000000,0
1000000,262.725078,0.000000,0
10000,1.730837,0.000000,0
50000,10.901645,0.000000,0
100000,22.897204,0.000000,0
500000,125.201025,0.000000,0
1000000,260.897780,0.000000,0
10000,1.714261,0.000000,0
50000,10.231473,0.000000,0
100000,23.432891,0.000000,0
500000,124.643302,0.000000,0
1000000,270.805664,0.000000,0
10000,1.927162,0.000000,0
50000,11.046211,0.000000,0
100000,25.743653,0.000000,0
500000,123.122257,0.000000,0
1000000,269.969754,0.000000,0
10000,1.837379,0.000000,0
50000,10.188842,0.000000,0
100000,22.627029,0.000000,0
500000,124.061083,0.000000,0
1000000,276.977372,0.000000,0
10000,1.753535,0.000000,0
50000,10.297490,0.000000,0
100000,22.699527,0.000000,0
500000,124.162948,0.000000,0
1000000,259.421135,0.000000,0
10000,1.723760,0.000000,0
50000,10.236800,0.000000,0
100000,24.915199,0.000000,0
500000,135.630636,0.000000,0
1000000,262.683572,0.000000,0
10000,1.808983,0.000000,0
50000,10.363693,0.000000,0
100000,22.636468,0.000000,0
500000,130.719847,0.000000,0
1000000,259.771267,0.000000,0
10000,1.764452,0.000000,0
50000,10.433764,0.000000,0
100000,24.581913,0.000000,0
500000,127.935562,0.000000,0
1000000,273.343880,0.000000,0
10000,1.774820,0.000000,0
50000,11.435617,0.000000,0
100000,25.375950,0.000000,0
500000,125.493924,0.000000,0
1000000,259.444890,0.000000,0
10000,1.773871,0.000000,0
50000,10.172037,0.000000,0
100000,22.536052,0.000000,0
500000,126.215260,0.000000,0
1000000,290.915150,0.000000,0
10000,1.715026,0.000000,0
50000,12.437207,0.000000,0
100000,23.242787,0.000000,0
500000,128.781535,0.000000,0
1000000,268.796866,0.000000,0
10000,1.748882,0.000000,0
50000,10.870421,0.000000,0
100000,22.909878,0.000000,0
500000,124.967592,0.000000,0
1000000,274.098532,0.000000,0
10000,1.761359,0.000000,0
50000,10.524655,0.000000,0
100000,23.366682,0.000000,0
500000,125.639369,0.000000,0
1000000,262.275039,0.000000,0
10000,1.761844,0.000000,0
50000,10.310360,0.000000,0
100000,23.263158,0.000000,0
500000,125.164725,0.000000,0
1000000,265.545039,0.000000,0
10000,1.746415,0.000000,0
50000,10.438789,0.000000,0
100000,22.578076,0.000000,0
500000,129.233477,0.000000,0
1000000,261.811735,0.000000,0
10000,1.767664,0.000000,0
50000,10.493073,0.000000,0
100000,22.921933,0.000000,0
500000,127.828540,0.000000,0
1000000,270.332549,0.000000,0
10000,1.737931,0.000000,0
50000,10.315416,0.000000,0
100000,23.074986,0.000000,0
500000,125.086338,0.000000,0
1000000,263.082519,0.000000,0
10000,1.768893,0.000000,0
50000,10.265477,0.000000,0
100000,22.966207,0.000000,0
500000,124.281551,0.000000,0
1000000,267.393874,0.000000,0
10000,1.734702,0.000000,0
50000,10.409736,0.000000,0
100000,22.668018,0.000000,0
500000,130.678389,0.000000,0
1000000,264.337972,0.000000,0
10000,1.879930,0.000000,0
50000,10.242102,0.000000,0
100000,22.760128,0.000000,0
500000,125.824126,0.000000,0
1000000,276.397635,0.000000,0
10000,1.716279,0.000000,0
50000,11.173779,0.000000,0
100000,22.769007,0.000000,0
500000,133.989186,0.000000,0
1000000,279.724803,0.000000,0
10000,1.749500,0.000000,0
50000,10.268780,0.000000,0
100000,22.821556,0.000000,0
500000,130.399755,0.000000,0
1000000,276.744327,0.000000,0
10000,2.086113,0.000000,0
50000,11.640572,0.000000,0
100000,23.720799,0.000000,0
500000,130.471484,0.000000,0
1000000,273.004945,0.000000,0
10000,1.708115,0.000000,0
50000,10.989778,0.000000,0
100000,24.423067,0.000000,0
500000,128.612955,0.000000,0
1000000,279.455829,0.000000,0
10000,1.901501,0.000000,0
50000,11.842079,0.000000,0
100000,27.396186,0.000000,0
500000,126.743150,0.000000,0
1000000,276.187491,0.000000,0
10000,2.229110,0.000000,0
50000,10.780375,0.000000,0
100000,24.859307,0.000000,0
500000,127.189088,0.000000,0
1000000,274.684121,0.000000,0
10000,1.915733,0.000000,0
50000,11.113624,0.000000,0
100000,22.903067,0.000000,0
500000,133.035937,0.000000,0
1000000,275.461821,0.000000,0
10000,1.718724,0.000000,0
50000,10.616834,0.000000,0
100000,24.788249,0.000000,0
500000,133.848639,0.000000,0
1000000,269.291946,0.000000,0
10000,1.707468,0.000000,0
50000,10.452898,0.000000,0
100000,22.787432,0.000000,0
500000,130.272596,0.000000,0
1000000,264.075575,0.000000,0
10000,1.838268,0.000000,0
50000,11.061377,0.000000,0
100000,23.745519,0.000000,0
500000,128.616561,0.000000,0
1000000,264.167030,0.000000,0
10000,1.740439,0.000000,0
50000,10.332731,0.000000,0
100000,23.058076,0.000000,0
500000,124.555786,0.000000,0
1000000,265.712447,0.000000,0
10000,1.739158,0.000000,0
50000,10.358511,0.000000,0
100000,23.242149,0.000000,0
500000,124.112172,0.000000,0
1000000,274.001307,0.000000,0
10000,1.742918,0.000000,0
50000,10.962373,0.000000,0
100000,22.817299,0.000000,0
500000,125.678545,0.000000,0
1000000,262.305422,0.000000,0
10000,1.731046,0.000000,0
50000,10.255848,0.000000,0
100000,22.437959,0.000000,0
500000,124.416871,0.000000,0
1000000,267.116994,0.000000,0
10000,1.736126,0.000000,0
50000,10.360304,0.000000,0
100000,23.469057,0.000000,0
500000,125.617220,0.000000,0
1000000,262.248244,0.000000,0
10000,1.734816,0.000000,0
50000,10.273957,0.000000,0
100000,22.910201,0.000000,0
500000,125.834706,0.000000,0
1000000,268.290395,0.000000,0
10000,1.710879,0.000000,0
50000,10.266879,0.000000,0
100000,22.630390,0.000000,0
500000,124.977654,0.000000,0
1000000,264.674199,0.000000,0
10000,1.761754,0.000000,0
50000,10.859199,0.000000,0
100000,22.697920,0.000000,0
500000,125.753993,0.000000,0
1000000,275.857049,0.000000,0
10000,1.950444,0.000000,0
50000,10.222078,0.000000,0
100000,22.827809,0.000000,0
500000,124.023696,0.000000,0
1000000,265.593223,0.000000,0
10000,1.719083,0.000000,0
50000,10.435210,0.000000,0
100000,22.709464,0.000000,0
500000,127.364360,0.000000,0
1000000,261.414044,0.000000,0
10000,1.744454,0.000000,0
50000,10.510702,0.000000,0
100000,22.812629,0.000000,0
500000,127.071303,0.000000,0
1000000,269.405629,0.000000,0
10000,1.766354,0.000000,0
50000,11.354228,0.000000,0
100000,23.166457,0.000000,0
500000,123.556800,0.000000,0
1000000,261.749361,0.000000,0
10000,1.731292,0.000000,0
50000,10.764679,0.000000,0
100000,24.505335,0.000000,0
500000,125.170415,0.000000,0
1000000,266.634059,0.000000,0
10000,1.705307,0.000000,0
50000,10.438644,0.000000,0
100000,22.668545,0.000000,0
500000,123.923402,0.000000,0
1000000,264.122925,0.000000,0
10000,1.707860,0.000000,0
50000,10.341705,0.000000,0
100000,22.872547,0.000000,0
500000,125.351112,0.000000,0
1000000,262.712620,0.000000,0
10000,1.694504,0.000000,0
50000,11.453897,0.000000,0
100000,25.257576,0.000000,0
500000,124.085735,0.000000,0
1000000,264.107148,0.000000,0
10000,1.836724,25.000000,0
50000,10.320468,25.000000,0
100000,22.196082,25.000000,0
500000,122.182820,25.000000,0
1000000,265.992250,25.000000,0
10000,1.664517,25.000000,0
50000,10.445328,25.000000,0
100000,24.933122,25.000000,0
500000,131.959865,25.000000,0
1000000,273.003536,25.000000,0
10000,1.639491,25.000000,0
50000,10.132634,25.000000,0
100000,23.323251,25.000000,0
500000,124.785775,25.000000,0
1000000,268.451158,25.000000,0
10000,1.651448,25.000000,0
50000,10.208197,25.000000,0
100000,23.577895,25.000000,0
500000,129.263572,25.000000,0
1000000,274.539582,25.000000,0
10000,2.147750,25.000000,0
50000,11.111158,25.000000,0
100000,24.676046,25.000000,0
500000,151.089579,25.000000,0
1000000,270.225663,25.000000,0
10000,1.654541,25.000000,0
50000,10.452518,25.000000,0
100000,23.180460,25.000000,0
500000,129.955976,25.000000,0
1000000,267.637874,25.000000,0
10000,2.454619,25.000000,0
50000,10.895088,25.000000,0
100000,21.949176,25.000000,0
500000,124.095244,25.000000,0
1000000,280.535605,25.000000,0
10000,1.803521,25.000000,0
50000,10.780169,25.000000,0
100000,23.853851,25.000000,0
500000,127.088303,25.000000,0
1000000,265.697437,25.000000,0
10000,2.001090,25.000000,0
50000,10.446842,25.000000,0
100000,23.915380,25.000000,0
500000,124.530144,25.000000,0
1000000,276.672473,25.000000,0
10000,1.757206,25.000000,0
50000,10.248761,25.000000,0
100000,22.474866,25.000000,0
500000,123.751955,25.000000,0
1000000,279.209448,25.000000,0
10000,1.691676,25.000000,0
50000,10.046525,25.000000,0
100000,22.253700,25.000000,0
500000,127.512125,25.000000,0
1000000,275.012150,25.000000,0
10000,1.699971,25.000000,0
50000,11.484762,25.000000,0
100000,24.354566,25.000000,0
500000,124.736245,25.000000,0
1000000,265.165916,25.000000,0
10000,1.704756,25.000000,0
50000,11.375343,25.000000,0
100000,24.145966,25.000000,0
500000,133.365827,25.000000,0
1000000,261.060271,25.000000,0
10000,1.862690,25.000000,0
50000,11.545649,25.000000,0
100000,25.236039,25.000000,0
500000,122.692833,25.000000,0
1000000,263.924058,25.000000,0
10000,1.887572,25.000000,0
50000,13.073235,25.000000,0
100000,24.199871,25.000000,0
500000,128.384374,25.000000,0
1000000,262.505307,25.000000,0
10000,1.915602,25.000000,0
50000,10.764523,25.000000,0
100000,24.113936,25.000000,0
500000,125.066210,25.000000,0
1000000,279.237529,25.000000,0
10000,1.655601,25.000000,0
50000,10.069297,25.000000,0
100000,22.017012,25.000000,0
500000,127.226115,25.000000,0
1000000,265.752482,25.000000,0
10000,1.703274,25.000000,0
50000,10.557517,25.000000,0
100000,22.778123,25.000000,0
500000,124.537250,25.000000,0
1000000,263.857395,25.000000,0
10000,1.857115,25.000000,0
50000,10.773607,25.000000,0
100000,21.987973,25.000000,0
500000,121.092641,25.000000,0
1000000,269.089368,25.000000,0
10000,1.668587,25.000000,0
50000,10.684674,25.000000,0
100000,22.937317,25.000000,0
500000,128.341005,25.000000,0
1000000,267.489249,25.000000,0
10000,1.672481,25.000000,0
50000,10.197278,25.000000,0
100000,22.680202,25.000000,0
500000,129.489918,25.000000,0
1000000,264.137394,25.000000,0
10000,1.643849,25.000000,0
50000,11.457652,25.000000,0
100000,22.006745,25.000000,0
500000,124.338643,25.000000,0
1000000,265.268452,25.000000,0
10000,1.684152,25.000000,0
50000,10.199796,25.000000,0
100000,21.844295,25.000000,0
500000,126.396027,25.000000,0
1000000,276.274710,25.000000,0
10000,1.886970,25.000000,0
50000,12.112576,25.000000,0
100000,23.151185,25.000000,0
500000,126.715892,25.000000,0
1000000,266.965811,25.000000,0
10000,1.637886,25.000000,0
50000,10.117010,25.000000,0
100000,22.256841,25.000000,0
500000,122.876981,25.000000,0
1000000,269.161089,25.000000,0
10000,1.763922,25.000000,0
50000,10.542462,25.000000,0
100000,22.301036,25.000000,0
500000,125.986168,25.000000,0
1000000,267.134362,25.000000,0
10000,1.631771,25.000000,0
50000,10.051388,25.000000,0
100000,23.115968,25.000000,0
500000,128.337393,25.000000,0
1000000,275.672254,25.000000,0
10000,1.805713,25.000000,0
50000,10.299355,25.000000,0
100000,24.929220,25.000000,0
500000,125.542948,25.000000,0
1000000,275.953159,25.000000,0
10000,1.938527,25.000000,0
50000,10.426359,25.000000,0
100000,25.247283,25.000000,0
500000,129.314988,25.000000,0
1000000,274.730189,25.000000,0
10000,1.665986,25.000000,0
50000,11.594120,25.000000,0
100000,23.924904,25.000000,0
500000,131.137350,25.000000,0
1000000,279.384990,25.000000,0
10000,1.693351,25.000000,0
50000,12.155965,25.000000,0
100000,27.113650,25.000000,0
500000,128.638805,25.000000,0
1000000,275.858985,25.000000,0
10000,1.670881,25.000000,0
50000,10.973496,25.000000,0
100000,25.664943,25.000000,0
500000,130.720163,25.000000,0
1000000,276.142995,25.000000,0
10000,1.660510,25.000000,0
50000,10.490634,25.000000,0
100000,23.280723,25.000000,0
500000,126.941914,25.000000,0
1000000,272.139157,25.000000,0
10000,1.832724,25.000000,0
50000,10.262202,25.000000,0
100000,24.925055,25.000000,0
500000,130.460490,25.000000,0
1000000,274.939087,25.000000,0
10000,1.707856,25.000000,0
50000,11.038138,25.000000,0
100000,25.584069,25.000000,0
500000,131.561281,25.000000,0
1000000,274.072287,25.000000,0
10000,2.261612,25.000000,0
50000,11.716376,25.000000,0
100000,24.290851,25.000000,0
500000,128.104088,25.000000,0
1000000,280.401783,25.000000,0
10000,1.953833,25.000000,0
50000,10.950452,25.000000,0
100000,25.428256,25.000000,0
500000,126.902054,25.000000,0
1000000,271.230651,25.000000,0
10000,1.801878,25.000000,0
50000,10.198185,25.000000,0
100000,22.461549,25.000000,0
500000,125.544327,25.000000,0
1000000,267.656081,25.000000,0
10000,1.640904,25.000000,0
50000,10.857773,25.000000,0
100000,24.850554,25.000000,0
500000,127.269902,25.000000,0
1000000,265.950067,25.000000,0
10000,1.649456,25.000000,0
50000,11.125603,25.000000,0
100000,21.997496,25.000000,0
500000,128.805522,25.000000,0
1000000,265.578468,25.000000,0
10000,1.674628,25.000000,0
50000,10.197141,25.000000,0
100000,22.224434,25.000000,0
500000,126.136305,25.000000,0
1000000,273.060004,25.000000,0
10000,1.681668,25.000000,0
50000,10.369462,25.000000,0
100000,24.204768,25.000000,0
500000,122.889318,25.000000,0
1000000,271.854805,25.000000,0
10000,1.776840,25.000000,0
50000,11.121075,25.000000,0
100000,24.679849,25.000000,0
500000,123.515596,25.000000,0
1000000,270.915700,25.000000,0
10000,1.785285,25.000000,0
50000,10.627051,25.000000,0
100000,23.864542,25.000000,0
500000,126.560381,25.000000,0
1000000,270.015730,25.000000,0
10000,1.854778,25.000000,0
50000,11.274501,25.000000,0
100000,23.857995,25.000000,0
500000,121.546228,25.000000,0
1000000,268.320856,25.000000,0
10000,2.057848,25.000000,0
50000,11.432761,25.000000,0
100000,24.067141,25.000000,0
500000,121.427104,25.000000,0
1000000,260.489201,25.000000,0
10000,1.702145,25.000000,0
50000,11.190520,25.000000,0
100000,23.526637,25.000000,0
500000,127.341341,25.000000,0
1000000,280.263750,25.000000,0
10000,1.740096,25.000000,0
50000,10.158791,25.000000,0
100000,24.280041,25.000000,0
500000,125.955444,25.000000,0
1000000,266.134026,25.000000,0
10000,1.660736,25.000000,0
50000,11.149219,25.000000,0
100000,23.965989,25.000000,0
500000,125.880754,25.000000,0
1000000,263.502806,25.000000,0
10000,1.805117,25.000000,0
50000,10.084824,25.000000,0
100000,23.703348,25.000000,0
500000,124.674722,25.000000,0
1000000,267.410918,25.000000,0
10000,2.033319,25.000000,0
50000,13.144345,25.000000,0
100000,24.502771,25.000000,0
500000,121.952677,25.000000,0
1000000,272.728716,25.000000,0
10000,1.700759,25.000000,0
50000,10.641249,25.000000,0
100000,24.683436,25.000000,0
500000,129.801233,25.000000,0
1000000,271.265960,25.000000,0
10000,1.649330,25.000000,0
50000,11.032464,25.000000,0
100000,23.982860,25.000000,0
500000,128.515345,25.000000,0
1000000,263.964928,25.000000,0
10000,1.663739,25.000000,0
50000,10.377381,25.000000,0
100000,22.273499,25.000000,0
500000,124.271094,25.000000,0
1000000,260.797361,25.000000,0
10000,1.688452,25.000000,0
50000,10.382672,25.000000,0
100000,23.125797,25.000000,0
500000,129.760864,25.000000,0
1000000,268.393457,25.000000,0
10000,1.662749,25.000000,0
50000,10.234043,25.000000,0
100000,22.131470,25.000000,0
500000,122.646642,25.000000,0
1000000,266.394036,25.000000,0
10000,1.931149,25.000000,0
50000,10.536649,25.000000,0
100000,21.869879,25.000000,0
500000,135.399324,25.000000,0
1000000,271.717706,25.000000,0
10000,1.643155,25.000000,0
50000,11.649668,25.000000,0
100000,24.296939,25.000000,0
500000,127.884207,25.000000,0
1000000,264.933668,25.000000,0
10000,1.646231,25.000000,0
50000,10.058234,25.000000,0
100000,22.139825,25.000000,0
500000,129.825386,25.000000,0
1000000,264.060626,25.000000,0
10000,1.757623,25.000000,0
50000,12.384827,25.000000,0
100000,23.907652,25.000000,0
500000,130.666627,25.000000,0
1000000,266.908257,25.000000,0
10000,1.682225,25.000000,0
50000,10.019757,25.000000,0
100000,24.501153,25.000000,0
500000,126.006214,25.000000,0
1000000,274.156041,25.000000,0
10000,1.843436,25.000000,0
50000,10.226057,25.000000,0
100000,23.659560,25.000000,0
500000,125.897759,25.000000,0
1000000,269.447988,25.000000,0
10000,1.657658,25.000000,0
50000,10.207384,25.000000,0
100000,23.634993,25.000000,0
500000,126.940530,25.000000,0
1000000,268.402446,25.000000,0
10000,1.693108,25.000000,0
50000,10.034564,25.000000,0
100000,21.853098,25.000000,0
500000,125.986761,25.000000,0
1000000,269.247163,25.000000,0
10000,1.655266,25.000000,0
50000,11.530458,25.000000,0
100000,23.175618,25.000000,0
500000,123.133817,25.000000,0
1000000,263.527112,25.000000,0
10000,1.728478,25.000000,0
50000,10.994579,25.000000,0
100000,23.354828,25.000000,0
500000,128.761463,25.000000,0
1000000,268.189176,25.000000,0
10000,2.214321,25.000000,0
50000,10.710521,25.000000,0
100000,21.887303,25.000000,0
500000,-583.228222,25.000000,0
1000000,267.618263,25.000000,0
10000,1.734426,25.000000,0
50000,11.152774,25.000000,0
100000,22.215367,25.000000,0
500000,127.329451,25.000000,0
1000000,271.435479,25.000000,0
10000,1.701314,25.000000,0
50000,10.178680,25.000000,0
100000,22.406757,25.000000,0
500000,123.163860,25.000000,0
1000000,270.710762,25.000000,0
10000,1.682071,25.000000,0
50000,11.599468,25.000000,0
100000,22.756418,25.000000,0
500000,121.994590,25.000000,0
1000000,264.976546,25.000000,0
10000,1.678933,25.000000,0
50000,11.298936,25.000000,0
100000,24.107859,25.000000,0
500000,121.754179,25.000000,0
1000000,271.376569,25.000000,0
10000,2.268905,25.000000,0
50000,10.158036,25.000000,0
100000,22.212895,25.000000,0
500000,124.991323,25.000000,0
1000000,268.072515,25.000000,0
10000,2.160220,25.000000,0
50000,11.133745,25.000000,0
100000,25.107954,25.000000,0
500000,123.892669,25.000000,0
1000000,274.764934,25.000000,0
10000,1.670697,25.000000,0
50000,10.353938,25.000000,0
100000,23.659137,25.000000,0
500000,129.761210,25.000000,0
1000000,270.985675,25.000000,0
10000,2.139163,25.000000,0
50000,11.028867,25.000000,0
100000,26.331028,25.000000,0
500000,124.222274,25.000000,0
1000000,268.730228,25.000000,0
10000,1.669182,25.000000,0
50000,10.708827,25.000000,0
100000,22.613289,25.000000,0
500000,129.855726,25.000000,0
1000000,269.261515,25.000000,0
10000,1.934623,25.000000,0
50000,11.163837,25.000000,0
100000,23.382038,25.000000,0
500000,128.232086,25.000000,0
1000000,279.068909,25.000000,0
10000,1.875082,25.000000,0
50000,11.707144,25.000000,0
100000,23.847183,25.000000,0
500000,128.962916,25.000000,0
1000000,261.466398,25.000000,0
10000,1.996558,25.000000,0
50000,11.087271,25.000000,0
100000,24.383440,25.000000,0
500000,130.189316,25.000000,0
1000000,274.107396,25.000000,0
10000,1.980944,25.000000,0
50000,10.884462,25.000000,0
100000,23.156736,25.000000,0
500000,128.879533,25.000000,0
1000000,276.150071,25.000000,0
10000,1.986255,25.000000,0
50000,10.973284,25.000000,0
100000,24.719278,25.000000,0
500000,126.802411,25.000000,0
1000000,277.831674,25.000000,0
10000,1.937068,25.000000,0
50000,11.122983,25.000000,0
100000,24.539090,25.000000,0
500000,131.828158,25.000000,0
1000000,262.829500,25.000000,0
10000,1.662439,25.000000,0
50000,10.987519,25.000000,0
100000,25.017288,25.000000,0
500000,139.893873,25.000000,0
1000000,282.106698,25.000000,0
10000,1.904909,25.000000,0
50000,10.690460,25.000000,0
100000,22.848723,25.000000,0
500000,127.946152,25.000000,0
1000000,267.854225,25.000000,0
10000,1.678176,25.000000,0
50000,10.734029,25.000000,0
100000,25.598238,25.000000,0
500000,130.762931,25.000000,0
1000000,267.912905,25.000000,0
10000,2.044854,25.000000,0
50000,11.559470,25.000000,0
100000,24.392729,25.000000,0
500000,126.905285,25.000000,0
1000000,268.774469,25.000000,0
10000,1.701306,25.000000,0
50000,11.266801,25.000000,0
100000,23.779963,25.000000,0
500000,126.454102,25.000000,0
1000000,272.212738,25.000000,0
10000,1.663249,25.000000,0
50000,10.173207,25.000000,0
100000,22.681928,25.000000,0
500000,124.689102,25.000000,0
1000000,268.694551,25.000000,0
10000,2.114949,25.000000,0
50000,11.597127,25.000000,0
100000,23.608334,25.000000,0
500000,122.580926,25.000000,0
1000000,262.204469,25.000000,0
10000,1.678517,25.000000,0
50000,11.538178,25.000000,0
100000,24.188233,25.000000,0
500000,126.910581,25.000000,0
1000000,263.591251,25.000000,0
10000,1.683542,25.000000,0
50000,10.278321,25.000000,0
100000,22.100552,25.000000,0
500000,123.726335,25.000000,0
1000000,263.005835,25.000000,0
10000,1.688320,25.000000,0
50000,10.201420,25.000000,0
100000,22.143142,25.000000,0
500000,126.365196,25.000000,0
1000000,264.400632,25.000000,0
10000,1.725671,25.000000,0
50000,10.755215,25.000000,0
100000,22.526088,25.000000,0
500000,125.210899,25.000000,0
1000000,265.171275,25.000000,0
10000,1.684903,25.000000,0
50000,10.401483,25.000000,0
100000,22.684955,25.000000,0
500000,120.785017,25.000000,0
1000000,263.988436,25.000000,0
10000,2.035002,25.000000,0
50000,11.140209,25.000000,0
100000,24.380460,25.000000,0
500000,124.100393,25.000000,0
1000000,268.268958,25.000000,0
10000,1.671119,25.000000,0
50000,10.466994,25.000000,0
100000,22.219572,25.000000,0
500000,131.765690,25.000000,0
1000000,268.539187,25.000000,0
10000,1.663106,25.000000,0
50000,10.407153,25.000000,0
100000,22.302194,25.000000,0
500000,121.602850,25.000000,0
1000000,275.954200,25.000000,0
10000,1.682753,25.000000,0
50000,10.158492,25.000000,0
100000,24.006741,25.000000,0
500000,120.620829,25.000000,0
1000000,262.964247,25.000000,0
10000,1.716870,25.000000,0
50000,11.319029,25.000000,0
100000,22.510329,25.000000,0
500000,120.740051,25.000000,0
1000000,268.217124,25.000000,0
10000,1.922675,25.000000,0
50000,10.357482,25.000000,0
100000,21.808054,25.000000,0
500000,126.730724,25.000000,0
1000000,259.506386,25.000000,0
10000,1.673902,50.000000,0
50000,9.422233,50.000000,0
100000,22.030886,50.000000,0
500000,115.563932,50.000000,0
1000000,253.260594,50.000000,0
10000,1.687832,50.000000,0
50000,9.916368,50.000000,0
100000,22.685151,50.000000,0
500000,115.187398,50.000000,0
1000000,259.998280,50.000000,0
10000,1.652419,50.000000,0
50000,10.331088,50.000000,0
100000,23.007447,50.000000,0
500000,117.522019,50.000000,0
1000000,255.378287,50.000000,0
10000,1.848902,50.000000,0
50000,10.213062,50.000000,0
100000,23.345283,50.000000,0
500000,114.791984,50.000000,0
1000000,262.247360,50.000000,0
10000,1.701348,50.000000,0
50000,10.229462,50.000000,0
100000,22.015484,50.000000,0
500000,119.825043,50.000000,0
1000000,256.917324,50.000000,0
10000,1.679493,50.000000,0
50000,9.374917,50.000000,0
100000,21.951463,50.000000,0
500000,115.655761,50.000000,0
1000000,254.668817,50.000000,0
10000,1.816579,50.000000,0
50000,9.213376,50.000000,0
100000,21.862445,50.000000,0
500000,115.521672,50.000000,0
1000000,259.894336,50.000000,0
10000,1.715233,50.000000,0
50000,9.188123,50.000000,0
100000,21.661727,50.000000,0
500000,117.663996,50.000000,0
1000000,256.747846,50.000000,0
10000,1.703344,50.000000,0
50000,10.425208,50.000000,0
100000,27.857504,50.000000,0
500000,117.784591,50.000000,0
1000000,255.993480,50.000000,0
10000,1.710341,50.000000,0
50000,9.388361,50.000000,0
100000,21.802762,50.000000,0
500000,119.703975,50.000000,0
1000000,253.760186,50.000000,0
10000,1.667184,50.000000,0
50000,9.261537,50.000000,0
100000,22.631761,50.000000,0
500000,114.414062,50.000000,0
1000000,256.485625,50.000000,0
10000,1.659981,50.000000,0
50000,9.430220,50.000000,0
100000,22.221304,50.000000,0
500000,115.003366,50.000000,0
1000000,254.476397,50.000000,0
10000,1.709779,50.000000,0
50000,9.209427,50.000000,0
100000,21.696207,50.000000,0
500000,120.937085,50.000000,0
1000000,267.291483,50.000000,0
10000,1.751740,50.000000,0
50000,9.360785,50.000000,0
100000,24.051979,50.000000,0
500000,121.571144,50.000000,0
1000000,266.306077,50.000000,0
10000,1.996306,50.000000,0
50000,10.438412,50.000000,0
100000,24.238853,50.000000,0
500000,114.824320,50.000000,0
1000000,266.979865,50.000000,0
10000,2.040408,50.000000,0
50000,9.103535,50.000000,0
100000,22.589058,50.000000,0
500000,117.088669,50.000000,0
1000000,265.675711,50.000000,0
10000,1.696682,50.000000,0
50000,9.253787,50.000000,0
100000,24.106962,50.000000,0
500000,120.037691,50.000000,0
1000000,266.024415,50.000000,0
10000,1.633275,50.000000,0
50000,10.088311,50.000000,0
100000,21.883803,50.000000,0
500000,123.896289,50.000000,0
1000000,262.533539,50.000000,0
10000,1.929727,50.000000,0
50000,9.332815,50.000000,0
100000,21.982167,50.000000,0
500000,124.121911,50.000000,0
1000000,266.808457,50.000000,0
10000,1.695894,50.000000,0
50000,10.606720,50.000000,0
100000,23.950187,50.000000,0
500000,119.816766,50.000000,0
1000000,262.143666,50.000000,0
10000,1.690135,50.000000,0
50000,9.356519,50.000000,0
100000,23.046158,50.000000,0
500000,117.015957,50.000000,0
1000000,265.629909,50.000000,0
10000,1.694835,50.000000,0
50000,9.650115,50.000000,0
100000,24.804372,50.000000,0
500000,116.029120,50.000000,0
1000000,-400.512565,50.000000,0
10000,1.740037,50.000000,0
50000,9.833324,50.000000,0
100000,22.102658,50.000000,0
500000,119.224065,50.000000,0
1000000,264.493797,50.000000,0
10000,1.648292,50.000000,0
50000,9.395435,50.000000,0
100000,22.098086,50.000000,0
500000,116.439988,50.000000,0
1000000,262.948251,50.000000,0
10000,1.701397,50.000000,0
50000,10.264341,50.000000,0
100000,23.465214,50.000000,0
500000,119.062085,50.000000,0
1000000,262.453274,50.000000,0
10000,1.702492,50.000000,0
50000,9.196580,50.000000,0
100000,22.095568,50.000000,0
500000,120.963145,50.000000,0
1000000,277.952106,50.000000,0
10000,1.731434,50.000000,0
50000,9.843101,50.000000,0
100000,24.887340,50.000000,0
500000,116.458772,50.000000,0
1000000,259.186402,50.000000,0
10000,1.687699,50.000000,0
50000,9.292928,50.000000,0
100000,23.531440,50.000000,0
500000,122.621122,50.000000,0
1000000,260.168628,50.000000,0
10000,1.721726,50.000000,0
50000,9.257961,50.000000,0
100000,21.886318,50.000000,0
500000,122.995165,50.000000,0
1000000,262.842396,50.000000,0
10000,1.649277,50.000000,0
50000,9.414584,50.000000,0
100000,22.160386,50.000000,0
500000,116.724967,50.000000,0
1000000,260.389005,50.000000,0
10000,1.695054,50.000000,0
50000,9.801009,50.000000,0
100000,22.302313,50.000000,0
500000,115.862949,50.000000,0
1000000,254.544948,50.000000,0
10000,1.685305,50.000000,0
50000,9.481497,50.000000,0
100000,21.744741,50.000000,0
500000,115.131112,50.000000,0
1000000,254.489779,50.000000,0
10000,1.700578,50.000000,0
50000,9.802666,50.000000,0
100000,23.375346,50.000000,0
500000,117.679345,50.000000,0
1000000,252.832175,50.000000,0
10000,1.715862,50.000000,0
50000,9.278102,50.000000,0
100000,22.040373,50.000000,0
500000,117.114979,50.000000,0
1000000,261.564683,50.000000,0
10000,1.841461,50.000000,0
50000,9.756100,50.000000,0
100000,22.671078,50.000000,0
500000,118.981380,50.000000,0
1000000,254.631897,50.000000,0
10000,1.723502,50.000000,0
50000,9.185832,50.000000,0
100000,26.004251,50.000000,0
500000,116.581106,50.000000,0
1000000,256.592203,50.000000,0
10000,1.698226,50.000000,0
50000,10.084203,50.000000,0
100000,22.175210,50.000000,0
500000,115.699080,50.000000,0
1000000,255.750506,50.000000,0
10000,1.700118,50.000000,0
50000,9.231495,50.000000,0
100000,22.018206,50.000000,0
500000,116.582959,50.000000,0
1000000,258.983017,50.000000,0
10000,1.709365,50.000000,0
50000,9.168911,50.000000,0
100000,21.701703,50.000000,0
500000,117.891033,50.000000,0
1000000,257.758830,50.000000,0
10000,1.702072,50.000000,0
50000,9.595086,50.000000,0
100000,21.961697,50.000000,0
500000,117.609508,50.000000,0
1000000,257.871213,50.000000,0
10000,1.712700,50.000000,0
50000,10.106974,50.000000,0
100000,22.128533,50.000000,0
500000,114.449176,50.000000,0
1000000,259.714035,50.000000,0
10000,1.675179,50.000000,0
50000,9.234883,50.000000,0
100000,21.909353,50.000000,0
500000,116.404063,50.000000,0
1000000,255.483958,50.000000,0
10000,1.651576,50.000000,0
50000,9.427610,50.000000,0
100000,22.045893,50.000000,0
500000,116.008761,50.000000,0
1000000,266.856812,50.000000,0
10000,1.698762,50.000000,0
50000,9.312665,50.000000,0
100000,21.741170,50.000000,0
500000,116.054402,50.000000,0
1000000,263.941629,50.000000,0
10000,2.706663,50.000000,0
50000,10.214794,50.000000,0
100000,23.777825,50.000000,0
500000,121.439870,50.000000,0
1000000,266.368629,50.000000,0
10000,1.656897,50.000000,0
50000,10.355824,50.000000,0
100000,24.642082,50.000000,0
500000,119.166764,50.000000,0
1000000,273.932267,50.000000,0
10000,1.799210,50.000000,0
50000,9.814919,50.000000,0
100000,22.598411,50.000000,0
500000,120.258774,50.000000,0
1000000,260.913670,50.000000,0
10000,1.698443,50.000000,0
50000,10.123534,50.000000,0
100000,24.794443,50.000000,0
500000,119.275910,50.000000,0
1000000,263.392534,50.000000,0
10000,1.690199,50.000000,0
50000,10.691739,50.000000,0
100000,23.774426,50.000000,0
500000,122.814482,50.000000,0
1000000,262.551876,50.000000,0
10000,1.672029,50.000000,0
50000,10.403100,50.000000,0
100000,24.913491,50.000000,0
500000,119.153485,50.000000,0
1000000,266.584647,50.000000,0
10000,1.688388,50.000000,0
50000,9.348616,50.000000,0
100000,24.234458,50.000000,0
500000,118.993554,50.000000,0
1000000,262.520038,50.000000,0
10000,2.017826,50.000000,0
50000,10.477680,50.000000,0
100000,22.903145,50.000000,0
500000,115.387287,50.000000,0
1000000,255.873861,50.000000,0
10000,1.649254,50.000000,0
50000,9.164857,50.000000,0
100000,21.685230,50.000000,0
500000,118.388031,50.000000,0
1000000,258.467940,50.000000,0
10000,1.709997,50.000000,0
50000,9.325238,50.000000,0
100000,21.784000,50.000000,0
500000,116.450863,50.000000,0
1000000,258.288906,50.000000,0
10000,1.645284,50.000000,0
50000,10.014791,50.000000,0
100000,21.948833,50.000000,0
500000,119.067228,50.000000,0
1000000,259.254995,50.000000,0
10000,1.672806,50.000000,0
50000,9.439284,50.000000,0
100000,21.612445,50.000000,0
500000,119.267820,50.000000,0
1000000,253.856279,50.000000,0
10000,1.638689,50.000000,0
50000,9.814314,50.000000,0
100000,22.657133,50.000000,0
500000,116.720671,50.000000,0
1000000,259.272412,50.000000,0
10000,1.698675,50.000000,0
50000,9.898508,50.000000,0
100000,22.008645,50.000000,0
500000,118.006092,50.000000,0
1000000,271.722380,50.000000,0
10000,1.657546,50.000000,0
50000,9.997505,50.000000,0
100000,22.287447,50.000000,0
500000,114.082188,50.000000,0
1000000,260.479054,50.000000,0
10000,1.661792,50.000000,0
50000,9.368057,50.000000,0
100000,22.126989,50.000000,0
500000,117.041806,50.000000,0
1000000,259.020085,50.000000,0
10000,1.635282,50.000000,0
50000,9.937379,50.000000,0
100000,22.094773,50.000000,0
500000,115.389817,50.000000,0
1000000,258.129525,50.000000,0
10000,1.985683,50.000000,0
50000,9.804956,50.000000,0
100000,22.582833,50.000000,0
500000,119.761289,50.000000,0
1000000,257.155868,50.000000,0
10000,1.644297,50.000000,0
50000,9.380744,50.000000,0
100000,22.738881,50.000000,0
500000,115.601532,50.000000,0
1000000,262.333124,50.000000,0
10000,1.670948,50.000000,0
50000,9.309361,50.000000,0
100000,22.268078,50.000000,0
500000,119.324708,50.000000,0
1000000,254.902447,50.000000,0
10000,1.682909,50.000000,0
50000,9.961010,50.000000,0
100000,24.488673,50.000000,0
500000,117.905734,50.000000,0
1000000,255.806161,50.000000,0
10000,1.660369,50.000000,0
50000,9.606815,50.000000,0
100000,21.676999,50.000000,0
500000,114.772369,50.000000,0
1000000,255.115479,50.000000,0
10000,1.666724,50.000000,0
50000,9.249620,50.000000,0
100000,21.584499,50.000000,0
500000,117.699973,50.000000,0
1000000,268.472111,50.000000,0
10000,1.671154,50.000000,0
50000,9.459771,50.000000,0
100000,23.331097,50.000000,0
500000,123.990949,50.000000,0
1000000,259.822298,50.000000,0
10000,1.829401,50.000000,0
50000,9.588172,50.000000,0
100000,22.072069,50.000000,0
500000,116.227489,50.000000,0
1000000,253.787495,50.000000,0
10000,1.645076,50.000000,0
50000,10.061631,50.000000,0
100000,22.120509,50.000000,0
500000,115.081771,50.000000,0
1000000,260.658939,50.000000,0
10000,2.102227,50.000000,0
50000,9.276506,50.000000,0
100000,22.597308,50.000000,0
500000,115.239342,50.000000,0
1000000,255.750280,50.000000,0
10000,1.666885,50.000000,0
50000,9.390524,50.000000,0
100000,22.038894,50.000000,0
500000,116.879661,50.000000,0
1000000,263.114054,50.000000,0
10000,1.755148,50.000000,0
50000,9.264013,50.000000,0
100000,22.264259,50.000000,0
500000,116.189413,50.000000,0
1000000,268.909510,50.000000,0
10000,1.678118,50.000000,0
50000,9.166319,50.000000,0
100000,21.915637,50.000000,0
500000,125.136790,50.000000,0
1000000,266.540203,50.000000,0
10000,1.723160,50.000000,0
50000,10.140194,50.000000,0
100000,25.861613,50.000000,0
500000,121.270919,50.000000,0
1000000,-400.121224,50.000000,0
10000,1.653577,50.000000,0
50000,9.188271,50.000000,0
100000,23.295505,50.000000,0
500000,120.712759,50.000000,0
1000000,265.074927,50.000000,0
10000,1.825918,50.000000,0
50000,9.831726,50.000000,0
100000,23.348201,50.000000,0
500000,120.920187,50.000000,0
1000000,266.535723,50.000000,0
10000,1.673749,50.000000,0
50000,9.489191,50.000000,0
100000,23.630859,50.000000,0
500000,120.613327,50.000000,0
1000000,261.300843,50.000000,0
10000,1.682752,50.000000,0
50000,9.579356,50.000000,0
100000,22.240413,50.000000,0
500000,117.493656,50.000000,0
1000000,262.209973,50.000000,0
10000,1.787076,50.000000,0
50000,10.406610,50.000000,0
100000,21.833482,50.000000,0
500000,116.964172,50.000000,0
1000000,262.019127,50.000000,0
10000,1.692982,50.000000,0
50000,9.185345,50.000000,0
100000,22.411488,50.000000,0
500000,120.547607,50.000000,0
1000000,265.384642,50.000000,0
10000,2.063158,50.000000,0
50000,10.100147,50.000000,0
100000,24.030049,50.000000,0
500000,118.964618,50.000000,0
1000000,255.693177,50.000000,0
10000,1.697852,50.000000,0
50000,9.145634,50.000000,0
100000,21.859127,50.000000,0
500000,117.160297,50.000000,0
1000000,255.096114,50.000000,0
10000,1.691632,50.000000,0
50000,10.519999,50.000000,0
100000,22.046048,50.000000,0
500000,116.466443,50.000000,0
1000000,257.969408,50.000000,0
10000,1.746120,50.000000,0
50000,9.300360,50.000000,0
100000,22.229013,50.000000,0
500000,114.670346,50.000000,0
1000000,265.061535,50.000000,0
10000,1.694093,50.000000,0
50000,9.182125,50.000000,0
100000,22.418373,50.000000,0
500000,116.804516,50.000000,0
1000000,257.538045,50.000000,0
10000,1.704732,50.000000,0
50000,11.003492,50.000000,0
100000,23.996421,50.000000,0
500000,115.399001,50.000000,0
1000000,255.429757,50.000000,0
10000,1.672528,50.000000,0
50000,9.477586,50.000000,0
100000,22.129274,50.000000,0
500000,115.083805,50.000000,0
1000000,255.620230,50.000000,0
10000,1.643149,50.000000,0
50000,9.879834,50.000000,0
100000,21.594615,50.000000,0
500000,118.463745,50.000000,0
1000000,257.511714,50.000000,0
10000,1.932524,50.000000,0
50000,9.955627,50.000000,0
100000,22.800593,50.000000,0
500000,116.803849,50.000000,0
1000000,253.475117,50.000000,0
10000,1.690554,50.000000,0
50000,9.743608,50.000000,0
100000,24.295206,50.000000,0
500000,116.170586,50.000000,0
1000000,256.121389,50.000000,0
10000,1.683986,50.000000,0
50000,10.214671,50.000000,0
100000,23.974366,50.000000,0
500000,119.145055,50.000000,0
1000000,257.528134,50.000000,0
10000,1.779060,50.000000,0
50000,9.408875,50.000000,0
100000,22.667637,50.000000,0
500000,120.735184,50.000000,0
1000000,260.591627,50.000000,0
10000,1.721753,50.000000,0
50000,9.186658,50.000000,0
100000,21.807604,50.000000,0
500000,123.096819,50.000000,0
1000000,263.434960,50.000000,0
10000,1.677162,50.000000,0
50000,10.379100,50.000000,0
100000,22.091232,50.000000,0
500000,120.742263,50.000000,0
1000000,264.608467,50.000000,0
10000,1.707105,50.000000,0
50000,9.171926,50.000000,0
100000,23.451100,50.000000,0
500000,118.718562,50.000000,0
1000000,254.253775,50.000000,0
10000,1.656530,50.000000,0
50000,9.224798,50.000000,0
100000,24.008093,50.000000,0
500000,121.561214,50.000000,0
1000000,272.814449,50.000000,0
10000,1.695044,50.000000,0
50000,9.523945,50.000000,0
100000,21.838981,50.000000,0
500000,117.684300,50.000000,0
1000000,255.356326,50.000000,0
10000,2.136947,50.000000,0
50000,9.355950,50.000000,0
100000,21.809022,50.000000,0
500000,119.490213,50.000000,0
1000000,257.968198,50.000000,0
10000,1.670447,50.000000,0
50000,9.479704,50.000000,0
100000,24.478945,50.000000,0
500000,116.090396,50.000000,0
1000000,259.693220,50.000000,0
10000,1.618809,75.000000,0
50000,10.496500,75.000000,0
100000,23.407546,75.000000,0
500000,132.549956,75.000000,0
1000000,266.946158,75.000000,0
10000,1.778787,75.000000,0
50000,9.948813,75.000000,0
100000,21.536757,75.000000,0
500000,109.296493,75.000000,0
1000000,266.815968,75.000000,0
10000,1.629900,75.000000,0
50000,8.883544,75.000000,0
100000,21.788509,75.000000,0
500000,107.348280,75.000000,0
1000000,268.081793,75.000000,0
10000,1.653729,75.000000,0
50000,8.832426,75.000000,0
100000,23.107879,75.000000,0
500000,115.102146,75.000000,0
1000000,263.456022,75.000000,0
10000,1.587297,75.000000,0
50000,9.389515,75.000000,0
100000,21.572463,75.000000,0
500000,113.516462,75.000000,0
1000000,275.466529,75.000000,0
10000,1.588412,75.000000,0
50000,8.823126,75.000000,0
100000,21.391643,75.000000,0
500000,107.731110,75.000000,0
1000000,266.142247,75.000000,0
10000,1.963812,75.000000,0
50000,9.698860,75.000000,0
100000,23.785972,75.000000,0
500000,112.866128,75.000000,0
1000000,275.247997,75.000000,0
10000,1.608741,75.000000,0
50000,9.752072,75.000000,0
100000,23.886239,75.000000,0
500000,113.108615,75.000000,0
1000000,262.372391,75.000000,0
10000,2.070208,75.000000,0
50000,9.454649,75.000000,0
100000,22.369674,75.000000,0
500000,115.998926,75.000000,0
1000000,273.231118,75.000000,0
10000,2.007374,75.000000,0
50000,10.290838,75.000000,0
100000,22.936488,75.000000,0
500000,111.611468,75.000000,0
1000000,281.853811,75.000000,0
10000,1.698270,75.000000,0
50000,9.107370,75.000000,0
100000,22.401260,75.000000,0
500000,109.395027,75.000000,0
1000000,268.666657,75.000000,0
10000,1.658613,75.000000,0
50000,9.652472,75.000000,0
100000,21.550445,75.000000,0
500000,115.576341,75.000000,0
1000000,266.979468,75.000000,0
10000,1.894105,75.000000,0
50000,10.263526,75.000000,0
100000,23.268229,75.000000,0
500000,107.829747,75.000000,0
1000000,265.820520,75.000000,0
10000,1.686218,75.000000,0
50000,9.417901,75.000000,0
100000,21.144882,75.000000,0
500000,113.025591,75.000000,0
1000000,268.480107,75.000000,0
10000,1.590285,75.000000,0
50000,10.123691,75.000000,0
100000,23.444345,75.000000,0
500000,107.541197,75.000000,0
1000000,270.455849,75.000000,0
10000,1.710771,75.000000,0
50000,9.950366,75.000000,0
100000,22.964839,75.000000,0
500000,107.995912,75.000000,0
1000000,275.813839,75.000000,0
10000,2.052101,75.000000,0
50000,10.663523,75.000000,0
100000,21.917825,75.000000,0
500000,114.750148,75.000000,0
1000000,268.625712,75.000000,0
10000,1.599852,75.000000,0
50000,9.442619,75.000000,0
100000,21.801397,75.000000,0
500000,116.585398,75.000000,0
1000000,270.759572,75.000000,0
10000,2.224954,75.000000,0
50000,10.105161,75.000000,0
100000,23.777426,75.000000,0
500000,113.752909,75.000000,0
1000000,268.205773,75.000000,0
10000,1.609797,75.000000,0
50000,9.070434,75.000000,0
100000,21.816509,75.000000,0
500000,114.487786,75.000000,0
1000000,273.217234,75.000000,0
10000,1.859674,75.000000,0
50000,9.845206,75.000000,0
100000,23.186272,75.000000,0
500000,113.887492,75.000000,0
1000000,269.959940,75.000000,0
10000,1.925311,75.000000,0
50000,8.996203,75.000000,0
100000,21.265852,75.000000,0
500000,113.500636,75.000000,0
1000000,266.999808,75.000000,0
10000,1.843734,75.000000,0
50000,10.359009,75.000000,0
100000,24.161301,75.000000,0
500000,115.793434,75.000000,0
1000000,266.584788,75.000000,0
10000,1.748843,75.000000,0
50000,9.394944,75.000000,0
100000,21.511550,75.000000,0
500000,113.169348,75.000000,0
1000000,269.820211,75.000000,0
10000,1.729601,75.000000,0
50000,10.358925,75.000000,0
100000,21.269295,75.000000,0
500000,112.434124,75.000000,0
1000000,265.354309,75.000000,0
10000,1.578323,75.000000,0
50000,9.439166,75.000000,0
100000,22.533272,75.000000,0
500000,109.495341,75.000000,0
1000000,263.950648,75.000000,0
10000,1.590312,75.000000,0
50000,9.380190,75.000000,0
100000,21.247804,75.000000,0
500000,110.262029,75.000000,0
1000000,264.609774,75.000000,0
10000,1.612541,75.000000,0
50000,8.844438,75.000000,0
100000,24.051621,75.000000,0
500000,109.475222,75.000000,0
1000000,266.009550,75.000000,0
10000,1.622505,75.000000,0
50000,8.864078,75.000000,0
100000,21.745291,75.000000,0
500000,107.986048,75.000000,0
1000000,273.990766,75.000000,0
10000,1.885534,75.000000,0
50000,9.357339,75.000000,0
100000,22.543395,75.000000,0
500000,116.139218,75.000000,0
1000000,270.414991,75.000000,0
10000,1.749303,75.000000,0
50000,8.982598,75.000000,0
100000,23.558376,75.000000,0
500000,116.706236,75.000000,0
1000000,276.323933,75.000000,0
10000,1.647169,75.000000,0
50000,9.536563,75.000000,0
100000,24.043123,75.000000,0
500000,115.447683,75.000000,0
1000000,273.051093,75.000000,0
10000,2.170883,75.000000,0
50000,9.686705,75.000000,0
100000,22.538036,75.000000,0
500000,113.171558,75.000000,0
1000000,270.823622,75.000000,0
10000,1.629144,75.000000,0
50000,8.908322,75.000000,0
100000,24.549200,75.000000,0
500000,112.780189,75.000000,0
1000000,277.316310,75.000000,0
10000,1.604183,75.000000,0
50000,9.730009,75.000000,0
100000,22.120726,75.000000,0
500000,114.126755,75.000000,0
1000000,282.639649,75.000000,0
10000,1.773815,75.000000,0
50000,9.568861,75.000000,0
100000,22.064874,75.000000,0
500000,112.879458,75.000000,0
1000000,262.489426,75.000000,0
10000,1.866773,75.000000,0
50000,9.816860,75.000000,0
100000,22.291263,75.000000,0
500000,112.810807,75.000000,0
1000000,269.170969,75.000000,0
10000,1.579718,75.000000,0
50000,8.828529,75.000000,0
100000,23.194515,75.000000,0
500000,107.733213,75.000000,0
1000000,277.455923,75.000000,0
10000,2.094741,75.000000,0
50000,9.762971,75.000000,0
100000,23.276945,75.000000,0
500000,111.947387,75.000000,0
1000000,262.059668,75.000000,0
10000,1.624708,75.000000,0
50000,9.012305,75.000000,0
100000,21.418253,75.000000,0
500000,113.742464,75.000000,0
1000000,273.011793,75.000000,0
10000,1.748425,75.000000,0
50000,10.562786,75.000000,0
100000,23.491807,75.000000,0
500000,106.577382,75.000000,0
1000000,272.969037,75.000000,0
10000,1.652717,75.000000,0
50000,8.894561,75.000000,0
100000,21.259121,75.000000,0
500000,108.668203,75.000000,0
1000000,277.691987,75.000000,0
10000,1.592925,75.000000,0
50000,8.872311,75.000000,0
100000,22.117703,75.000000,0
500000,112.114814,75.000000,0
1000000,275.609355,75.000000,0
10000,1.605752,75.000000,0
50000,8.821490,75.000000,0
100000,21.242109,75.000000,0
500000,114.357469,75.000000,0
1000000,277.929675,75.000000,0
10000,1.618499,75.000000,0
50000,8.861090,75.000000,0
100000,23.139121,75.000000,0
500000,112.833036,75.000000,0
1000000,266.437092,75.000000,0
10000,1.751055,75.000000,0
50000,9.177084,75.000000,0
100000,21.785090,75.000000,0
500000,117.141426,75.000000,0
1000000,266.128151,75.000000,0
10000,2.122260,75.000000,0
50000,9.613820,75.000000,0
100000,23.365504,75.000000,0
500000,112.053535,75.000000,0
1000000,272.799672,75.000000,0
10000,1.821740,75.000000,0
50000,9.717154,75.000000,0
100000,23.332393,75.000000,0
500000,116.489477,75.000000,0
1000000,272.455006,75.000000,0
10000,1.642057,75.000000,0
50000,8.937106,75.000000,0
100000,29.803246,75.000000,0
500000,118.381284,75.000000,0
1000000,281.546822,75.000000,0
10000,1.874510,75.000000,0
50000,9.628545,75.000000,0
100000,23.781593,75.000000,0
500000,107.928258,75.000000,0
1000000,273.422224,75.000000,0
10000,1.569632,75.000000,0
50000,9.623775,75.000000,0
100000,23.221576,75.000000,0
500000,114.376069,75.000000,0
1000000,268.030841,75.000000,0
10000,1.572744,75.000000,0
50000,8.982828,75.000000,0
100000,23.032292,75.000000,0
500000,112.158165,75.000000,0
1000000,266.782951,75.000000,0
10000,1.646806,75.000000,0
50000,9.374207,75.000000,0
100000,21.379393,75.000000,0
500000,111.184053,75.000000,0
1000000,274.696484,75.000000,0
10000,1.631918,75.000000,0
50000,8.835095,75.000000,0
100000,21.639743,75.000000,0
500000,112.182922,75.000000,0
1000000,265.957046,75.000000,0
10000,1.598801,75.000000,0
50000,8.899017,75.000000,0
100000,21.502776,75.000000,0
500000,110.316206,75.000000,0
1000000,277.466830,75.000000,0
10000,2.316690,75.000000,0
50000,9.798517,75.000000,0
100000,23.419712,75.000000,0
500000,108.454180,75.000000,0
1000000,280.231771,75.000000,0
10000,1.585296,75.000000,0
50000,9.295215,75.000000,0
100000,21.092062,75.000000,0
500000,110.689006,75.000000,0
1000000,271.065756,75.000000,0
10000,1.666314,75.000000,0
50000,9.117126,75.000000,0
100000,24.040985,75.000000,0
500000,116.439713,75.000000,0
1000000,265.239747,75.000000,0
10000,1.616510,75.000000,0
50000,9.012303,75.000000,0
100000,21.296329,75.000000,0
500000,111.702319,75.000000,0
1000000,282.426150,75.000000,0
10000,1.587592,75.000000,0
50000,9.676611,75.000000,0
100000,21.809355,75.000000,0
500000,110.882170,75.000000,0
1000000,271.178591,75.000000,0
10000,1.717564,75.000000,0
50000,8.969817,75.000000,0
100000,21.376522,75.000000,0
500000,109.890937,75.000000,0
1000000,276.152235,75.000000,0
10000,1.572144,75.000000,0
50000,10.506143,75.000000,0
100000,21.204204,75.000000,0
500000,110.942936,75.000000,0
1000000,264.632178,75.000000,0
10000,1.682166,75.000000,0
50000,9.941577,75.000000,0
100000,23.149507,75.000000,0
500000,113.861999,75.000000,0
1000000,265.894523,75.000000,0
10000,1.598284,75.000000,0
50000,9.473775,75.000000,0
100000,23.118660,75.000000,0
500000,112.813515,75.000000,0
1000000,265.808021,75.000000,0
10000,1.594958,75.000000,0
50000,9.152212,75.000000,0
100000,21.232247,75.000000,0
500000,113.764580,75.000000,0
1000000,270.167709,75.000000,0
10000,1.582007,75.000000,0
50000,9.319567,75.000000,0
100000,21.846124,75.000000,0
500000,112.584091,75.000000,0
1000000,268.178928,75.000000,0
10000,1.592911,75.000000,0
50000,9.421733,75.000000,0
100000,24.388308,75.000000,0
500000,115.912081,75.000000,0
1000000,271.094934,75.000000,0
10000,1.938099,75.000000,0
50000,9.608023,75.000000,0
100000,23.603578,75.000000,0
500000,109.476008,75.000000,0
1000000,274.011969,75.000000,0
10000,1.717820,75.000000,0
50000,10.141086,75.000000,0
100000,22.210966,75.000000,0
500000,108.589647,75.000000,0
1000000,268.146212,75.000000,0
10000,1.875579,75.000000,0
50000,9.244339,75.000000,0
100000,22.392677,75.000000,0
500000,113.751157,75.000000,0
1000000,263.022829,75.000000,0
10000,1.588451,75.000000,0
50000,8.987680,75.000000,0
100000,21.245357,75.000000,0
500000,113.061061,75.000000,0
1000000,270.090881,75.000000,0
10000,1.670648,75.000000,0
50000,10.175518,75.000000,0
100000,23.354394,75.000000,0
500000,117.321871,75.000000,0
1000000,274.151238,75.000000,0
10000,1.738653,75.000000,0
50000,9.676525,75.000000,0
100000,21.766812,75.000000,0
500000,110.711557,75.000000,0
1000000,-405.642824,75.000000,0
10000,1.780793,75.000000,0
50000,9.757791,75.000000,0
100000,24.085616,75.000000,0
500000,112.524251,75.000000,0
1000000,275.300746,75.000000,0
10000,1.595114,75.000000,0
50000,8.874116,75.000000,0
100000,21.363084,75.000000,0
500000,110.811529,75.000000,0
1000000,273.242714,75.000000,0
10000,1.582460,75.000000,0
50000,9.382398,75.000000,0
100000,24.018082,75.000000,0
500000,114.064066,75.000000,0
1000000,263.622259,75.000000,0
10000,1.796891,75.000000,0
50000,10.036746,75.000000,0
100000,21.891362,75.000000,0
500000,107.350438,75.000000,0
1000000,274.512801,75.000000,0
10000,1.696313,75.000000,0
50000,9.321970,75.000000,0
100000,23.293120,75.000000,0
500000,112.508662,75.000000,0
1000000,279.585298,75.000000,0
10000,2.065454,75.000000,0
50000,9.814195,75.000000,0
100000,24.130180,75.000000,0
500000,117.404837,75.000000,0
1000000,272.798622,75.000000,0
10000,1.769813,75.000000,0
50000,8.794571,75.000000,0
100000,21.095367,75.000000,0
500000,114.356406,75.000000,0
1000000,266.412076,75.000000,0
10000,1.632195,75.000000,0
50000,10.380764,75.000000,0
100000,23.727144,75.000000,0
500000,113.395847,75.000000,0
1000000,273.384577,75.000000,0
10000,1.794537,75.000000,0
50000,9.744950,75.000000,0
100000,21.940364,75.000000,0
500000,115.935352,75.000000,0
1000000,271.772783,75.000000,0
10000,1.603112,75.000000,0
50000,8.964503,75.000000,0
100000,21.972861,75.000000,0
500000,110.752824,75.000000,0
1000000,266.407325,75.000000,0
10000,1.642896,75.000000,0
50000,9.351340,75.000000,0
100000,21.584468,75.000000,0
500000,108.660764,75.000000,0
1000000,270.475031,75.000000,0
10000,1.791869,75.000000,0
50000,8.786573,75.000000,0
100000,23.565246,75.000000,0
500000,108.129227,75.000000,0
1000000,267.228661,75.000000,0
10000,1.779331,75.000000,0
50000,8.917963,75.000000,0
100000,23.586750,75.000000,0
500000,108.900745,75.000000,0
1000000,274.007095,75.000000,0
10000,1.770180,75.000000,0
50000,9.124511,75.000000,0
100000,21.127293,75.000000,0
500000,113.695191,75.000000,0
1000000,273.181052,75.000000,0
10000,1.624163,75.000000,0
50000,9.161912,75.000000,0
100000,22.788403,75.000000,0
500000,109.573444,75.000000,0
1000000,276.495833,75.000000,0
10000,1.602670,75.000000,0
50000,9.000645,75.000000,0
100000,22.323668,75.000000,0
500000,110.415134,75.000000,0
1000000,268.701299,75.000000,0
10000,1.663630,75.000000,0
50000,10.046389,75.000000,0
100000,23.002690,75.000000,0
500000,110.754334,75.000000,0
1000000,270.771102,75.000000,0
10000,1.599956,75.000000,0
50000,9.245792,75.000000,0
100000,23.041270,75.000000,0
500000,110.339375,75.000000,0
1000000,277.883834,75.000000,0
10000,1.588820,75.000000,0
50000,9.056835,75.000000,0
100000,23.470302,75.000000,0
500000,111.357245,75.000000,0
1000000,265.810026,75.000000,0
10000,1.651103,75.000000,0
50000,9.329649,75.000000,0
100000,21.244722,75.000000,0
500000,109.640707,75.000000,0
1000000,270.622384,75.000000,0
10000,1.638442,75.000000,0
50000,9.778488,75.000000,0
100000,21.127907,75.000000,0
500000,118.851995,75.000000,0
1000000,263.741432,75.000000,0
10000,1.581124,75.000000,0
50000,9.814272,75.000000,0
100000,21.245429,75.000000,0
500000,108.902344,75.000000,0
1000000,280.444071,75.000000,0
10000,1.623477,75.000000,0
50000,10.244340,75.000000,0
100000,23.397338,75.000000,0
500000,132.373280,75.000000,0
1000000,278.574558,75.000000,0
10000,1.627359,75.000000,0
50000,10.119853,75.000000,0
100000,22.656197,75.000000,0
500000,112.514619,75.000000,0
1000000,270.270610,75.000000,0
10000,2.172052,75.000000,0
50000,9.856549,75.000000,0
100000,23.987876,75.000000,0
500000,111.406119,75.000000,0
1000000,270.658447,75.000000,0
10000,1.635154,75.000000,0
50000,9.870149,75.000000,0
100000,22.885889,75.000000,0
500000,111.718887,75.000000,0
1000000,277.896593,75.000000,0
10000,1.657162,75.000000,0
50000,8.933565,75.000000,0
100000,21.340258,75.000000,0
500000,109.880522,75.000000,0
1000000,266.283445,75.000000,0
10000,1.802192,95.000000,0
50000,10.579513,95.000000,0
100000,21.435094,95.000000,0
500000,112.088582,95.000000,0
1000000,268.808958,95.000000,0
10000,1.623048,95.000000,0
50000,10.898811,95.000000,0
100000,21.195893,95.000000,0
500000,114.193849,95.000000,0
1000000,259.996294,95.000000,0
10000,1.643480,95.000000,0
50000,10.116057,95.000000,0
100000,20.826045,95.000000,0
500000,113.342385,95.000000,0
1000000,265.102788,95.000000,0
10000,1.654879,95.000000,0
50000,9.623450,95.000000,0
100000,21.021912,95.000000,0
500000,110.164854,95.000000,0
1000000,273.159187,95.000000,0
10000,1.654346,95.000000,0
50000,10.263952,95.000000,0
100000,21.158903,95.000000,0
500000,110.339217,95.000000,0
1000000,267.839297,95.000000,0
10000,1.696080,95.000000,0
50000,10.594219,95.000000,0
100000,22.783540,95.000000,0
500000,110.008518,95.000000,0
1000000,270.912329,95.000000,0
10000,1.627073,95.000000,0
50000,10.500037,95.000000,0
100000,22.833979,95.000000,0
500000,111.815835,95.000000,0
1000000,269.442377,95.000000,0
10000,2.252999,95.000000,0
50000,10.663187,95.000000,0
100000,22.746690,95.000000,0
500000,116.667327,95.000000,0
1000000,272.000716,95.000000,0
10000,1.686022,95.000000,0
50000,10.467226,95.000000,0
100000,23.041350,95.000000,0
500000,110.555753,95.000000,0
1000000,272.689733,95.000000,0
10000,1.819324,95.000000,0
50000,10.792645,95.000000,0
100000,21.467737,95.000000,0
500000,113.172520,95.000000,0
1000000,270.381659,95.000000,0
10000,1.807296,95.000000,0
50000,10.835452,95.000000,0
100000,22.790332,95.000000,0
500000,115.082140,95.000000,0
1000000,273.884833,95.000000,0
10000,1.837893,95.000000,0
50000,10.706054,95.000000,0
100000,22.957062,95.000000,0
500000,111.354356,95.000000,0
1000000,271.124448,95.000000,0
10000,1.637043,95.000000,0
50000,10.713425,95.000000,0
100000,23.219087,95.000000,0
500000,112.325018,95.000000,0
1000000,263.145784,95.000000,0
10000,1.666165,95.000000,0
50000,9.793531,95.000000,0
100000,21.162481,95.000000,0
500000,113.126827,95.000000,0
1000000,265.654194,95.000000,0
10000,1.680588,95.000000,0
50000,9.916532,95.000000,0
100000,20.730233,95.000000,0
500000,111.383374,95.000000,0
1000000,267.522010,95.000000,0
10000,1.681807,95.000000,0
50000,9.923689,95.000000,0
100000,21.285921,95.000000,0
500000,112.992768,95.000000,0
1000000,267.201812,95.000000,0
10000,1.708049,95.000000,0
50000,9.966588,95.000000,0
100000,20.734718,95.000000,0
500000,108.881225,95.000000,0
1000000,280.007120,95.000000,0
10000,1.641761,95.000000,0
50000,10.002908,95.000000,0
100000,21.975013,95.000000,0
500000,109.353517,95.000000,0
1000000,269.868319,95.000000,0
10000,1.663156,95.000000,0
50000,9.764132,95.000000,0
100000,21.129673,95.000000,0
500000,111.692866,95.000000,0
1000000,-420.538266,95.000000,0
10000,1.704532,95.000000,0
50000,9.798515,95.000000,0
100000,20.811366,95.000000,0
500000,110.913230,95.000000,0
1000000,261.656914,95.000000,0
10000,1.661486,95.000000,0
50000,10.011133,95.000000,0
100000,21.290533,95.000000,0
500000,109.800778,95.000000,0
1000000,264.666914,95.000000,0
10000,1.629438,95.000000,0
50000,9.857937,95.000000,0
100000,21.009283,95.000000,0
500000,112.249708,95.000000,0
1000000,265.067674,95.000000,0
10000,1.667256,95.000000,0
50000,10.186342,95.000000,0
100000,20.836130,95.000000,0
500000,109.654427,95.000000,0
1000000,264.913517,95.000000,0
10000,1.818098,95.000000,0
50000,10.253039,95.000000,0
100000,25.916321,95.000000,0
500000,118.584768,95.000000,0
1000000,267.883747,95.000000,0
10000,1.620793,95.000000,0
50000,10.122425,95.000000,0
100000,20.761497,95.000000,0
500000,112.724857,95.000000,0
1000000,260.689617,95.000000,0
10000,1.659021,95.000000,0
50000,9.871216,95.000000,0
100000,20.966453,95.000000,0
500000,111.934353,95.000000,0
1000000,260.803717,95.000000,0
10000,1.781232,95.000000,0
50000,10.226995,95.000000,0
100000,22.269541,95.000000,0
500000,111.231037,95.000000,0
1000000,263.384345,95.000000,0
10000,2.067096,95.000000,0
50000,10.485614,95.000000,0
100000,21.240469,95.000000,0
500000,115.714234,95.000000,0
1000000,287.626934,95.000000,0
10000,1.685331,95.000000,0
50000,11.222443,95.000000,0
100000,21.277480,95.000000,0
500000,114.163297,95.000000,0
1000000,272.595978,95.000000,0
10000,1.683438,95.000000,0
50000,10.390215,95.000000,0
100000,21.113441,95.000000,0
500000,114.080919,95.000000,0
1000000,273.409240,95.000000,0
10000,1.821710,95.000000,0
50000,9.922966,95.000000,0
100000,21.707210,95.000000,0
500000,109.844632,95.000000,0
1000000,271.634275,95.000000,0
10000,1.638112,95.000000,0
50000,9.819180,95.000000,0
100000,20.936448,95.000000,0
500000,110.299937,95.000000,0
1000000,278.791825,95.000000,0
10000,1.654910,95.000000,0
50000,9.913424,95.000000,0
100000,23.305205,95.000000,0
500000,116.085385,95.000000,0
1000000,275.683087,95.000000,0
10000,1.715804,95.000000,0
50000,10.122700,95.000000,0
100000,21.968202,95.000000,0
500000,119.887940,95.000000,0
1000000,268.845391,95.000000,0
10000,1.646362,95.000000,0
50000,9.851769,95.000000,0
100000,20.911325,95.000000,0
500000,114.455314,95.000000,0
1000000,279.101403,95.000000,0
10000,1.632632,95.000000,0
50000,10.751911,95.000000,0
100000,21.287696,95.000000,0
500000,112.736290,95.000000,0
1000000,264.938509,95.000000,0
10000,1.625070,95.000000,0
50000,9.711618,95.000000,0
100000,20.834290,95.000000,0
500000,110.433085,95.000000,0
1000000,272.587067,95.000000,0
10000,1.962475,95.000000,0
50000,10.771798,95.000000,0
100000,21.936369,95.000000,0
500000,110.540966,95.000000,0
1000000,273.277515,95.000000,0
10000,1.953178,95.000000,0
50000,10.264930,95.000000,0
100000,22.916591,95.000000,0
500000,110.639069,95.000000,0
1000000,265.111873,95.000000,0
10000,1.631288,95.000000,0
50000,9.990221,95.000000,0
100000,20.736906,95.000000,0
500000,113.699783,95.000000,0
1000000,261.813548,95.000000,0
10000,1.694931,95.000000,0
50000,9.920964,95.000000,0
100000,21.204770,95.000000,0
500000,113.946834,95.000000,0
1000000,268.634658,95.000000,0
10000,1.645757,95.000000,0
50000,10.180729,95.000000,0
100000,21.564990,95.000000,0
500000,112.945288,95.000000,0
1000000,265.142852,95.000000,0
10000,2.116216,95.000000,0
50000,9.785491,95.000000,0
100000,21.009231,95.000000,0
500000,111.609251,95.000000,0
1000000,261.256766,95.000000,0
10000,1.633622,95.000000,0
50000,9.776648,95.000000,0
100000,21.149884,95.000000,0
500000,118.372786,95.000000,0
1000000,273.548234,95.000000,0
10000,1.680098,95.000000,0
50000,9.739470,95.000000,0
100000,21.125202,95.000000,0
500000,111.956231,95.000000,0
1000000,269.395482,95.000000,0
10000,1.656423,95.000000,0
50000,9.913049,95.000000,0
100000,20.771829,95.000000,0
500000,111.465080,95.000000,0
1000000,267.870181,95.000000,0
10000,1.663487,95.000000,0
50000,9.705819,95.000000,0
100000,21.378049,95.000000,0
500000,116.754646,95.000000,0
1000000,274.229468,95.000000,0
10000,1.635963,95.000000,0
50000,10.823629,95.000000,0
100000,20.643406,95.000000,0
500000,113.331565,95.000000,0
1000000,267.480772,95.000000,0
10000,1.772046,95.000000,0
50000,10.439106,95.000000,0
100000,21.169422,95.000000,0
500000,109.938467,95.000000,0
1000000,265.441705,95.000000,0
10000,1.668980,95.000000,0
50000,9.880512,95.000000,0
100000,21.516614,95.000000,0
500000,113.217843,95.000000,0
1000000,266.223429,95.000000,0
10000,1.634915,95.000000,0
50000,9.763937,95.000000,0
100000,21.426619,95.000000,0
500000,109.383640,95.000000,0
1000000,268.050576,95.000000,0
10000,1.686063,95.000000,0
50000,10.014913,95.000000,0
100000,20.845913,95.000000,0
500000,112.339050,95.000000,0
1000000,266.566486,95.000000,0
10000,1.657235,95.000000,0
50000,9.899546,95.000000,0
100000,22.352507,95.000000,0
500000,113.871449,95.000000,0
1000000,272.373527,95.000000,0
10000,1.644832,95.000000,0
50000,9.833483,95.000000,0
100000,21.420234,95.000000,0
500000,112.678695,95.000000,0
1000000,263.236641,95.000000,0
10000,1.680896,95.000000,0
50000,10.014459,95.000000,0
100000,21.319168,95.000000,0
500000,109.380060,95.000000,0
1000000,262.064122,95.000000,0
10000,1.678553,95.000000,0
50000,9.630738,95.000000,0
100000,21.872832,95.000000,0
500000,109.887774,95.000000,0
1000000,260.189814,95.000000,0
10000,1.626366,95.000000,0
50000,9.692052,95.000000,0
100000,21.215026,95.000000,0
500000,109.797023,95.000000,0
1000000,270.214714,95.000000,0
10000,1.669321,95.000000,0
50000,9.722009,95.000000,0
100000,20.932914,95.000000,0
500000,109.603263,95.000000,0
1000000,275.176129,95.000000,0
10000,1.612478,95.000000,0
50000,10.729965,95.000000,0
100000,23.013540,95.000000,0
500000,116.099549,95.000000,0
1000000,274.413119,95.000000,0
10000,1.715315,95.000000,0
50000,9.696759,95.000000,0
100000,23.090103,95.000000,0
500000,112.741873,95.000000,0
1000000,275.506715,95.000000,0
10000,1.640827,95.000000,0
50000,9.981454,95.000000,0
100000,20.744475,95.000000,0
500000,112.453200,95.000000,0
1000000,268.324465,95.000000,0
10000,1.673189,95.000000,0
50000,9.708653,95.000000,0
100000,21.364442,95.000000,0
500000,114.387224,95.000000,0
1000000,273.913166,95.000000,0
10000,1.689217,95.000000,0
50000,11.507655,95.000000,0
100000,22.927608,95.000000,0
500000,114.506038,95.000000,0
1000000,273.893683,95.000000,0
10000,1.641933,95.000000,0
50000,9.790294,95.000000,0
100000,20.749993,95.000000,0
500000,112.730842,95.000000,0
1000000,261.101067,95.000000,0
10000,1.641165,95.000000,0
50000,10.023037,95.000000,0
100000,21.315112,95.000000,0
500000,112.605570,95.000000,0
1000000,265.527175,95.000000,0
10000,1.703361,95.000000,0
50000,9.702533,95.000000,0
100000,21.461967,95.000000,0
500000,112.114469,95.000000,0
1000000,264.850046,95.000000,0
10000,1.687281,95.000000,0
50000,9.902021,95.000000,0
100000,21.299477,95.000000,0
500000,110.312814,95.000000,0
1000000,261.501700,95.000000,0
10000,1.680852,95.000000,0
50000,9.919573,95.000000,0
100000,21.339512,95.000000,0
500000,109.563488,95.000000,0
1000000,267.570016,95.000000,0
10000,1.761250,95.000000,0
50000,10.044464,95.000000,0
100000,21.112872,95.000000,0
500000,108.609343,95.000000,0
1000000,264.684956,95.000000,0
10000,1.653950,95.000000,0
50000,11.382225,95.000000,0
100000,22.979411,95.000000,0
500000,111.258290,95.000000,0
1000000,264.135707,95.000000,0
10000,1.705372,95.000000,0
50000,9.911440,95.000000,0
100000,20.524854,95.000000,0
500000,113.311719,95.000000,0
1000000,261.815680,95.000000,0
10000,1.636432,95.000000,0
50000,9.715509,95.000000,0
100000,23.052756,95.000000,0
500000,110.699681,95.000000,0
1000000,266.982721,95.000000,0
10000,1.644465,95.000000,0
50000,10.109143,95.000000,0
100000,21.673095,95.000000,0
500000,110.467041,95.000000,0
1000000,260.668360,95.000000,0
10000,1.663414,95.000000,0
50000,9.639501,95.000000,0
100000,20.838957,95.000000,0
500000,109.959984,95.000000,0
1000000,274.759891,95.000000,0
10000,1.642544,95.000000,0
50000,9.839113,95.000000,0
100000,23.655315,95.000000,0
500000,109.447848,95.000000,0
1000000,265.001390,95.000000,0
10000,1.676508,95.000000,0
50000,9.770969,95.000000,0
100000,21.222012,95.000000,0
500000,112.683557,95.000000,0
1000000,267.209105,95.000000,0
10000,2.049658,95.000000,0
50000,9.587274,95.000000,0
100000,23.529446,95.000000,0
500000,109.517116,95.000000,0
1000000,288.594600,95.000000,0
10000,1.659385,95.000000,0
50000,10.192477,95.000000,0
100000,21.246290,95.000000,0
500000,110.414061,95.000000,0
1000000,263.927590,95.000000,0
10000,1.667199,95.000000,0
50000,9.996526,95.000000,0
100000,22.862878,95.000000,0
500000,112.767824,95.000000,0
1000000,267.492652,95.000000,0
10000,1.684261,95.000000,0
50000,9.960709,95.000000,0
100000,21.192430,95.000000,0
500000,110.601941,95.000000,0
1000000,264.553161,95.000000,0
10000,1.722823,95.000000,0
50000,9.822993,95.000000,0
100000,21.226967,95.000000,0
500000,113.248001,95.000000,0
1000000,269.256517,95.000000,0
10000,1.640455,95.000000,0
50000,9.760618,95.000000,0
100000,21.008493,95.000000,0
500000,110.312608,95.000000,0
1000000,264.770675,95.000000,0
10000,1.645276,95.000000,0
50000,10.222907,95.000000,0
100000,21.323467,95.000000,0
500000,110.762851,95.000000,0
1000000,266.578519,95.000000,0
10000,1.906679,95.000000,0
50000,10.553365,95.000000,0
100000,21.439372,95.000000,0
500000,112.934139,95.000000,0
1000000,276.936884,95.000000,0
10000,1.661636,95.000000,0
50000,10.011728,95.000000,0
100000,23.987981,95.000000,0
500000,115.358073,95.000000,0
1000000,279.627028,95.000000,0
10000,1.638391,95.000000,0
50000,11.088194,95.000000,0
100000,22.653808,95.000000,0
500000,117.969460,95.000000,0
1000000,273.273229,95.000000,0
10000,1.653439,95.000000,0
50000,9.752483,95.000000,0
100000,21.604101,95.000000,0
500000,214.216411,95.000000,0
1000000,278.848545,95.000000,0
10000,2.233388,95.000000,0
50000,12.913774,95.000000,0
100000,23.513131,95.000000,0
500000,109.651301,95.000000,0
1000000,269.644929,95.000000,0
10000,1.646004,95.000000,0
50000,9.850821,95.000000,0
100000,22.349244,95.000000,0
500000,113.500460,95.000000,0
1000000,282.423263,95.000000,0
10000,2.495668,95.000000,0
50000,10.875360,95.000000,0
100000,23.969838,95.000000,0
500000,115.649474,95.000000,0
1000000,277.342582,95.000000,0
10000,1.685578,95.000000,0
50000,10.465833,95.000000,0
100000,21.198037,95.000000,0
500000,114.802398,95.000000,0
1000000,276.536422,95.000000,0
10000,1.693751,95.000000,0
50000,9.697101,95.000000,0
100000,22.254808,95.000000,0
500000,114.631804,95.000000,0
1000000,280.503663,95.000000,0
10000,1.693823,95.000000,0
50000,9.830771,95.000000,0
100000,20.859915,95.000000,0
500000,119.650523,95.000000,0
1000000,273.001109,95.000000,0
10000,1.688972,95.000000,0
50000,11.007208,95.000000,0
100000,21.272745,95.000000,0
500000,114.279726,95.000000,0
1000000,279.624475,95.000000,0
10000,1.757772,95.000000,0
50000,10.324388,95.000000,0
100000,28.577257,95.000000,0
500000,116.122245,95.000000,0
1000000,284.864034,95.000000,0
10000,1.879086,95.000000,0
50000,11.389733,95.000000,0
100000,21.660858,95.000000,0
500000,112.016637,95.000000,0
1000000,261.228296,95.000000,0
10000,1.687454,95.000000,0
50000,10.037304,95.000000,0
100000,21.540898,95.000000,0
500000,113.311669,95.000000,0
1000000,266.262622,95.000000,0
10000,1.649594,95.000000,0
50000,9.811175,95.000000,0
100000,21.002816,95.000000,0
500000,115.203276,95.000000,0
1000000,271.710344,95.000000,0
10000,1.671272,95.000000,0
50000,10.231921,95.000000,0
100000,22.124202,95.000000,0
500000,117.202888,95.000000,0
1000000,319.581528,95.000000,0
10000,1.988002,95.000000,0
50000,10.842065,95.000000,0
100000,22.672654,95.000000,0
500000,116.663026,95.000000,0
1000000,266.122006,95.000000,0
10000,1.596564,99.000000,0
50000,10.090727,99.000000,0
100000,20.709131,99.000000,0
500000,118.526247,99.000000,0
1000000,240.622437,99.000000,0
10000,1.606550,99.000000,0
50000,11.103361,99.000000,0
100000,22.001883,99.000000,0
500000,120.705235,99.000000,0
1000000,240.221059,99.000000,0
10000,1.635735,99.000000,0
50000,11.686957,99.000000,0
100000,24.823820,99.000000,0
500000,133.103116,99.000000,0
1000000,238.552247,99.000000,0
10000,1.582861,99.000000,0
50000,10.230599,99.000000,0
100000,21.494525,99.000000,0
500000,135.909563,99.000000,0
1000000,241.606044,99.000000,0
10000,1.739138,99.000000,0
50000,10.838053,99.000000,0
100000,21.496131,99.000000,0
500000,130.319131,99.000000,0
1000000,238.812337,99.000000,0
10000,1.826158,99.000000,0
50000,10.368375,99.000000,0
100000,21.255353,99.000000,0
500000,142.551324,99.000000,0
1000000,224.985033,99.000000,0
10000,1.564279,99.000000,0
50000,10.041404,99.000000,0
100000,22.177784,99.000000,0
500000,126.631244,99.000000,0
1000000,232.922498,99.000000,0
10000,1.580764,99.000000,0
50000,10.220602,99.000000,0
100000,20.754956,99.000000,0
500000,118.316974,99.000000,0
1000000,237.801500,99.000000,0
10000,1.579699,99.000000,0
50000,10.197762,99.000000,0
100000,21.046008,99.000000,0
500000,118.944046,99.000000,0
1000000,233.110517,99.000000,0
10000,1.690010,99.000000,0
50000,10.281355,99.000000,0
100000,20.966253,99.000000,0
500000,120.412904,99.000000,0
1000000,232.757493,99.000000,0
10000,1.548141,99.000000,0
50000,10.386692,99.000000,0
100000,21.882770,99.000000,0
500000,118.779600,99.000000,0
1000000,231.429787,99.000000,0
10000,1.756743,99.000000,0
50000,10.366415,99.000000,0
100000,21.099446,99.000000,0
500000,124.777812,99.000000,0
1000000,222.412799,99.000000,0
10000,1.562534,99.000000,0
50000,10.177621,99.000000,0
100000,25.485444,99.000000,0
500000,118.754008,99.000000,0
1000000,236.653602,99.000000,0
10000,1.667718,99.000000,0
50000,11.357180,99.000000,0
100000,23.805929,99.000000,0
500000,128.699344,99.000000,0
1000000,224.620225,99.000000,0
10000,1.556149,99.000000,0
50000,10.067946,99.000000,0
100000,20.757771,99.000000,0
500000,122.576390,99.000000,0
1000000,227.209543,99.000000,0
10000,1.934590,99.000000,0
50000,11.403742,99.000000,0
100000,22.372729,99.000000,0
500000,118.933799,99.000000,0
1000000,225.567409,99.000000,0
10000,1.535570,99.000000,0
50000,10.110134,99.000000,0
100000,21.393495,99.000000,0
500000,118.550947,99.000000,0
1000000,223.770298,99.000000,0
10000,1.578866,99.000000,0
50000,10.303269,99.000000,0
100000,20.713083,99.000000,0
500000,121.184149,99.000000,0
1000000,231.859521,99.000000,0
10000,1.777587,99.000000,0
50000,11.672628,99.000000,0
100000,21.169948,99.000000,0
500000,117.883283,99.000000,0
1000000,225.006242,99.000000,0
10000,1.583041,99.000000,0
50000,10.230135,99.000000,0
100000,20.464937,99.000000,0
500000,118.570675,99.000000,0
1000000,221.837819,99.000000,0
10000,1.902714,99.000000,0
50000,10.417703,99.000000,0
100000,20.628807,99.000000,0
500000,117.418416,99.000000,0
1000000,225.938891,99.000000,0
10000,2.057476,99.000000,0
50000,10.065765,99.000000,0
100000,20.327735,99.000000,0
500000,147.226181,99.000000,0
1000000,224.263825,99.000000,0
10000,1.590675,99.000000,0
50000,10.301806,99.000000,0
100000,20.453845,99.000000,0
500000,122.271258,99.000000,0
1000000,223.985453,99.000000,0
10000,1.552425,99.000000,0
50000,10.509177,99.000000,0
100000,21.418248,99.000000,0
500000,119.312247,99.000000,0
1000000,240.697228,99.000000,0
10000,1.607314,99.000000,0
50000,11.936918,99.000000,0
100000,25.387800,99.000000,0
500000,122.622515,99.000000,0
1000000,235.048664,99.000000,0
10000,1.716193,99.000000,0
50000,10.211776,99.000000,0
100000,20.600518,99.000000,0
500000,147.120826,99.000000,0
1000000,232.944843,99.000000,0
10000,1.741387,99.000000,0
50000,11.606510,99.000000,0
100000,21.718341,99.000000,0
500000,125.392764,99.000000,0
1000000,243.723744,99.000000,0
10000,1.709783,99.000000,0
50000,10.621177,99.000000,0
100000,22.034939,99.000000,0
500000,125.084496,99.000000,0
1000000,235.159189,99.000000,0
10000,1.550265,99.000000,0
50000,10.455822,99.000000,0
100000,21.008220,99.000000,0
500000,126.573461,99.000000,0
1000000,248.321424,99.000000,0
10000,2.097714,99.000000,0
50000,11.184215,99.000000,0
100000,22.877992,99.000000,0
500000,135.688604,99.000000,0
1000000,239.845679,99.000000,0
10000,1.579152,99.000000,0
50000,11.461322,99.000000,0
100000,22.271361,99.000000,0
500000,124.466657,99.000000,0
1000000,237.877130,99.000000,0
10000,1.672059,99.000000,0
50000,10.358056,99.000000,0
100000,20.450136,99.000000,0
500000,122.488728,99.000000,0
1000000,236.626548,99.000000,0
10000,1.555607,99.000000,0
50000,10.011926,99.000000,0
100000,20.508965,99.000000,0
500000,122.824802,99.000000,0
1000000,225.446886,99.000000,0
10000,1.573606,99.000000,0
50000,9.939763,99.000000,0
100000,20.879881,99.000000,0
500000,118.306826,99.000000,0
1000000,222.455162,99.000000,0
10000,1.529894,99.000000,0
50000,10.101671,99.000000,0
100000,20.352324,99.000000,0
500000,117.524370,99.000000,0
1000000,221.503287,99.000000,0
10000,1.607582,99.000000,0
50000,10.028351,99.000000,0
100000,20.569070,99.000000,0
500000,117.259741,99.000000,0
1000000,222.334784,99.000000,0
10000,1.542981,99.000000,0
50000,10.144445,99.000000,0
100000,20.911622,99.000000,0
500000,117.766054,99.000000,0
1000000,221.325447,99.000000,0
10000,1.580832,99.000000,0
50000,10.065261,99.000000,0
100000,20.578126,99.000000,0
500000,119.900830,99.000000,0
1000000,222.587182,99.000000,0
10000,1.573024,99.000000,0
50000,10.268183,99.000000,0
100000,20.475008,99.000000,0
500000,117.253462,99.000000,0
1000000,222.110067,99.000000,0
10000,1.630964,99.000000,0
50000,10.216190,99.000000,0
100000,20.898431,99.000000,0
500000,118.198992,99.000000,0
1000000,221.380184,99.000000,0
10000,1.694604,99.000000,0
50000,10.237432,99.000000,0
100000,20.332473,99.000000,0
500000,119.101398,99.000000,0
1000000,223.177589,99.000000,0
10000,1.551127,99.000000,0
50000,9.953874,99.000000,0
100000,20.722341,99.000000,0
500000,117.048809,99.000000,0
1000000,224.275358,99.000000,0
10000,1.883383,99.000000,0
50000,10.000793,99.000000,0
100000,21.427687,99.000000,0
500000,120.038782,99.000000,0
1000000,221.356778,99.000000,0
10000,1.918513,99.000000,0
50000,10.560451,99.000000,0
100000,20.281910,99.000000,0
500000,121.050005,99.000000,0
1000000,223.441744,99.000000,0
10000,1.563580,99.000000,0
50000,10.950604,99.000000,0
100000,21.196256,99.000000,0
500000,120.985109,99.000000,0
1000000,241.012325,99.000000,0
10000,1.546859,99.000000,0
50000,10.122546,99.000000,0
100000,20.382910,99.000000,0
500000,119.887834,99.000000,0
1000000,237.807823,99.000000,0
10000,1.598750,99.000000,0
50000,10.648615,99.000000,0
100000,20.833982,99.000000,0
500000,117.266167,99.000000,0
1000000,224.905415,99.000000,0
10000,1.539610,99.000000,0
50000,12.935002,99.000000,0
100000,20.897277,99.000000,0
500000,128.153485,99.000000,0
1000000,222.414494,99.000000,0
10000,1.554531,99.000000,0
50000,10.261214,99.000000,0
100000,20.500916,99.000000,0
500000,118.264196,99.000000,0
1000000,223.826836,99.000000,0
10000,1.555475,99.000000,0
50000,10.047856,99.000000,0
100000,23.457679,99.000000,0
500000,117.942658,99.000000,0
1000000,225.295359,99.000000,0
10000,1.761218,99.000000,0
50000,11.227946,99.000000,0
100000,21.124051,99.000000,0
500000,117.312458,99.000000,0
1000000,224.187595,99.000000,0
10000,1.650829,99.000000,0
50000,10.355850,99.000000,0
100000,20.531170,99.000000,0
500000,120.918992,99.000000,0
1000000,221.512157,99.000000,0
10000,1.536357,99.000000,0
50000,10.012124,99.000000,0
100000,21.308784,99.000000,0
500000,118.600407,99.000000,0
1000000,227.881243,99.000000,0
10000,1.705988,99.000000,0
50000,10.553599,99.000000,0
100000,23.471739,99.000000,0
500000,120.368701,99.000000,0
1000000,230.410124,99.000000,0
10000,1.585594,99.000000,0
50000,10.422603,99.000000,0
100000,20.331544,99.000000,0
500000,123.471059,99.000000,0
1000000,227.767430,99.000000,0
10000,1.566804,99.000000,0
50000,10.412549,99.000000,0
100000,20.237275,99.000000,0
500000,120.986116,99.000000,0
1000000,236.632988,99.000000,0
10000,1.901817,99.000000,0
50000,11.026575,99.000000,0
100000,20.703590,99.000000,0
500000,120.888194,99.000000,0
1000000,225.434401,99.000000,0
10000,1.849368,99.000000,0
50000,10.784853,99.000000,0
100000,21.964065,99.000000,0
500000,129.630197,99.000000,0
1000000,227.954719,99.000000,0
10000,1.938638,99.000000,0
50000,10.828417,99.000000,0
100000,21.394286,99.000000,0
500000,120.150487,99.000000,0
1000000,229.124925,99.000000,0
10000,1.579789,99.000000,0
50000,10.466171,99.000000,0
100000,22.375649,99.000000,0
500000,119.143593,99.000000,0
1000000,226.729911,99.000000,0
10000,1.580546,99.000000,0
50000,10.258797,99.000000,0
100000,21.738390,99.000000,0
500000,121.138138,99.000000,0
1000000,222.169043,99.000000,0
10000,1.549368,99.000000,0
50000,10.381820,99.000000,0
100000,20.966424,99.000000,0
500000,117.867455,99.000000,0
1000000,229.979979,99.000000,0
10000,1.602069,99.000000,0
50000,11.327644,99.000000,0
100000,20.370324,99.000000,0
500000,118.780280,99.000000,0
1000000,224.049715,99.000000,0
10000,2.114755,99.000000,0
50000,10.290188,99.000000,0
100000,20.662773,99.000000,0
500000,117.853549,99.000000,0
1000000,223.902202,99.000000,0
10000,1.563283,99.000000,0
50000,10.214135,99.000000,0
100000,20.362154,99.000000,0
500000,117.240475,99.000000,0
1000000,226.970981,99.000000,0
10000,1.557784,99.000000,0
50000,11.441758,99.000000,0
100000,20.815469,99.000000,0
500000,126.686881,99.000000,0
1000000,223.653892,99.000000,0
10000,1.881832,99.000000,0
50000,10.468084,99.000000,0
100000,20.521587,99.000000,0
500000,120.914795,99.000000,0
1000000,224.309289,99.000000,0
10000,1.544290,99.000000,0
50000,10.125513,99.000000,0
100000,20.424326,99.000000,0
500000,120.961868,99.000000,0
1000000,227.004675,99.000000,0
10000,1.624421,99.000000,0
50000,10.227772,99.000000,0
100000,21.111798,99.000000,0
500000,117.312343,99.000000,0
1000000,222.958425,99.000000,0
10000,1.569476,99.000000,0
50000,11.156492,99.000000,0
100000,20.645716,99.000000,0
500000,116.888884,99.000000,0
1000000,222.534993,99.000000,0
10000,1.556432,99.000000,0
50000,10.286017,99.000000,0
100000,20.408965,99.000000,0
500000,119.135669,99.000000,0
1000000,221.904309,99.000000,0
10000,2.307282,99.000000,0
50000,10.007742,99.000000,0
100000,20.564417,99.000000,0
500000,120.559887,99.000000,0
1000000,224.068450,99.000000,0
10000,1.605063,99.000000,0
50000,10.431651,99.000000,0
100000,21.981220,99.000000,0
500000,119.694386,99.000000,0
1000000,221.620630,99.000000,0
10000,1.598212,99.000000,0
50000,10.292998,99.000000,0
100000,20.804214,99.000000,0
500000,118.754867,99.000000,0
1000000,228.089014,99.000000,0
10000,2.063228,99.000000,0
50000,14.157906,99.000000,0
100000,22.851301,99.000000,0
500000,118.445868,99.000000,0
1000000,232.589865,99.000000,0
10000,1.672051,99.000000,0
50000,10.549037,99.000000,0
100000,22.888536,99.000000,0
500000,118.926486,99.000000,0
1000000,222.514893,99.000000,0
10000,1.710707,99.000000,0
50000,10.359168,99.000000,0
100000,20.783303,99.000000,0
500000,118.915436,99.000000,0
1000000,222.611028,99.000000,0
10000,1.550259,99.000000,0
50000,10.091998,99.000000,0
100000,20.701533,99.000000,0
500000,118.599212,99.000000,0
1000000,225.546003,99.000000,0
10000,1.658463,99.000000,0
50000,10.557638,99.000000,0
100000,20.827561,99.000000,0
500000,118.922606,99.000000,0
1000000,226.059929,99.000000,0
10000,1.589787,99.000000,0
50000,10.300237,99.000000,0
100000,21.663656,99.000000,0
500000,119.891567,99.000000,0
1000000,240.906867,99.000000,0
10000,1.604672,99.000000,0
50000,10.026386,99.000000,0
100000,20.982673,99.000000,0
500000,120.078471,99.000000,0
1000000,228.315356,99.000000,0
10000,1.796018,99.000000,0
50000,10.318665,99.000000,0
100000,22.883038,99.000000,0
500000,123.201850,99.000000,0
1000000,240.244252,99.000000,0
10000,1.747315,99.000000,0
50000,11.180233,99.000000,0
100000,21.722074,99.000000,0
500000,122.836544,99.000000,0
1000000,244.511190,99.000000,0
10000,1.823267,99.000000,0
50000,11.320263,99.000000,0
100000,23.723344,99.000000,0
500000,123.559929,99.000000,0
1000000,232.035835,99.000000,0
10000,1.557355,99.000000,0
50000,9.977452,99.000000,0
100000,21.775922,99.000000,0
500000,117.816415,99.000000,0
1000000,222.267344,99.000000,0
10000,1.529489,99.000000,0
50000,10.068332,99.000000,0
100000,22.745800,99.000000,0
500000,133.663947,99.000000,0
1000000,226.793895,99.000000,0
10000,1.589970,99.000000,0
50000,10.515270,99.000000,0
100000,21.273690,99.000000,0
500000,117.389869,99.000000,0
1000000,243.374374,99.000000,0
10000,1.741779,99.000000,0
50000,10.486419,99.000000,0
100000,20.963757,99.000000,0
500000,122.251619,99.000000,0
1000000,226.033144,99.000000,0
10000,1.591178,99.000000,0
50000,10.134294,99.000000,0
100000,20.877242,99.000000,0
500000,118.613357,99.000000,0
1000000,230.804280,99.000000,0
10000,1.584554,99.000000,0
50000,10.690061,99.000000,0
100000,21.653883,99.000000,0
500000,120.570865,99.000000,0
1000000,224.920661,99.000000,0
10000,1.605295,99.000000,0
50000,10.219001,99.000000,0
100000,20.661347,99.000000,0
500000,122.063733,99.000000,0
1000000,221.937931,99.000000,0
10000,1.535283,99.000000,0
50000,10.084269,99.000000,0
100000,21.903621,99.000000,0
500000,118.614574,99.000000,0
1000000,221.937839,99.000000,0
10000,1.535671,99.000000,0
50000,10.003731,99.000000,0
100000,20.798691,99.000000,0
500000,118.799119,99.000000,0
1000000,224.198974,99.000000,0
10000,1.601784,99.000000,0
50000,10.026641,99.000000,0
100000,20.372800,99.000000,0
500000,120.880050,99.000000,0
1000000,227.863538,99.000000,0
10000,1.560586,99.000000,0
50000,10.400065,99.000000,0
100000,22.273926,99.000000,0
500000,126.640021,99.000000,0
1000000,231.282018,99.000000,0
10000,1.579465,99.000000,0
50000,17.410022,99.000000,0
100000,20.903462,99.000000,0
500000,120.627520,99.000000,0
1000000,224.933537,99.000000,0
10000,1.596020,99.000000,0
50000,9.981820,99.000000,0
100000,21.174675,99.000000,0
500000,132.297092,99.000000,0
1000000,232.383037,99.000000,0
10000,1.579179,99.000000,0
50000,10.183633,99.000000,0
100000,21.839752,99.000000,0
500000,117.726499,99.000000,0
1000000,233.891980,99.000000,0
10000,1.742106,99.000000,0
50000,10.538904,99.000000,0
100000,24.013238,99.000000,0
500000,172.980664,99.000000,0
1000000,240.611982,99.000000,0
10000,1.592334,99.000000,0
50000,10.852268,99.000000,0
100000,21.389183,99.000000,0
500000,126.357823,99.000000,0
1000000,229.146033,99.000000,0
10000,1.534212,99.700000,0
50000,10.247518,99.700000,0
100000,20.605811,99.700000,0
500000,114.976548,99.700000,0
1000000,226.692067,99.700000,0
10000,1.558139,99.700000,0
50000,10.048490,99.700000,0
100000,22.799384,99.700000,0
500000,121.389815,99.700000,0
1000000,228.094955,99.700000,0
10000,1.692923,99.700000,0
50000,9.827921,99.700000,0
100000,20.601225,99.700000,0
500000,116.518510,99.700000,0
1000000,234.054674,99.700000,0
10000,1.546374,99.700000,0
50000,13.402046,99.700000,0
100000,20.289229,99.700000,0
500000,115.312438,99.700000,0
1000000,238.371782,99.700000,0
10000,1.878528,99.700000,0
50000,10.047354,99.700000,0
100000,20.661885,99.700000,0
500000,115.266008,99.700000,0
1000000,225.375439,99.700000,0
10000,1.546934,99.700000,0
50000,9.600818,99.700000,0
100000,21.055493,99.700000,0
500000,117.658304,99.700000,0
1000000,222.132606,99.700000,0
10000,1.971034,99.700000,0
50000,9.807860,99.700000,0
100000,20.263971,99.700000,0
500000,120.421891,99.700000,0
1000000,225.220158,99.700000,0
10000,1.523888,99.700000,0
50000,9.754972,99.700000,0
100000,20.018977,99.700000,0
500000,120.774450,99.700000,0
1000000,223.203123,99.700000,0
10000,1.543494,99.700000,0
50000,10.328269,99.700000,0
100000,23.050139,99.700000,0
500000,120.098024,99.700000,0
1000000,221.290252,99.700000,0
10000,2.201892,99.700000,0
50000,9.734372,99.700000,0
100000,20.746816,99.700000,0
500000,120.112510,99.700000,0
1000000,223.698254,99.700000,0
10000,1.563550,99.700000,0
50000,10.004738,99.700000,0
100000,22.140158,99.700000,0
500000,119.388231,99.700000,0
1000000,220.718469,99.700000,0
10000,1.561442,99.700000,0
50000,10.321631,99.700000,0
100000,20.602738,99.700000,0
500000,117.204229,99.700000,0
1000000,231.141807,99.700000,0
10000,1.540832,99.700000,0
50000,10.726119,99.700000,0
100000,21.159152,99.700000,0
500000,117.499611,99.700000,0
1000000,230.680377,99.700000,0
10000,1.766499,99.700000,0
50000,11.747157,99.700000,0
100000,21.508692,99.700000,0
500000,127.197705,99.700000,0
1000000,230.730257,99.700000,0
10000,2.152953,99.700000,0
50000,9.678298,99.700000,0
100000,22.880082,99.700000,0
500000,127.045340,99.700000,0
1000000,236.648140,99.700000,0
10000,1.626105,99.700000,0
50000,10.277284,99.700000,0
100000,19.838489,99.700000,0
500000,118.425025,99.700000,0
1000000,234.989736,99.700000,0
10000,1.890873,99.700000,0
50000,10.154815,99.700000,0
100000,22.142014,99.700000,0
500000,120.273281,99.700000,0
1000000,236.629520,99.700000,0
10000,1.492563,99.700000,0
50000,9.809173,99.700000,0
100000,22.317317,99.700000,0
500000,117.335059,99.700000,0
1000000,221.719433,99.700000,0
10000,1.691893,99.700000,0
50000,10.308187,99.700000,0
100000,20.220090,99.700000,0
500000,122.107654,99.700000,0
1000000,223.509983,99.700000,0
10000,2.128736,99.700000,0
50000,9.981711,99.700000,0
100000,20.684248,99.700000,0
500000,121.928746,99.700000,0
1000000,237.499416,99.700000,0
10000,1.731715,99.700000,0
50000,11.670611,99.700000,0
100000,21.689567,99.700000,0
500000,118.347908,99.700000,0
1000000,227.507328,99.700000,0
10000,1.547136,99.700000,0
50000,9.762485,99.700000,0
100000,-669.417971,99.700000,0
500000,117.575474,99.700000,0
1000000,231.933920,99.700000,0
10000,1.575116,99.700000,0
50000,9.781122,99.700000,0
100000,20.573860,99.700000,0
500000,121.687005,99.700000,0
1000000,245.140099,99.700000,0
10000,1.589316,99.700000,0
50000,9.808661,99.700000,0
100000,20.200740,99.700000,0
500000,116.592340,99.700000,0
1000000,233.264008,99.700000,0
10000,1.531505,99.700000,0
50000,9.742926,99.700000,0
100000,20.517530,99.700000,0
500000,117.712881,99.700000,0
1000000,231.348246,99.700000,0
10000,1.525710,99.700000,0
50000,11.030685,99.700000,0
100000,20.435662,99.700000,0
500000,122.292123,99.700000,0
1000000,225.445573,99.700000,0
10000,1.506987,99.700000,0
50000,9.907684,99.700000,0
100000,20.006265,99.700000,0
500000,113.196446,99.700000,0
1000000,219.343345,99.700000,0
10000,1.505339,99.700000,0
50000,10.505826,99.700000,0
100000,23.474443,99.700000,0
500000,114.953906,99.700000,0
1000000,225.242647,99.700000,0
10000,1.523663,99.700000,0
50000,9.650872,99.700000,0
100000,20.239019,99.700000,0
500000,115.489144,99.700000,0
1000000,229.063883,99.700000,0
10000,1.503194,99.700000,0
50000,9.830631,99.700000,0
100000,20.756413,99.700000,0
500000,114.349809,99.700000,0
1000000,222.985091,99.700000,0
10000,1.572336,99.700000,0
50000,10.654644,99.700000,0
100000,20.352834,99.700000,0
500000,124.029226,99.700000,0
1000000,227.040994,99.700000,0
10000,1.498557,99.700000,0
50000,9.821535,99.700000,0
100000,19.953584,99.700000,0
500000,115.336356,99.700000,0
1000000,226.450505,99.700000,0
10000,1.658246,99.700000,0
50000,10.166047,99.700000,0
100000,21.614011,99.700000,0
500000,117.576463,99.700000,0
1000000,229.833417,99.700000,0
10000,1.555865,99.700000,0
50000,10.266320,99.700000,0
100000,21.060425,99.700000,0
500000,115.096826,99.700000,0
1000000,225.252921,99.700000,0
10000,1.557400,99.700000,0
50000,10.106354,99.700000,0
100000,20.965191,99.700000,0
500000,124.512630,99.700000,0
1000000,220.653700,99.700000,0
10000,1.558198,99.700000,0
50000,9.943122,99.700000,0
100000,20.016758,99.700000,0
500000,134.668993,99.700000,0
1000000,239.349487,99.700000,0
10000,1.513216,99.700000,0
50000,9.974878,99.700000,0
100000,21.280474,99.700000,0
500000,138.644248,99.700000,0
1000000,222.878033,99.700000,0
10000,1.551381,99.700000,0
50000,10.210385,99.700000,0
100000,22.775724,99.700000,0
500000,129.388335,99.700000,0
1000000,229.514006,99.700000,0
10000,1.507894,99.700000,0
50000,9.580534,99.700000,0
100000,20.195632,99.700000,0
500000,118.552013,99.700000,0
1000000,240.907298,99.700000,0
10000,1.519483,99.700000,0
50000,9.759140,99.700000,0
100000,20.367290,99.700000,0
500000,115.646930,99.700000,0
1000000,238.321092,99.700000,0
10000,1.602331,99.700000,0
50000,10.053674,99.700000,0
100000,20.786590,99.700000,0
500000,123.007647,99.700000,0
1000000,225.545671,99.700000,0
10000,1.927267,99.700000,0
50000,10.914341,99.700000,0
100000,22.444520,99.700000,0
500000,116.273408,99.700000,0
1000000,229.884100,99.700000,0
10000,2.211785,99.700000,0
50000,10.120922,99.700000,0
100000,22.895301,99.700000,0
500000,129.844024,99.700000,0
1000000,231.908957,99.700000,0
10000,1.843909,99.700000,0
50000,10.375350,99.700000,0
100000,22.077970,99.700000,0
500000,122.971455,99.700000,0
1000000,222.162062,99.700000,0
10000,1.535366,99.700000,0
50000,10.227625,99.700000,0
100000,19.993976,99.700000,0
500000,117.071608,99.700000,0
1000000,235.492227,99.700000,0
10000,1.561771,99.700000,0
50000,10.064556,99.700000,0
100000,20.263401,99.700000,0
500000,117.653988,99.700000,0
1000000,224.437952,99.700000,0
10000,1.850913,99.700000,0
50000,9.642460,99.700000,0
100000,20.124163,99.700000,0
500000,119.414537,99.700000,0
1000000,230.476475,99.700000,0
10000,1.510100,99.700000,0
50000,9.886463,99.700000,0
100000,20.620933,99.700000,0
500000,122.772017,99.700000,0
1000000,223.816002,99.700000,0
10000,1.647258,99.700000,0
50000,9.937541,99.700000,0
100000,20.308653,99.700000,0
500000,119.804496,99.700000,0
1000000,221.297643,99.700000,0
10000,1.537670,99.700000,0
50000,9.747525,99.700000,0
100000,21.306213,99.700000,0
500000,120.105238,99.700000,0
1000000,247.395627,99.700000,0
10000,1.738980,99.700000,0
50000,10.089258,99.700000,0
100000,20.771995,99.700000,0
500000,114.712909,99.700000,0
1000000,224.636049,99.700000,0
10000,1.505379,99.700000,0
50000,9.808839,99.700000,0
100000,20.049507,99.700000,0
500000,117.079930,99.700000,0
1000000,220.081474,99.700000,0
10000,1.847054,99.700000,0
50000,10.367750,99.700000,0
100000,20.071330,99.700000,0
500000,115.800630,99.700000,0
1000000,226.062689,99.700000,0
10000,1.528480,99.700000,0
50000,9.716298,99.700000,0
100000,20.573293,99.700000,0
500000,124.525816,99.700000,0
1000000,225.876489,99.700000,0
10000,1.515253,99.700000,0
50000,9.759164,99.700000,0
100000,21.009129,99.700000,0
500000,116.467675,99.700000,0
1000000,222.872611,99.700000,0
10000,1.670985,99.700000,0
50000,10.536371,99.700000,0
100000,21.655487,99.700000,0
500000,123.696392,99.700000,0
1000000,224.271379,99.700000,0
10000,1.541206,99.700000,0
50000,9.902119,99.700000,0
100000,20.569107,99.700000,0
500000,115.869394,99.700000,0
1000000,225.942772,99.700000,0
10000,1.623562,99.700000,0
50000,10.684332,99.700000,0
100000,20.809264,99.700000,0
500000,134.972974,99.700000,0
1000000,235.728800,99.700000,0
10000,2.169508,99.700000,0
50000,10.903428,99.700000,0
100000,20.436516,99.700000,0
500000,117.383546,99.700000,0
1000000,223.959217,99.700000,0
10000,1.580270,99.700000,0
50000,10.181641,99.700000,0
100000,20.268885,99.700000,0
500000,126.282105,99.700000,0
1000000,222.500918,99.700000,0
10000,1.512130,99.700000,0
50000,10.468042,99.700000,0
100000,21.653393,99.700000,0
500000,113.567930,99.700000,0
1000000,222.924717,99.700000,0
10000,1.609443,99.700000,0
50000,9.797968,99.700000,0
100000,20.438223,99.700000,0
500000,122.762140,99.700000,0
1000000,220.822369,99.700000,0
10000,1.555611,99.700000,0
50000,9.867874,99.700000,0
100000,20.388906,99.700000,0
500000,118.868463,99.700000,0
1000000,221.925701,99.700000,0
10000,1.574675,99.700000,0
50000,9.895341,99.700000,0
100000,20.693859,99.700000,0
500000,126.026758,99.700000,0
1000000,232.976143,99.700000,0
10000,1.526485,99.700000,0
50000,9.762028,99.700000,0
100000,21.142896,99.700000,0
500000,120.543455,99.700000,0
1000000,231.148784,99.700000,0
10000,1.866719,99.700000,0
50000,10.569825,99.700000,0
100000,21.823584,99.700000,0
500000,119.018181,99.700000,0
1000000,228.325082,99.700000,0
10000,1.578942,99.700000,0
50000,9.971994,99.700000,0
100000,20.347629,99.700000,0
500000,117.278301,99.700000,0
1000000,228.775295,99.700000,0
10000,1.524827,99.700000,0
50000,9.810021,99.700000,0
100000,21.920274,99.700000,0
500000,120.243330,99.700000,0
1000000,236.737926,99.700000,0
10000,1.755194,99.700000,0
50000,10.111785,99.700000,0
100000,22.877225,99.700000,0
500000,116.135118,99.700000,0
1000000,224.716866,99.700000,0
10000,1.502367,99.700000,0
50000,10.560652,99.700000,0
100000,22.262474,99.700000,0
500000,117.706220,99.700000,0
1000000,231.480581,99.700000,0
10000,1.498047,99.700000,0
50000,9.764372,99.700000,0
100000,20.426702,99.700000,0
500000,115.057573,99.700000,0
1000000,235.626436,99.700000,0
10000,1.619951,99.700000,0
50000,9.877915,99.700000,0
100000,20.921515,99.700000,0
500000,114.166913,99.700000,0
1000000,233.327869,99.700000,0
10000,1.554086,99.700000,0
50000,12.741199,99.700000,0
100000,22.447724,99.700000,0
500000,116.756310,99.700000,0
1000000,224.181593,99.700000,0
10000,1.636883,99.700000,0
50000,10.048997,99.700000,0
100000,22.420433,99.700000,0
500000,114.628943,99.700000,0
1000000,222.271739,99.700000,0
10000,1.582473,99.700000,0
50000,9.892021,99.700000,0
100000,20.463565,99.700000,0
500000,118.041362,99.700000,0
1000000,224.376462,99.700000,0
10000,1.519268,99.700000,0
50000,9.767986,99.700000,0
100000,20.500275,99.700000,0
500000,117.972937,99.700000,0
1000000,225.318704,99.700000,0
10000,1.519131,99.700000,0
50000,10.009647,99.700000,0
100000,24.125973,99.700000,0
500000,116.846588,99.700000,0
1000000,222.465031,99.700000,0
10000,1.504062,99.700000,0
50000,9.589388,99.700000,0
100000,21.581053,99.700000,0
500000,117.729047,99.700000,0
1000000,223.241906,99.700000,0
10000,1.527177,99.700000,0
50000,10.320617,99.700000,0
100000,20.798598,99.700000,0
500000,123.324671,99.700000,0
1000000,225.123994,99.700000,0
10000,1.528979,99.700000,0
50000,9.631596,99.700000,0
100000,19.875852,99.700000,0
500000,113.566978,99.700000,0
1000000,229.166415,99.700000,0
10000,1.604000,99.700000,0
50000,10.483776,99.700000,0
100000,21.584902,99.700000,0
500000,121.178581,99.700000,0
1000000,219.734046,99.700000,0
10000,1.517226,99.700000,0
50000,9.654126,99.700000,0
100000,20.012436,99.700000,0
500000,121.332474,99.700000,0
1000000,221.100152,99.700000,0
10000,1.744276,99.700000,0
50000,10.513381,99.700000,0
100000,21.706162,99.700000,0
500000,114.529667,99.700000,0
1000000,224.247726,99.700000,0
10000,1.640789,99.700000,0
50000,9.806670,99.700000,0
100000,20.141650,99.700000,0
500000,119.286621,99.700000,0
1000000,220.200736,99.700000,0
10000,1.552909,99.700000,0
50000,10.576369,99.700000,0
100000,22.016039,99.700000,0
500000,114.013706,99.700000,0
1000000,225.938123,99.700000,0
10000,1.637779,99.700000,0
50000,9.811697,99.700000,0
100000,20.461774,99.700000,0
500000,114.517731,99.700000,0
1000000,225.164178,99.700000,0
10000,1.506395,99.700000,0
50000,9.605592,99.700000,0
100000,21.785161,99.700000,0
500000,115.327480,99.700000,0
1000000,224.140667,99.700000,0
10000,1.520011,99.700000,0
50000,9.933201,99.700000,0
100000,20.291470,99.700000,0
500000,116.354611,99.700000,0
1000000,228.002969,99.700000,0
10000,1.514148,99.700000,0
50000,9.591460,99.700000,0
100000,20.395864,99.700000,0
500000,129.126454,99.700000,0
1000000,221.579101,99.700000,0
10000,1.552411,99.700000,0
50000,9.775398,99.700000,0
100000,20.734421,99.700000,0
500000,117.876463,99.700000,0
1000000,228.544072,99.700000,0
10000,1.997528,99.700000,0
50000,10.623241,99.700000,0
100000,20.475105,99.700000,0
500000,119.746241,99.700000,0
1000000,234.935209,99.700000,0
10000,1.517901,99.700000,0
50000,10.710383,99.700000,0
100000,22.442034,99.700000,0
500000,116.761759,99.700000,0
1000000,239.146369,99.700000,0
10000,2.180215,99.700000,0
50000,10.034778,99.700000,0
100000,21.077945,99.700000,0
500000,122.370180,99.700000,0
1000000,233.039204,99.700000,0
10000,1.515254,99.700000,0
50000,9.582258,99.700000,0
100000,21.802651,99.700000,0
500000,117.985780,99.700000,0
1000000,232.852321,99.700000,0
10000,1.528499,99.700000,0
50000,11.122385,99.700000,0
100000,29.221854,99.700000,0
500000,121.957318,99.700000,0
1000000,238.099300,99.700000,0
10000,1.548644,99.700000,0
50000,9.727818,99.700000,0
100000,20.362953,99.700000,0
500000,119.396427,99.700000,0
1000000,227.136488,99.700000,0
10000,1.501660,99.700000,0
50000,11.030002,99.700000,0
100000,19.935546,99.700000,0
500000,122.955607,99.700000,0
1000000,222.388131,99.700000,0
10000,2.159958,99.700000,0
50000,9.968209,99.700000,0
100000,20.466998,99.700000,0
500000,115.358512,99.700000,0
1000000,227.161534,99.700000,0
10000,1.568718,99.700000,0
50000,9.587877,99.700000,0
100000,20.016251,99.700000,0
500000,114.933169,99.700000,0
1000000,221.343994,99.700000,0
10000,1.595827,99.700000,0
50000,9.948570,99.700000,0
100000,20.110702,99.700000,0
500000,115.144485,99.700000,0
1000000,224.641467,99.700000,0
10000,1.770142,0.000000,1
50000,10.241331,0.000000,1
100000,22.856191,0.000000,1
500000,125.641952,0.000000,1
1000000,271.287737,0.000000,1
10000,1.749670,0.000000,1
50000,10.556754,0.000000,1
100000,23.388547,0.000000,1
500000,125.356243,0.000000,1
1000000,268.547590,0.000000,1
10000,1.771535,0.000000,1
50000,10.536159,0.000000,1
100000,23.495710,0.000000,1
500000,125.925418,0.000000,1
1000000,266.194195,0.000000,1
10000,1.754553,0.000000,1
50000,10.531134,0.000000,1
100000,22.801518,0.000000,1
500000,127.877411,0.000000,1
1000000,269.604970,0.000000,1
10000,1.709369,0.000000,1
50000,10.633735,0.000000,1
100000,23.053672,0.000000,1
500000,131.149219,0.000000,1
1000000,274.206021,0.000000,1
10000,1.746015,0.000000,1
50000,11.442676,0.000000,1
100000,25.884613,0.000000,1
500000,127.865496,0.000000,1
1000000,267.247862,0.000000,1
10000,1.707558,0.000000,1
50000,10.614755,0.000000,1
100000,23.551039,0.000000,1
500000,130.084351,0.000000,1
1000000,285.619507,0.000000,1
10000,1.728276,0.000000,1
50000,10.606771,0.000000,1
100000,22.889721,0.000000,1
500000,125.810565,0.000000,1
1000000,275.718332,0.000000,1
10000,2.320565,0.000000,1
50000,11.207835,0.000000,1
100000,26.239857,0.000000,1
500000,134.647171,0.000000,1
1000000,276.374433,0.000000,1
10000,1.725317,0.000000,1
50000,10.413326,0.000000,1
100000,25.088976,0.000000,1
500000,141.647868,0.000000,1
1000000,276.841726,0.000000,1
10000,2.154827,0.000000,1
50000,10.528904,0.000000,1
100000,23.373241,0.000000,1
500000,125.317334,0.000000,1
1000000,269.684334,0.000000,1
10000,1.759374,0.000000,1
50000,11.147142,0.000000,1
100000,23.698975,0.000000,1
500000,126.754669,0.000000,1
1000000,261.959235,0.000000,1
10000,1.763325,0.000000,1
50000,10.270012,0.000000,1
100000,23.334886,0.000000,1
500000,125.069070,0.000000,1
1000000,263.598186,0.000000,1
10000,1.732852,0.000000,1
50000,10.599564,0.000000,1
100000,23.487213,0.000000,1
500000,125.773037,0.000000,1
1000000,268.205570,0.000000,1
10000,1.735809,0.000000,1
50000,10.335568,0.000000,1
100000,23.292385,0.000000,1
500000,132.396098,0.000000,1
1000000,264.626322,0.000000,1
10000,1.718482,0.000000,1
50000,10.423854,0.000000,1
100000,23.102269,0.000000,1
500000,131.303894,0.000000,1
1000000,263.348213,0.000000,1
10000,1.764299,0.000000,1
50000,10.355201,0.000000,1
100000,23.166316,0.000000,1
500000,136.520865,0.000000,1
1000000,-415.915812,0.000000,1
10000,1.723201,0.000000,1
50000,10.331514,0.000000,1
100000,23.022950,0.000000,1
500000,129.035731,0.000000,1
1000000,274.252283,0.000000,1
10000,1.717734,0.000000,1
50000,11.452167,0.000000,1
100000,25.737017,0.000000,1
500000,131.053835,0.000000,1
1000000,276.081773,0.000000,1
10000,4.097951,0.000000,1
50000,14.331304,0.000000,1
100000,25.850340,0.000000,1
500000,130.810144,0.000000,1
1000000,276.893090,0.000000,1
10000,1.975746,0.000000,1
50000,10.942941,0.000000,1
100000,24.876362,0.000000,1
500000,139.223899,0.000000,1
1000000,279.280518,0.000000,1
10000,1.752916,0.000000,1
50000,10.367822,0.000000,1
100000,24.807523,0.000000,1
500000,129.068773,0.000000,1
1000000,282.682308,0.000000,1
10000,1.732996,0.000000,1
50000,11.096316,0.000000,1
100000,25.241587,0.000000,1
500000,126.576057,0.000000,1
1000000,284.589060,0.000000,1
10000,2.246082,0.000000,1
50000,10.887398,0.000000,1
100000,24.184086,0.000000,1
500000,133.765923,0.000000,1
1000000,274.973452,0.000000,1
10000,1.759631,0.000000,1
50000,10.753866,0.000000,1
100000,24.623242,0.000000,1
500000,131.882572,0.000000,1
1000000,285.130042,0.000000,1
10000,1.710477,0.000000,1
50000,11.500696,0.000000,1
100000,25.656080,0.000000,1
500000,135.382469,0.000000,1
1000000,270.913162,0.000000,1
10000,1.717182,0.000000,1
50000,10.324992,0.000000,1
100000,24.341133,0.000000,1
500000,131.464394,0.000000,1
1000000,278.653443,0.000000,1
10000,1.976238,0.000000,1
50000,10.401222,0.000000,1
100000,23.449396,0.000000,1
500000,131.725649,0.000000,1
1000000,282.483472,0.000000,1
10000,1.748094,0.000000,1
50000,10.642048,0.000000,1
100000,23.192858,0.000000,1
500000,131.820890,0.000000,1
1000000,275.424976,0.000000,1
10000,1.745955,0.000000,1
50000,13.119008,0.000000,1
100000,25.878188,0.000000,1
500000,133.083343,0.000000,1
1000000,273.095186,0.000000,1
10000,1.776541,0.000000,1
50000,10.930064,0.000000,1
100000,23.148800,0.000000,1
500000,133.747531,0.000000,1
1000000,269.932475,0.000000,1
10000,1.765565,0.000000,1
50000,10.679539,0.000000,1
100000,23.175668,0.000000,1
500000,127.264224,0.000000,1
1000000,267.379027,0.000000,1
10000,1.706404,0.000000,1
50000,10.588598,0.000000,1
100000,23.616475,0.000000,1
500000,132.759913,0.000000,1
1000000,273.237663,0.000000,1
10000,1.872724,0.000000,1
50000,11.151497,0.000000,1
100000,24.387049,0.000000,1
500000,127.520834,0.000000,1
1000000,268.276199,0.000000,1
10000,1.688516,0.000000,1
50000,10.756551,0.000000,1
100000,23.781651,0.000000,1
500000,129.307069,0.000000,1
1000000,262.957034,0.000000,1
10000,1.725582,0.000000,1
50000,10.340690,0.000000,1
100000,23.040134,0.000000,1
500000,127.083249,0.000000,1
1000000,271.715906,0.000000,1
10000,1.949017,0.000000,1
50000,11.294590,0.000000,1
100000,24.656126,0.000000,1
500000,131.855953,0.000000,1
1000000,263.268288,0.000000,1
10000,1.715926,0.000000,1
50000,10.522116,0.000000,1
100000,22.828676,0.000000,1
500000,126.262009,0.000000,1
1000000,260.568271,0.000000,1
10000,1.731679,0.000000,1
50000,10.274076,0.000000,1
100000,22.746293,0.000000,1
500000,128.558603,0.000000,1
1000000,265.586382,0.000000,1
10000,1.739312,0.000000,1
50000,10.328660,0.000000,1
100000,23.028687,0.000000,1
500000,125.315954,0.000000,1
1000000,267.461257,0.000000,1
10000,1.715260,0.000000,1
50000,11.157640,0.000000,1
100000,23.911948,0.000000,1
500000,133.633630,0.000000,1
1000000,268.215444,0.000000,1
10000,1.865887,0.000000,1
50000,10.277055,0.000000,1
100000,23.005155,0.000000,1
500000,131.473834,0.000000,1
1000000,268.118452,0.000000,1
10000,1.712639,0.000000,1
50000,10.734533,0.000000,1
100000,23.262629,0.000000,1
500000,127.814572,0.000000,1
1000000,267.110285,0.000000,1
10000,1.941245,0.000000,1
50000,10.231921,0.000000,1
100000,24.703823,0.000000,1
500000,127.928309,0.000000,1
1000000,268.373208,0.000000,1
10000,1.758357,0.000000,1
50000,10.748909,0.000000,1
100000,22.848255,0.000000,1
500000,129.210507,0.000000,1
1000000,274.187124,0.000000,1
10000,1.760476,0.000000,1
50000,10.318544,0.000000,1
100000,24.711325,0.000000,1
500000,132.996123,0.000000,1
1000000,271.303850,0.000000,1
10000,1.746828,0.000000,1
50000,10.264931,0.000000,1
100000,23.727725,0.000000,1
500000,134.605405,0.000000,1
1000000,268.185893,0.000000,1
10000,1.770668,0.000000,1
50000,10.699745,0.000000,1
100000,23.047275,0.000000,1
500000,126.200439,0.000000,1
1000000,264.608523,0.000000,1
10000,1.763135,0.000000,1
50000,10.562943,0.000000,1
100000,23.069371,0.000000,1
500000,144.660670,0.000000,1
1000000,263.491759,0.000000,1
10000,1.734835,0.000000,1
50000,10.461541,0.000000,1
100000,23.010734,0.000000,1
500000,127.955525,0.000000,1
1000000,268.340357,0.000000,1
10000,1.890532,0.000000,1
50000,10.299161,0.000000,1
100000,23.825312,0.000000,1
500000,128.250242,0.000000,1
1000000,263.749186,0.000000,1
10000,1.936569,0.000000,1
50000,10.234739,0.000000,1
100000,22.989487,0.000000,1
500000,134.906827,0.000000,1
1000000,263.933768,0.000000,1
10000,1.728927,0.000000,1
50000,10.917684,0.000000,1
100000,23.138427,0.000000,1
500000,127.913821,0.000000,1
1000000,263.311550,0.000000,1
10000,1.705223,0.000000,1
50000,10.500805,0.000000,1
100000,22.944236,0.000000,1
500000,125.737766,0.000000,1
1000000,277.066139,0.000000,1
10000,2.195855,0.000000,1
50000,10.755047,0.000000,1
100000,23.810483,0.000000,1
500000,135.131963,0.000000,1
1000000,273.678366,0.000000,1
10000,1.712818,0.000000,1
50000,11.402449,0.000000,1
100000,25.127340,0.000000,1
500000,128.851114,0.000000,1
1000000,266.169080,0.000000,1
10000,1.766697,0.000000,1
50000,11.017200,0.000000,1
100000,25.945768,0.000000,1
500000,132.776640,0.000000,1
1000000,267.744585,0.000000,1
10000,1.718806,0.000000,1
50000,11.476095,0.000000,1
100000,25.849729,0.000000,1
500000,130.943867,0.000000,1
1000000,269.061789,0.000000,1
10000,1.804014,0.000000,1
50000,10.803940,0.000000,1
100000,26.208385,0.000000,1
500000,131.850631,0.000000,1
1000000,277.678389,0.000000,1
10000,2.014039,0.000000,1
50000,11.538471,0.000000,1
100000,22.816337,0.000000,1
500000,136.259125,0.000000,1
1000000,273.108565,0.000000,1
10000,2.003232,0.000000,1
50000,11.185272,0.000000,1
100000,23.127744,0.000000,1
500000,127.732905,0.000000,1
1000000,274.719215,0.000000,1
10000,1.771999,0.000000,1
50000,10.901726,0.000000,1
100000,24.974251,0.000000,1
500000,135.958260,0.000000,1
1000000,275.760069,0.000000,1
10000,1.728059,0.000000,1
50000,10.930853,0.000000,1
100000,25.298679,0.000000,1
500000,132.513185,0.000000,1
1000000,274.168549,0.000000,1
10000,1.717576,0.000000,1
50000,10.240688,0.000000,1
100000,22.947240,0.000000,1
500000,132.963780,0.000000,1
1000000,272.421158,0.000000,1
10000,1.705120,0.000000,1
50000,10.429817,0.000000,1
100000,23.405804,0.000000,1
500000,127.172091,0.000000,1
1000000,264.191196,0.000000,1
10000,1.715294,0.000000,1
50000,10.334076,0.000000,1
100000,23.197955,0.000000,1
500000,131.932682,0.000000,1
1000000,264.876802,0.000000,1
10000,1.782775,0.000000,1
50000,10.453911,0.000000,1
100000,22.909890,0.000000,1
500000,127.164054,0.000000,1
1000000,265.565786,0.000000,1
10000,1.722878,0.000000,1
50000,10.324250,0.000000,1
100000,23.104117,0.000000,1
500000,126.176528,0.000000,1
1000000,272.754489,0.000000,1
10000,1.710811,0.000000,1
50000,10.739674,0.000000,1
100000,23.033840,0.000000,1
500000,127.126871,0.000000,1
1000000,270.985409,0.000000,1
10000,1.720155,0.000000,1
50000,11.003175,0.000000,1
100000,23.041527,0.000000,1
500000,129.132828,0.000000,1
1000000,267.597575,0.000000,1
10000,1.708395,0.000000,1
50000,10.451649,0.000000,1
100000,23.072183,0.000000,1
500000,125.905444,0.000000,1
1000000,272.550961,0.000000,1
10000,2.002662,0.000000,1
50000,10.162601,0.000000,1
100000,23.052735,0.000000,1
500000,130.919461,0.000000,1
1000000,267.535284,0.000000,1
10000,1.720156,0.000000,1
50000,10.477970,0.000000,1
100000,22.729166,0.000000,1
500000,126.494117,0.000000,1
1000000,261.254984,0.000000,1
10000,1.763932,0.000000,1
50000,10.278959,0.000000,1
100000,22.956175,0.000000,1
500000,126.262904,0.000000,1
1000000,285.849085,0.000000,1
10000,1.797136,0.000000,1
50000,10.525478,0.000000,1
100000,22.814027,0.000000,1
500000,132.343315,0.000000,1
1000000,268.864367,0.000000,1
10000,1.819460,0.000000,1
50000,10.833215,0.000000,1
100000,23.149829,0.000000,1
500000,126.068328,0.000000,1
1000000,265.478538,0.000000,1
10000,1.835262,0.000000,1
50000,11.415730,0.000000,1
100000,25.033271,0.000000,1
500000,125.393040,0.000000,1
1000000,266.226519,0.000000,1
10000,1.723155,0.000000,1
50000,10.464269,0.000000,1
100000,22.839933,0.000000,1
500000,128.050734,0.000000,1
1000000,266.967017,0.000000,1
10000,1.763215,0.000000,1
50000,10.448569,0.000000,1
100000,23.135449,0.000000,1
500000,126.787864,0.000000,1
1000000,264.531986,0.000000,1
10000,1.733600,0.000000,1
50000,10.428599,0.000000,1
100000,-661.345207,0.000000,1
500000,125.043482,0.000000,1
1000000,266.026754,0.000000,1
10000,1.810851,0.000000,1
50000,11.954947,0.000000,1
100000,25.936041,0.000000,1
500000,127.113050,0.000000,1
1000000,267.875856,0.000000,1
10000,1.739741,0.000000,1
50000,10.294201,0.000000,1
100000,22.826273,0.000000,1
500000,137.507712,0.000000,1
1000000,268.144691,0.000000,1
10000,1.726929,0.000000,1
50000,10.359513,0.000000,1
100000,22.869077,0.000000,1
500000,130.059704,0.000000,1
1000000,273.601048,0.000000,1
10000,1.763061,0.000000,1
50000,10.428936,0.000000,1
100000,22.979189,0.000000,1
500000,127.145376,0.000000,1
1000000,277.035640,0.000000,1
10000,1.712818,0.000000,1
50000,10.754994,0.000000,1
100000,23.566111,0.000000,1
500000,126.793670,0.000000,1
1000000,269.630099,0.000000,1
10000,1.743834,0.000000,1
50000,10.642992,0.000000,1
100000,23.128347,0.000000,1
500000,126.823243,0.000000,1
1000000,266.382749,0.000000,1
10000,1.722487,0.000000,1
50000,10.631829,0.000000,1
100000,22.860074,0.000000,1
500000,128.956824,0.000000,1
1000000,264.279563,0.000000,1
10000,1.722118,0.000000,1
50000,11.079387,0.000000,1
100000,23.480961,0.000000,1
500000,129.400116,0.000000,1
1000000,267.906404,0.000000,1
10000,1.770348,0.000000,1
50000,10.256098,0.000000,1
100000,22.910451,0.000000,1
500000,127.862962,0.000000,1
1000000,264.994433,0.000000,1
10000,1.808947,0.000000,1
50000,10.559675,0.000000,1
100000,22.775566,0.000000,1
500000,124.904780,0.000000,1
1000000,267.325382,0.000000,1
10000,1.756246,0.000000,1
50000,10.384361,0.000000,1
100000,25.468251,0.000000,1
500000,130.983631,0.000000,1
1000000,272.583401,0.000000,1
10000,1.732956,0.000000,1
50000,11.573943,0.000000,1
100000,24.718549,0.000000,1
500000,132.140939,0.000000,1
1000000,276.569270,0.000000,1
10000,1.719131,0.000000,1
50000,10.986009,0.000000,1
100000,25.268899,0.000000,1
500000,136.561216,0.000000,1
1000000,268.210858,0.000000,1
10000,1.832771,0.000000,1
50000,10.287207,0.000000,1
100000,24.454685,0.000000,1
500000,132.336743,0.000000,1
1000000,271.740362,0.000000,1
10000,1.794139,0.000000,1
50000,10.449292,0.000000,1
100000,22.912385,0.000000,1
500000,130.958447,0.000000,1
1000000,269.659918,0.000000,1
10000,1.769038,0.000000,1
50000,10.384524,0.000000,1
100000,22.934713,0.000000,1
500000,129.739009,0.000000,1
1000000,274.309881,0.000000,1
10000,1.917937,0.000000,1
50000,10.411201,0.000000,1
100000,22.981010,0.000000,1
500000,139.686750,0.000000,1
1000000,275.061975,0.000000,1
10000,1.696910,0.000000,1
50000,10.401870,0.000000,1
100000,22.775327,0.000000,1
500000,132.548765,0.000000,1
1000000,276.456694,0.000000,1
10000,2.228522,0.000000,1
50000,10.693480,0.000000,1
100000,25.082162,0.000000,1
500000,132.713993,0.000000,1
1000000,281.537707,0.000000,1
10000,1.782217,0.000000,1
50000,11.251786,0.000000,1
100000,24.969116,0.000000,1
500000,127.592993,0.000000,1
1000000,275.679902,0.000000,1
