count,time,presortedPercentage,descending
10000,0.892542,0.000000,0
10000,0.946725,0.000000,0
10000,1.361952,0.000000,0
10000,1.575409,0.000000,0
10000,0.930020,0.000000,0
10000,0.903596,0.000000,0
10000,0.913009,0.000000,0
10000,1.164057,0.000000,0
10000,0.949457,0.000000,0
10000,1.000918,0.000000,0
10000,1.045177,0.000000,0
10000,0.948826,0.000000,0
10000,0.921332,0.000000,0
10000,1.385622,0.000000,0
10000,0.965846,0.000000,0
10000,1.048849,0.000000,0
10000,1.021273,0.000000,0
10000,0.928511,0.000000,0
10000,1.509064,0.000000,0
10000,1.129710,0.000000,0
10000,1.451899,0.000000,0
10000,0.961043,0.000000,0
10000,0.923912,0.000000,0
10000,1.123234,0.000000,0
10000,0.962297,0.000000,0
10000,0.986345,0.000000,0
10000,0.926981,0.000000,0
10000,1.359580,0.000000,0
10000,0.971730,0.000000,0
10000,1.294767,0.000000,0
10000,0.961971,0.000000,0
10000,0.938250,0.000000,0
10000,0.957158,0.000000,0
10000,1.048828,0.000000,0
10000,1.372977,0.000000,0
10000,0.899344,0.000000,0
10000,0.951467,0.000000,0
10000,0.896988,0.000000,0
10000,0.931387,0.000000,0
10000,1.258533,0.000000,0
10000,0.944135,0.000000,0
10000,0.921596,0.000000,0
10000,0.893429,0.000000,0
10000,0.910654,0.000000,0
10000,1.273555,0.000000,0
10000,0.975402,0.000000,0
10000,1.262535,0.000000,0
10000,1.133840,0.000000,0
10000,1.478629,0.000000,0
10000,0.994070,0.000000,0
10000,1.289463,0.000000,0
10000,0.961114,0.000000,0
10000,1.140397,0.000000,0
10000,1.472235,0.000000,0
10000,0.917017,0.000000,0
10000,1.053672,0.000000,0
10000,0.939703,0.000000,0
10000,0.921412,0.000000,0
10000,0.995034,0.000000,0
10000,1.547354,0.000000,0
10000,1.026402,0.000000,0
10000,0.936914,0.000000,0
10000,1.077944,0.000000,0
10000,0.982561,0.000000,0
10000,0.886872,0.000000,0
10000,1.234629,0.000000,0
10000,0.893378,0.000000,0
10000,0.914152,0.000000,0
10000,0.989802,0.000000,0
10000,0.963225,0.000000,0
10000,0.926012,0.000000,0
10000,0.957983,0.000000,0
10000,0.908665,0.000000,0
10000,0.944257,0.000000,0
10000,0.993851,0.000000,0
10000,0.932630,0.000000,0
10000,0.906911,0.000000,0
10000,0.910317,0.000000,0
10000,0.970241,0.000000,0
10000,0.917364,0.000000,0
10000,0.929959,0.000000,0
10000,0.946673,0.000000,0
10000,0.919873,0.000000,0
10000,1.008790,0.000000,0
10000,1.507163,0.000000,0
10000,0.955964,0.000000,0
10000,0.925207,0.000000,0
10000,0.985855,0.000000,0
10000,0.879111,0.000000,0
10000,0.944257,0.000000,0
10000,0.936690,0.000000,0
10000,1.437235,0.000000,0
10000,0.901710,0.000000,0
10000,0.897916,0.000000,0
10000,1.108896,0.000000,0
10000,1.064911,0.000000,0
10000,1.330613,0.000000,0
10000,1.180323,0.000000,0
10000,0.944766,0.000000,0
10000,0.997307,0.000000,0
50000,5.381944,0.000000,0
50000,8.084316,0.000000,0
50000,5.366102,0.000000,0
50000,4.745147,0.000000,0
50000,4.907526,0.000000,0
50000,4.900127,0.000000,0
50000,4.997551,0.000000,0
50000,4.842427,0.000000,0
50000,4.722925,0.000000,0
50000,4.651660,0.000000,0
50000,4.707067,0.000000,0
50000,4.852095,0.000000,0
50000,4.649488,0.000000,0
50000,4.930771,0.000000,0
50000,4.716949,0.000000,0
50000,5.819541,0.000000,0
50000,6.086680,0.000000,0
50000,4.945336,0.000000,0
50000,5.800706,0.000000,0
50000,5.023699,0.000000,0
50000,7.512750,0.000000,0
50000,4.832657,0.000000,0
50000,5.540713,0.000000,0
50000,5.676808,0.000000,0
50000,4.597717,0.000000,0
50000,5.273880,0.000000,0
50000,4.642558,0.000000,0
50000,4.725699,0.000000,0
50000,4.927295,0.000000,0
50000,4.905634,0.000000,0
50000,5.268624,0.000000,0
50000,4.821525,0.000000,0
50000,5.223172,0.000000,0
50000,4.633089,0.000000,0
50000,4.943062,0.000000,0
50000,5.425826,0.000000,0
50000,6.376616,0.000000,0
50000,5.261999,0.000000,0
50000,5.397684,0.000000,0
50000,4.941706,0.000000,0
50000,4.656917,0.000000,0
50000,5.605483,0.000000,0
50000,5.325288,0.000000,0
50000,7.212160,0.000000,0
50000,4.939401,0.000000,0
50000,4.841203,0.000000,0
50000,4.980636,0.000000,0
50000,5.040658,0.000000,0
50000,5.213260,0.000000,0
50000,5.450359,0.000000,0
50000,5.168751,0.000000,0
50000,5.409774,0.000000,0
50000,5.697429,0.000000,0
50000,5.464769,0.000000,0
50000,4.606986,0.000000,0
50000,5.232687,0.000000,0
50000,4.500942,0.000000,0
50000,5.321637,0.000000,0
50000,5.767504,0.000000,0
50000,4.568733,0.000000,0
50000,5.542591,0.000000,0
50000,6.817076,0.000000,0
50000,4.674800,0.000000,0
50000,5.247236,0.000000,0
50000,4.866383,0.000000,0
50000,5.374587,0.000000,0
50000,5.345275,0.000000,0
50000,5.108384,0.000000,0
50000,5.628776,0.000000,0
50000,5.872134,0.000000,0
50000,4.866953,0.000000,0
50000,4.897293,0.000000,0
50000,6.173050,0.000000,0
50000,4.974868,0.000000,0
50000,4.974746,0.000000,0
50000,4.898143,0.000000,0
50000,4.745170,0.000000,0
50000,6.869747,0.000000,0
50000,4.911193,0.000000,0
50000,5.000784,0.000000,0
50000,6.032244,0.000000,0
50000,6.728502,0.000000,0
50000,5.747839,0.000000,0
50000,4.757606,0.000000,0
50000,5.109139,0.000000,0
50000,5.083933,0.000000,0
50000,7.330571,0.000000,0
50000,5.114299,0.000000,0
50000,4.719186,0.000000,0
50000,5.062258,0.000000,0
50000,4.870523,0.000000,0
50000,4.874959,0.000000,0
50000,4.722895,0.000000,0
50000,4.469855,0.000000,0
50000,4.774273,0.000000,0
50000,5.126190,0.000000,0
50000,4.661511,0.000000,0
50000,5.074792,0.000000,0
50000,4.733021,0.000000,0
50000,4.756893,0.000000,0
100000,10.549450,0.000000,0
100000,9.987437,0.000000,0
100000,9.178020,0.000000,0
100000,13.951156,0.000000,0
100000,10.824341,0.000000,0
100000,9.351191,0.000000,0
100000,10.296926,0.000000,0
100000,10.608622,0.000000,0
100000,11.476826,0.000000,0
100000,10.638599,0.000000,0
100000,9.669179,0.000000,0
100000,9.973267,0.000000,0
100000,9.989121,0.000000,0
100000,10.415902,0.000000,0
100000,9.995332,0.000000,0
100000,10.539316,0.000000,0
100000,9.198478,0.000000,0
100000,9.714316,0.000000,0
100000,10.086412,0.000000,0
100000,9.437573,0.000000,0
100000,14.163727,0.000000,0
100000,9.735656,0.000000,0
100000,9.514039,0.000000,0
100000,10.034884,0.000000,0
100000,9.488645,0.000000,0
100000,10.503948,0.000000,0
100000,10.535507,0.000000,0
100000,9.495861,0.000000,0
100000,10.034297,0.000000,0
100000,9.546180,0.000000,0
100000,8.881926,0.000000,0
100000,9.734907,0.000000,0
100000,10.258411,0.000000,0
100000,9.909698,0.000000,0
100000,11.966736,0.000000,0
100000,10.603285,0.000000,0
100000,9.939974,0.000000,0
100000,14.081254,0.000000,0
100000,10.151902,0.000000,0
100000,9.746828,0.000000,0
100000,9.595145,0.000000,0
100000,10.122307,0.000000,0
100000,9.352986,0.000000,0
100000,9.910273,0.000000,0
100000,9.670475,0.000000,0
100000,9.788987,0.000000,0
100000,9.460331,0.000000,0
100000,9.468396,0.000000,0
100000,10.272930,0.000000,0
100000,10.056121,0.000000,0
100000,10.114685,0.000000,0
100000,10.588778,0.000000,0
100000,9.489869,0.000000,0
100000,10.381419,0.000000,0
100000,9.405479,0.000000,0
100000,9.527155,0.000000,0
100000,9.868094,0.000000,0
100000,9.050876,0.000000,0
100000,10.201930,0.000000,0
100000,10.292571,0.000000,0
100000,10.434560,0.000000,0
100000,9.527392,0.000000,0
100000,9.621737,0.000000,0
100000,9.373983,0.000000,0
100000,10.328989,0.000000,0
100000,9.718941,0.000000,0
100000,10.082458,0.000000,0
100000,9.696273,0.000000,0
100000,9.456762,0.000000,0
100000,10.252390,0.000000,0
100000,9.227477,0.000000,0
100000,9.464125,0.000000,0
100000,9.327439,0.000000,0
100000,9.593859,0.000000,0
100000,8.867839,0.000000,0
100000,10.178566,0.000000,0
100000,9.747725,0.000000,0
100000,10.414470,0.000000,0
100000,9.598669,0.000000,0
100000,9.615694,0.000000,0
100000,9.894894,0.000000,0
100000,9.418752,0.000000,0
100000,9.295499,0.000000,0
100000,10.023799,0.000000,0
100000,10.585463,0.000000,0
100000,9.456575,0.000000,0
100000,9.813167,0.000000,0
100000,10.135204,0.000000,0
100000,9.838937,0.000000,0
100000,10.019031,0.000000,0
100000,10.211272,0.000000,0
100000,10.605994,0.000000,0
100000,10.401904,0.000000,0
100000,10.718943,0.000000,0
100000,9.747603,0.000000,0
100000,10.054985,0.000000,0
100000,9.349753,0.000000,0
100000,9.280925,0.000000,0
100000,9.014967,0.000000,0
100000,9.324734,0.000000,0
500000,51.280403,0.000000,0
500000,50.433963,0.000000,0
500000,45.953404,0.000000,0
500000,53.519499,0.000000,0
500000,47.733096,0.000000,0
500000,54.946814,0.000000,0
500000,46.445924,0.000000,0
500000,45.597245,0.000000,0
500000,51.483294,0.000000,0
500000,48.118711,0.000000,0
500000,44.900006,0.000000,0
500000,49.850157,0.000000,0
500000,56.369012,0.000000,0
500000,48.479362,0.000000,0
500000,52.066539,0.000000,0
500000,45.792108,0.000000,0
500000,47.393845,0.000000,0
500000,46.921351,0.000000,0
500000,48.038788,0.000000,0
500000,52.055072,0.000000,0
500000,45.856421,0.000000,0
500000,47.702053,0.000000,0
500000,48.882112,0.000000,0
500000,48.244469,0.000000,0
500000,50.715409,0.000000,0
500000,48.232057,0.000000,0
500000,51.471927,0.000000,0
500000,47.665660,0.000000,0
500000,50.684567,0.000000,0
500000,50.348306,0.000000,0
500000,48.431320,0.000000,0
500000,49.197219,0.000000,0
500000,47.298873,0.000000,0
500000,47.442233,0.000000,0
500000,46.715930,0.000000,0
500000,51.769938,0.000000,0
500000,53.169313,0.000000,0
500000,49.762181,0.000000,0
500000,47.626324,0.000000,0
500000,50.132378,0.000000,0
500000,53.942650,0.000000,0
500000,52.586339,0.000000,0
500000,50.483418,0.000000,0
500000,47.384693,0.000000,0
500000,54.319791,0.000000,0
500000,53.572673,0.000000,0
500000,47.908246,0.000000,0
500000,51.327543,0.000000,0
500000,47.998690,0.000000,0
500000,50.023926,0.000000,0
500000,46.106777,0.000000,0
500000,47.158254,0.000000,0
500000,47.295813,0.000000,0
500000,47.040886,0.000000,0
500000,54.634281,0.000000,0
500000,56.656703,0.000000,0
500000,47.051331,0.000000,0
500000,47.085178,0.000000,0
500000,46.788883,0.000000,0
500000,53.991988,0.000000,0
500000,47.109716,0.000000,0
500000,49.059681,0.000000,0
500000,45.772640,0.000000,0
500000,47.527013,0.000000,0
500000,44.523499,0.000000,0
500000,54.042576,0.000000,0
500000,47.860176,0.000000,0
500000,49.994146,0.000000,0
500000,56.017374,0.000000,0
500000,47.337329,0.000000,0
500000,48.667103,0.000000,0
500000,55.386828,0.000000,0
500000,47.184847,0.000000,0
500000,47.075075,0.000000,0
500000,51.255034,0.000000,0
500000,47.542109,0.000000,0
500000,46.814465,0.000000,0
500000,48.297423,0.000000,0
500000,49.815500,0.000000,0
500000,46.846186,0.000000,0
500000,47.826852,0.000000,0
500000,51.317398,0.000000,0
500000,50.400575,0.000000,0
500000,52.747891,0.000000,0
500000,46.634060,0.000000,0
500000,46.686000,0.000000,0
500000,51.230622,0.000000,0
500000,50.454700,0.000000,0
500000,53.490447,0.000000,0
500000,51.864106,0.000000,0
500000,58.981968,0.000000,0
500000,50.196261,0.000000,0
500000,51.159478,0.000000,0
500000,55.502822,0.000000,0
500000,57.416355,0.000000,0
500000,50.257410,0.000000,0
500000,49.463043,0.000000,0
500000,48.448642,0.000000,0
500000,47.398485,0.000000,0
500000,46.794933,0.000000,0
1000000,120.559935,0.000000,0
1000000,100.623312,0.000000,0
1000000,106.226624,0.000000,0
1000000,96.025313,0.000000,0
1000000,99.378273,0.000000,0
1000000,106.728170,0.000000,0
1000000,109.852095,0.000000,0
1000000,95.259029,0.000000,0
1000000,108.957365,0.000000,0
1000000,99.625660,0.000000,0
1000000,95.442115,0.000000,0
1000000,95.430755,0.000000,0
1000000,111.187140,0.000000,0
1000000,105.025796,0.000000,0
1000000,94.296991,0.000000,0
1000000,93.143577,0.000000,0
1000000,97.237394,0.000000,0
1000000,100.008542,0.000000,0
1000000,109.773103,0.000000,0
1000000,111.685700,0.000000,0
1000000,103.814711,0.000000,0
1000000,97.837696,0.000000,0
1000000,95.551850,0.000000,0
1000000,99.748537,0.000000,0
1000000,95.285232,0.000000,0
1000000,106.367687,0.000000,0
1000000,97.290323,0.000000,0
1000000,92.737570,0.000000,0
1000000,104.886889,0.000000,0
1000000,98.994960,0.000000,0
1000000,92.832193,0.000000,0
1000000,94.073935,0.000000,0
1000000,95.714316,0.000000,0
1000000,101.998947,0.000000,0
1000000,109.426509,0.000000,0
1000000,103.077883,0.000000,0
1000000,97.459069,0.000000,0
1000000,107.402088,0.000000,0
1000000,96.296273,0.000000,0
1000000,92.480662,0.000000,0
1000000,93.336922,0.000000,0
1000000,97.618154,0.000000,0
1000000,104.893586,0.000000,0
1000000,94.740174,0.000000,0
1000000,100.283838,0.000000,0
1000000,99.256576,0.000000,0
1000000,95.895627,0.000000,0
1000000,107.417135,0.000000,0
1000000,92.225315,0.000000,0
1000000,92.887689,0.000000,0
1000000,97.338459,0.000000,0
1000000,92.869711,0.000000,0
1000000,91.398450,0.000000,0
1000000,96.659962,0.000000,0
1000000,99.607863,0.000000,0
1000000,94.963943,0.000000,0
1000000,96.930760,0.000000,0
1000000,93.584030,0.000000,0
1000000,99.763901,0.000000,0
1000000,99.469779,0.000000,0
1000000,92.293782,0.000000,0
1000000,96.863221,0.000000,0
1000000,97.491487,0.000000,0
1000000,95.775791,0.000000,0
1000000,100.437518,0.000000,0
1000000,92.901139,0.000000,0
1000000,97.271604,0.000000,0
1000000,96.101838,0.000000,0
1000000,91.268931,0.000000,0
1000000,95.640029,0.000000,0
1000000,92.176818,0.000000,0
1000000,111.398395,0.000000,0
1000000,95.936879,0.000000,0
1000000,91.828316,0.000000,0
1000000,101.751113,0.000000,0
1000000,100.787957,0.000000,0
1000000,94.934978,0.000000,0
1000000,94.965733,0.000000,0
1000000,98.456631,0.000000,0
1000000,95.033334,0.000000,0
1000000,107.363969,0.000000,0
1000000,98.961132,0.000000,0
1000000,91.403158,0.000000,0
1000000,98.359957,0.000000,0
1000000,90.835178,0.000000,0
1000000,90.633245,0.000000,0
1000000,92.372376,0.000000,0
1000000,112.036353,0.000000,0
1000000,97.015307,0.000000,0
1000000,90.035069,0.000000,0
1000000,93.694902,0.000000,0
1000000,95.009964,0.000000,0
1000000,95.039036,0.000000,0
1000000,95.415472,0.000000,0
1000000,95.761706,0.000000,0
1000000,92.633296,0.000000,0
1000000,95.854605,0.000000,0
1000000,91.941300,0.000000,0
1000000,89.963788,0.000000,0
1000000,90.880187,0.000000,0
10000,0.950047,25.000000,0
10000,0.991560,25.000000,0
10000,1.216489,25.000000,0
10000,1.051129,25.000000,0
10000,0.900065,25.000000,0
10000,0.874705,25.000000,0
10000,1.006172,25.000000,0
10000,0.959909,25.000000,0
10000,0.942252,25.000000,0
10000,1.002736,25.000000,0
10000,0.933653,25.000000,0
10000,1.226946,25.000000,0
10000,0.982413,25.000000,0
10000,0.998442,25.000000,0
10000,0.981853,25.000000,0
10000,1.086655,25.000000,0
10000,0.963549,25.000000,0
10000,0.917573,25.000000,0
10000,0.979180,25.000000,0
10000,1.292822,25.000000,0
10000,0.980527,25.000000,0
10000,1.161885,25.000000,0
10000,1.051272,25.000000,0
10000,0.940464,25.000000,0
10000,0.916787,25.000000,0
10000,0.937028,25.000000,0
10000,0.964304,25.000000,0
10000,0.991233,25.000000,0
10000,0.994446,25.000000,0
10000,0.899209,25.000000,0
10000,0.991370,25.000000,0
10000,1.264047,25.000000,0
10000,1.005601,25.000000,0
10000,0.977988,25.000000,0
10000,1.482348,25.000000,0
10000,1.495136,25.000000,0
10000,0.977273,25.000000,0
10000,1.385184,25.000000,0
10000,1.056585,25.000000,0
10000,0.982077,25.000000,0
10000,1.323942,25.000000,0
10000,1.387305,25.000000,0
10000,1.229964,25.000000,0
10000,0.941004,25.000000,0
10000,0.937455,25.000000,0
10000,0.997392,25.000000,0
10000,0.964936,25.000000,0
10000,1.006916,25.000000,0
10000,1.226860,25.000000,0
10000,1.619147,25.000000,0
10000,0.996669,25.000000,0
10000,0.972594,25.000000,0
10000,0.967995,25.000000,0
10000,0.916451,25.000000,0
10000,1.366055,25.000000,0
10000,0.958737,25.000000,0
10000,1.131500,25.000000,0
10000,1.077283,25.000000,0
10000,0.945940,25.000000,0
10000,1.182044,25.000000,0
10000,0.935590,25.000000,0
10000,0.965823,25.000000,0
10000,1.019458,25.000000,0
10000,0.939087,25.000000,0
10000,1.237668,25.000000,0
10000,0.991509,25.000000,0
10000,0.953791,25.000000,0
10000,0.913984,25.000000,0
10000,1.010394,25.000000,0
10000,1.036283,25.000000,0
10000,0.976122,25.000000,0
10000,1.224810,25.000000,0
10000,0.944482,25.000000,0
10000,0.988052,25.000000,0
10000,1.188294,25.000000,0
10000,1.000676,25.000000,0
10000,1.032764,25.000000,0
10000,1.550977,25.000000,0
10000,1.207158,25.000000,0
10000,1.073837,25.000000,0
10000,0.970024,25.000000,0
10000,0.999829,25.000000,0
10000,1.050640,25.000000,0
10000,1.046490,25.000000,0
10000,0.946857,25.000000,0
10000,1.160591,25.000000,0
10000,1.033999,25.000000,0
10000,1.287387,25.000000,0
10000,0.907621,25.000000,0
10000,0.976122,25.000000,0
10000,1.743798,25.000000,0
10000,1.099461,25.000000,0
10000,0.936854,25.000000,0
10000,0.923221,25.000000,0
10000,0.974134,25.000000,0
10000,0.908650,25.000000,0
10000,0.926250,25.000000,0
10000,1.374651,25.000000,0
10000,0.975163,25.000000,0
10000,1.002694,25.000000,0
50000,4.648523,25.000000,0
50000,4.672710,25.000000,0
50000,4.767315,25.000000,0
50000,4.718208,25.000000,0
50000,4.747542,25.000000,0
50000,5.588104,25.000000,0
50000,5.148989,25.000000,0
50000,5.154394,25.000000,0
50000,5.129858,25.000000,0
50000,4.815244,25.000000,0
50000,4.738010,25.000000,0
50000,5.618517,25.000000,0
50000,4.959604,25.000000,0
50000,5.358723,25.000000,0
50000,4.614811,25.000000,0
50000,5.291080,25.000000,0
50000,5.305392,25.000000,0
50000,5.000013,25.000000,0
50000,4.632615,25.000000,0
50000,7.215731,25.000000,0
50000,5.290009,25.000000,0
50000,4.539478,25.000000,0
50000,4.829545,25.000000,0
50000,5.354049,25.000000,0
50000,5.613572,25.000000,0
50000,4.902544,25.000000,0
50000,4.786841,25.000000,0
50000,5.273827,25.000000,0
50000,4.663329,25.000000,0
50000,4.891551,25.000000,0
50000,4.880538,25.000000,0
50000,5.235140,25.000000,0
50000,4.922702,25.000000,0
50000,5.003920,25.000000,0
50000,5.478944,25.000000,0
50000,5.129399,25.000000,0
50000,6.992171,25.000000,0
50000,4.647708,25.000000,0
50000,5.327707,25.000000,0
50000,5.407282,25.000000,0
50000,5.673461,25.000000,0
50000,5.019990,25.000000,0
50000,5.412278,25.000000,0
50000,4.931778,25.000000,0
50000,5.267194,25.000000,0
50000,4.970148,25.000000,0
50000,4.686041,25.000000,0
50000,5.108498,25.000000,0
50000,4.899740,25.000000,0
50000,5.122873,25.000000,0
50000,5.961887,25.000000,0
50000,5.838561,25.000000,0
50000,4.787708,25.000000,0
50000,4.970932,25.000000,0
50000,5.594034,25.000000,0
50000,5.164559,25.000000,0
50000,5.851002,25.000000,0
50000,4.880616,25.000000,0
50000,5.842263,25.000000,0
50000,5.007885,25.000000,0
50000,4.895242,25.000000,0
50000,5.523096,25.000000,0
50000,5.443305,25.000000,0
50000,4.595932,25.000000,0
50000,6.017880,25.000000,0
50000,6.793784,25.000000,0
50000,4.890297,25.000000,0
50000,4.825594,25.000000,0
50000,4.783261,25.000000,0
50000,5.720566,25.000000,0
50000,5.328533,25.000000,0
50000,6.276991,25.000000,0
50000,5.377651,25.000000,0
50000,4.729801,25.000000,0
50000,4.675809,25.000000,0
50000,5.053017,25.000000,0
50000,4.896064,25.000000,0
50000,4.619727,25.000000,0
50000,5.001584,25.000000,0
50000,4.818839,25.000000,0
50000,5.226121,25.000000,0
50000,5.390356,25.000000,0
50000,4.663124,25.000000,0
50000,4.921928,25.000000,0
50000,6.368944,25.000000,0
50000,4.615179,25.000000,0
50000,4.960359,25.000000,0
50000,5.148356,25.000000,0
50000,5.391467,25.000000,0
50000,4.816657,25.000000,0
50000,4.483407,25.000000,0
50000,4.836846,25.000000,0
50000,4.692787,25.000000,0
50000,5.060704,25.000000,0
50000,5.108384,25.000000,0
50000,4.743455,25.000000,0
50000,4.745412,25.000000,0
50000,4.759371,25.000000,0
50000,4.676216,25.000000,0
50000,4.962307,25.000000,0
100000,9.140413,25.000000,0
100000,9.116439,25.000000,0
100000,10.487775,25.000000,0
100000,10.739300,25.000000,0
100000,8.822643,25.000000,0
100000,9.471471,25.000000,0
100000,9.696216,25.000000,0
100000,9.786336,25.000000,0
100000,9.678626,25.000000,0
100000,10.082111,25.000000,0
100000,10.237295,25.000000,0
100000,9.156810,25.000000,0
100000,12.384135,25.000000,0
100000,9.601424,25.000000,0
100000,9.498114,25.000000,0
100000,12.150659,25.000000,0
100000,10.382072,25.000000,0
100000,9.360764,25.000000,0
100000,9.707536,25.000000,0
100000,9.054567,25.000000,0
100000,9.100156,25.000000,0
100000,11.261435,25.000000,0
100000,9.427389,25.000000,0
100000,9.600346,25.000000,0
100000,10.703511,25.000000,0
100000,9.660895,25.000000,0
100000,9.599551,25.000000,0
100000,10.399607,25.000000,0
100000,10.591406,25.000000,0
100000,10.761203,25.000000,0
100000,9.166272,25.000000,0
100000,10.268784,25.000000,0
100000,9.991525,25.000000,0
100000,9.950216,25.000000,0
100000,9.980552,25.000000,0
100000,10.924936,25.000000,0
100000,10.489756,25.000000,0
100000,11.094882,25.000000,0
100000,9.691087,25.000000,0
100000,9.816905,25.000000,0
100000,10.439761,25.000000,0
100000,9.820780,25.000000,0
100000,10.592337,25.000000,0
100000,10.116019,25.000000,0
100000,10.192603,25.000000,0
100000,9.833577,25.000000,0
100000,9.325934,25.000000,0
100000,9.817690,25.000000,0
100000,11.615107,25.000000,0
100000,9.881490,25.000000,0
100000,10.342486,25.000000,0
100000,9.835392,25.000000,0
100000,9.602359,25.000000,0
100000,11.271905,25.000000,0
100000,9.863463,25.000000,0
100000,10.503118,25.000000,0
100000,10.419688,25.000000,0
100000,10.733367,25.000000,0
100000,11.159424,25.000000,0
100000,12.046785,25.000000,0
100000,11.326428,25.000000,0
100000,10.112885,25.000000,0
100000,9.059229,25.000000,0
100000,9.747872,25.000000,0
100000,9.508545,25.000000,0
100000,9.874761,25.000000,0
100000,9.836319,25.000000,0
100000,10.789021,25.000000,0
100000,9.484980,25.000000,0
100000,9.769755,25.000000,0
100000,9.466284,25.000000,0
100000,9.565475,25.000000,0
100000,11.966483,25.000000,0
100000,11.330527,25.000000,0
100000,10.474115,25.000000,0
100000,11.443324,25.000000,0
100000,9.095680,25.000000,0
100000,9.515653,25.000000,0
100000,11.671995,25.000000,0
100000,9.888245,25.000000,0
100000,10.122152,25.000000,0
100000,10.161727,25.000000,0
100000,9.730538,25.000000,0
100000,9.256895,25.000000,0
100000,9.000179,25.000000,0
100000,9.367015,25.000000,0
100000,11.812996,25.000000,0
100000,9.957212,25.000000,0
100000,10.480514,25.000000,0
100000,9.996145,25.000000,0
100000,10.033252,25.000000,0
100000,10.182131,25.000000,0
100000,10.271258,25.000000,0
100000,9.566259,25.000000,0
100000,11.870667,25.000000,0
100000,10.204821,25.000000,0
100000,9.708951,25.000000,0
100000,10.720580,25.000000,0
100000,9.791249,25.000000,0
100000,9.211445,25.000000,0
500000,49.395084,25.000000,0
500000,55.489831,25.000000,0
500000,47.566176,25.000000,0
500000,46.870435,25.000000,0
500000,46.526682,25.000000,0
500000,52.025527,25.000000,0
500000,64.490353,25.000000,0
500000,50.248046,25.000000,0
500000,48.093344,25.000000,0
500000,47.877418,25.000000,0
500000,49.395962,25.000000,0
500000,70.737738,25.000000,0
500000,45.866215,25.000000,0
500000,49.707931,25.000000,0
500000,59.429682,25.000000,0
500000,48.285145,25.000000,0
500000,60.192213,25.000000,0
500000,57.991746,25.000000,0
500000,53.714560,25.000000,0
500000,55.083817,25.000000,0
500000,47.574697,25.000000,0
500000,43.845060,25.000000,0
500000,46.352760,25.000000,0
500000,45.100995,25.000000,0
500000,45.819193,25.000000,0
500000,54.033034,25.000000,0
500000,48.183494,25.000000,0
500000,57.469750,25.000000,0
500000,46.793196,25.000000,0
500000,55.737548,25.000000,0
500000,56.165366,25.000000,0
500000,47.272882,25.000000,0
500000,47.560763,25.000000,0
500000,46.645265,25.000000,0
500000,50.689972,25.000000,0
500000,50.572795,25.000000,0
500000,45.731789,25.000000,0
500000,46.809292,25.000000,0
500000,62.558996,25.000000,0
500000,47.864319,25.000000,0
500000,51.502802,25.000000,0
500000,49.261584,25.000000,0
500000,44.891466,25.000000,0
500000,52.041190,25.000000,0
500000,45.880684,25.000000,0
500000,52.213485,25.000000,0
500000,49.811799,25.000000,0
500000,52.619557,25.000000,0
500000,57.454697,25.000000,0
500000,49.903412,25.000000,0
500000,49.446944,25.000000,0
500000,47.169560,25.000000,0
500000,48.273162,25.000000,0
500000,50.009853,25.000000,0
500000,55.557681,25.000000,0
500000,51.181051,25.000000,0
500000,56.572415,25.000000,0
500000,49.210123,25.000000,0
500000,46.938868,25.000000,0
500000,48.075023,25.000000,0
500000,48.201641,25.000000,0
500000,48.782904,25.000000,0
500000,52.035250,25.000000,0
500000,48.917932,25.000000,0
500000,48.833109,25.000000,0
500000,61.093926,25.000000,0
500000,54.173279,25.000000,0
500000,51.242475,25.000000,0
500000,44.999546,25.000000,0
500000,53.332825,25.000000,0
500000,49.576317,25.000000,0
500000,50.492800,25.000000,0
500000,53.098761,25.000000,0
500000,52.146497,25.000000,0
500000,52.024694,25.000000,0
500000,49.363096,25.000000,0
500000,47.079865,25.000000,0
500000,50.240112,25.000000,0
500000,51.123374,25.000000,0
500000,50.537156,25.000000,0
500000,49.141817,25.000000,0
500000,47.146421,25.000000,0
500000,53.162640,25.000000,0
500000,44.336703,25.000000,0
500000,45.553905,25.000000,0
500000,48.773647,25.000000,0
500000,46.642441,25.000000,0
500000,47.573443,25.000000,0
500000,50.996627,25.000000,0
500000,51.370788,25.000000,0
500000,54.358530,25.000000,0
500000,48.323152,25.000000,0
500000,45.193802,25.000000,0
500000,59.639888,25.000000,0
500000,52.319405,25.000000,0
500000,48.899631,25.000000,0
500000,49.376834,25.000000,0
500000,47.098000,25.000000,0
500000,47.796756,25.000000,0
500000,47.800168,25.000000,0
1000000,109.681798,25.000000,0
1000000,100.139873,25.000000,0
1000000,91.806680,25.000000,0
1000000,94.316620,25.000000,0
1000000,104.191768,25.000000,0
1000000,136.191010,25.000000,0
1000000,99.627301,25.000000,0
1000000,93.460410,25.000000,0
1000000,126.450324,25.000000,0
1000000,105.443217,25.000000,0
1000000,98.184355,25.000000,0
1000000,93.257828,25.000000,0
1000000,104.503594,25.000000,0
1000000,113.332068,25.000000,0
1000000,100.236615,25.000000,0
1000000,113.836045,25.000000,0
1000000,97.951671,25.000000,0
1000000,94.541588,25.000000,0
1000000,102.127417,25.000000,0
1000000,96.995720,25.000000,0
1000000,94.592328,25.000000,0
1000000,88.267865,25.000000,0
1000000,106.007437,25.000000,0
1000000,100.005396,25.000000,0
1000000,124.597057,25.000000,0
1000000,118.117695,25.000000,0
1000000,99.911189,25.000000,0
1000000,96.052580,25.000000,0
1000000,94.419458,25.000000,0
1000000,101.380381,25.000000,0
1000000,98.663933,25.000000,0
1000000,102.931251,25.000000,0
1000000,97.969886,25.000000,0
1000000,112.272727,25.000000,0
1000000,101.320953,25.000000,0
1000000,97.860560,25.000000,0
1000000,104.856745,25.000000,0
1000000,115.263386,25.000000,0
1000000,98.474893,25.000000,0
1000000,115.612831,25.000000,0
1000000,98.354827,25.000000,0
1000000,93.744395,25.000000,0
1000000,124.099355,25.000000,0
1000000,105.528956,25.000000,0
1000000,106.757415,25.000000,0
1000000,90.781655,25.000000,0
1000000,106.889261,25.000000,0
1000000,105.208270,25.000000,0
1000000,102.491078,25.000000,0
1000000,101.435208,25.000000,0
1000000,97.117119,25.000000,0
1000000,96.411232,25.000000,0
1000000,106.258283,25.000000,0
1000000,104.953487,25.000000,0
1000000,107.168952,25.000000,0
1000000,94.885250,25.000000,0
1000000,124.975166,25.000000,0
1000000,98.044904,25.000000,0
1000000,93.493300,25.000000,0
1000000,101.009387,25.000000,0
1000000,110.271262,25.000000,0
1000000,96.128590,25.000000,0
1000000,102.625113,25.000000,0
1000000,96.971077,25.000000,0
1000000,94.927350,25.000000,0
1000000,94.796947,25.000000,0
1000000,91.501529,25.000000,0
1000000,103.818438,25.000000,0
1000000,95.783030,25.000000,0
1000000,108.261264,25.000000,0
1000000,119.414037,25.000000,0
1000000,92.651423,25.000000,0
1000000,106.178876,25.000000,0
1000000,119.335062,25.000000,0
1000000,131.941252,25.000000,0
1000000,107.430295,25.000000,0
1000000,99.713648,25.000000,0
1000000,94.989388,25.000000,0
1000000,96.756457,25.000000,0
1000000,107.692121,25.000000,0
1000000,103.357109,25.000000,0
1000000,109.089309,25.000000,0
1000000,118.110022,25.000000,0
1000000,102.558038,25.000000,0
1000000,119.156696,25.000000,0
1000000,97.336825,25.000000,0
1000000,91.230142,25.000000,0
1000000,97.612637,25.000000,0
1000000,93.491242,25.000000,0
1000000,93.015374,25.000000,0
1000000,119.470701,25.000000,0
1000000,112.022436,25.000000,0
1000000,104.774689,25.000000,0
1000000,107.916503,25.000000,0
1000000,108.341158,25.000000,0
1000000,108.763527,25.000000,0
1000000,102.591378,25.000000,0
1000000,101.269629,25.000000,0
1000000,118.525284,25.000000,0
1000000,110.799408,25.000000,0
10000,1.103512,50.000000,0
10000,1.037789,50.000000,0
10000,0.892684,50.000000,0
10000,0.941943,50.000000,0
10000,0.874255,50.000000,0
10000,0.943249,50.000000,0
10000,0.892684,50.000000,0
10000,1.023404,50.000000,0
10000,1.149240,50.000000,0
10000,1.110628,50.000000,0
10000,1.013796,50.000000,0
10000,1.326185,50.000000,0
10000,0.993159,50.000000,0
10000,0.986878,50.000000,0
10000,0.978005,50.000000,0
10000,0.985910,50.000000,0
10000,0.967246,50.000000,0
10000,0.893153,50.000000,0
10000,1.251104,50.000000,0
10000,1.079114,50.000000,0
10000,1.079129,50.000000,0
10000,1.075932,50.000000,0
10000,1.293630,50.000000,0
10000,1.752659,50.000000,0
10000,1.419900,50.000000,0
10000,1.515174,50.000000,0
10000,0.873072,50.000000,0
10000,1.545908,50.000000,0
10000,1.187067,50.000000,0
10000,1.139021,50.000000,0
10000,0.999279,50.000000,0
10000,1.740962,50.000000,0
10000,1.045887,50.000000,0
10000,0.930041,50.000000,0
10000,1.179112,50.000000,0
10000,1.704832,50.000000,0
10000,0.926512,50.000000,0
10000,1.171728,50.000000,0
10000,0.970795,50.000000,0
10000,1.011702,50.000000,0
10000,0.975388,50.000000,0
10000,0.874004,50.000000,0
10000,1.128893,50.000000,0
10000,0.903076,50.000000,0
10000,0.990285,50.000000,0
10000,0.940534,50.000000,0
10000,1.249604,50.000000,0
10000,1.439635,50.000000,0
10000,1.291745,50.000000,0
10000,1.589116,50.000000,0
10000,1.273673,50.000000,0
10000,0.892357,50.000000,0
10000,1.442010,50.000000,0
10000,1.192390,50.000000,0
10000,0.922400,50.000000,0
10000,0.937483,50.000000,0
10000,1.287736,50.000000,0
10000,1.045856,50.000000,0
10000,0.990937,50.000000,0
10000,1.122426,50.000000,0
10000,1.150259,50.000000,0
10000,0.937782,50.000000,0
10000,1.105319,50.000000,0
10000,0.993018,50.000000,0
10000,0.936895,50.000000,0
10000,1.116257,50.000000,0
10000,1.031425,50.000000,0
10000,1.401523,50.000000,0
10000,0.911397,50.000000,0
10000,0.928195,50.000000,0
10000,0.842761,50.000000,0
10000,0.944299,50.000000,0
10000,0.932816,50.000000,0
10000,1.296042,50.000000,0
10000,1.051455,50.000000,0
10000,0.935946,50.000000,0
10000,1.032700,50.000000,0
10000,0.871236,50.000000,0
10000,0.991819,50.000000,0
10000,0.955079,50.000000,0
10000,0.920750,50.000000,0
10000,1.299822,50.000000,0
10000,0.992916,50.000000,0
10000,1.657355,50.000000,0
10000,1.033670,50.000000,0
10000,0.910332,50.000000,0
10000,1.286003,50.000000,0
10000,1.271857,50.000000,0
10000,1.558164,50.000000,0
10000,1.045571,50.000000,0
10000,1.197214,50.000000,0
10000,1.150677,50.000000,0
10000,1.054046,50.000000,0
10000,1.371152,50.000000,0
10000,0.951325,50.000000,0
10000,1.102851,50.000000,0
10000,1.041053,50.000000,0
10000,1.391467,50.000000,0
10000,0.925728,50.000000,0
10000,0.932581,50.000000,0
50000,5.160125,50.000000,0
50000,5.639668,50.000000,0
50000,4.984997,50.000000,0
50000,5.133264,50.000000,0
50000,5.835928,50.000000,0
50000,5.093999,50.000000,0
50000,4.586118,50.000000,0
50000,4.613664,50.000000,0
50000,4.979540,50.000000,0
50000,4.998979,50.000000,0
50000,5.060067,50.000000,0
50000,5.686985,50.000000,0
50000,4.552370,50.000000,0
50000,5.118140,50.000000,0
50000,4.758301,50.000000,0
50000,4.690920,50.000000,0
50000,6.195926,50.000000,0
50000,5.126960,50.000000,0
50000,5.637461,50.000000,0
50000,6.969787,50.000000,0
50000,4.607628,50.000000,0
50000,4.533768,50.000000,0
50000,5.559687,50.000000,0
50000,4.463795,50.000000,0
50000,4.506069,50.000000,0
50000,5.694644,50.000000,0
50000,4.900766,50.000000,0
50000,4.899491,50.000000,0
50000,5.084810,50.000000,0
50000,6.275293,50.000000,0
50000,5.336919,50.000000,0
50000,4.558388,50.000000,0
50000,6.137590,50.000000,0
50000,4.900800,50.000000,0
50000,4.751684,50.000000,0
50000,5.512651,50.000000,0
50000,4.610238,50.000000,0
50000,7.335226,50.000000,0
50000,4.712683,50.000000,0
50000,5.229690,50.000000,0
50000,4.653869,50.000000,0
50000,4.632185,50.000000,0
50000,4.487272,50.000000,0
50000,4.567466,50.000000,0
50000,6.123906,50.000000,0
50000,4.805061,50.000000,0
50000,4.746832,50.000000,0
50000,5.083657,50.000000,0
50000,4.613113,50.000000,0
50000,4.743739,50.000000,0
50000,4.763319,50.000000,0
50000,5.441433,50.000000,0
50000,5.069460,50.000000,0
50000,4.288136,50.000000,0
50000,5.602604,50.000000,0
50000,5.342691,50.000000,0
50000,5.052184,50.000000,0
50000,6.301237,50.000000,0
50000,4.757547,50.000000,0
50000,4.630555,50.000000,0
50000,4.474789,50.000000,0
50000,4.894370,50.000000,0
50000,4.349470,50.000000,0
50000,5.256657,50.000000,0
50000,4.819462,50.000000,0
50000,5.172440,50.000000,0
50000,6.243692,50.000000,0
50000,5.759722,50.000000,0
50000,5.036234,50.000000,0
50000,5.280317,50.000000,0
50000,7.240142,50.000000,0
50000,6.426855,50.000000,0
50000,4.481419,50.000000,0
50000,5.401221,50.000000,0
50000,6.122777,50.000000,0
50000,4.616459,50.000000,0
50000,5.380569,50.000000,0
50000,5.571058,50.000000,0
50000,4.631348,50.000000,0
50000,4.964053,50.000000,0
50000,4.804040,50.000000,0
50000,4.585732,50.000000,0
50000,6.620617,50.000000,0
50000,4.170514,50.000000,0
50000,5.016407,50.000000,0
50000,5.214740,50.000000,0
50000,4.739323,50.000000,0
50000,4.385654,50.000000,0
50000,4.985546,50.000000,0
50000,5.889071,50.000000,0
50000,4.372112,50.000000,0
50000,5.156199,50.000000,0
50000,4.414068,50.000000,0
50000,4.717154,50.000000,0
50000,4.909374,50.000000,0
50000,5.655136,50.000000,0
50000,5.318449,50.000000,0
50000,4.830507,50.000000,0
50000,4.445897,50.000000,0
50000,4.515616,50.000000,0
100000,8.815234,50.000000,0
100000,9.039429,50.000000,0
100000,8.787269,50.000000,0
100000,9.825468,50.000000,0
100000,9.151411,50.000000,0
100000,12.114340,50.000000,0
100000,10.108988,50.000000,0
100000,10.415793,50.000000,0
100000,11.040264,50.000000,0
100000,9.820445,50.000000,0
100000,9.768345,50.000000,0
100000,8.656656,50.000000,0
100000,9.267349,50.000000,0
100000,12.097260,50.000000,0
100000,10.416069,50.000000,0
100000,10.012289,50.000000,0
100000,8.768992,50.000000,0
100000,9.262759,50.000000,0
100000,14.744518,50.000000,0
100000,10.441824,50.000000,0
100000,12.223350,50.000000,0
100000,10.286434,50.000000,0
100000,9.142467,50.000000,0
100000,9.588430,50.000000,0
100000,9.299297,50.000000,0
100000,9.867750,50.000000,0
100000,9.794188,50.000000,0
100000,9.507590,50.000000,0
100000,9.092606,50.000000,0
100000,9.377096,50.000000,0
100000,15.694845,50.000000,0
100000,9.750551,50.000000,0
100000,9.033679,50.000000,0
100000,9.213172,50.000000,0
100000,10.205539,50.000000,0
100000,9.572765,50.000000,0
100000,10.617429,50.000000,0
100000,12.519000,50.000000,0
100000,12.933043,50.000000,0
100000,9.079572,50.000000,0
100000,9.286196,50.000000,0
100000,10.062968,50.000000,0
100000,10.930537,50.000000,0
100000,14.804579,50.000000,0
100000,9.637986,50.000000,0
100000,12.067039,50.000000,0
100000,11.066933,50.000000,0
100000,10.378364,50.000000,0
100000,10.360546,50.000000,0
100000,9.929861,50.000000,0
100000,8.973343,50.000000,0
100000,8.797632,50.000000,0
100000,9.952828,50.000000,0
100000,8.699971,50.000000,0
100000,10.088694,50.000000,0
100000,9.209553,50.000000,0
100000,8.898537,50.000000,0
100000,9.401650,50.000000,0
100000,8.861139,50.000000,0
100000,10.088468,50.000000,0
100000,8.948072,50.000000,0
100000,9.009967,50.000000,0
100000,10.760750,50.000000,0
100000,11.035715,50.000000,0
100000,9.277434,50.000000,0
100000,10.403045,50.000000,0
100000,11.817121,50.000000,0
100000,9.633540,50.000000,0
100000,10.651430,50.000000,0
100000,16.340262,50.000000,0
100000,10.397227,50.000000,0
100000,12.286640,50.000000,0
100000,10.534719,50.000000,0
100000,11.801987,50.000000,0
100000,9.598945,50.000000,0
100000,10.891193,50.000000,0
100000,10.878102,50.000000,0
100000,10.659957,50.000000,0
100000,9.105436,50.000000,0
100000,9.171403,50.000000,0
100000,11.959944,50.000000,0
100000,9.925483,50.000000,0
100000,8.683092,50.000000,0
100000,9.761125,50.000000,0
100000,11.592802,50.000000,0
100000,11.745539,50.000000,0
100000,10.839441,50.000000,0
100000,9.340667,50.000000,0
100000,12.326518,50.000000,0
100000,10.274969,50.000000,0
100000,12.562100,50.000000,0
100000,10.110713,50.000000,0
100000,13.900067,50.000000,0
100000,10.279715,50.000000,0
100000,10.028937,50.000000,0
100000,11.406067,50.000000,0
100000,9.296808,50.000000,0
100000,10.281036,50.000000,0
100000,8.486258,50.000000,0
100000,9.551369,50.000000,0
500000,42.764478,50.000000,0
500000,47.530337,50.000000,0
500000,54.787566,50.000000,0
500000,45.696840,50.000000,0
500000,52.754024,50.000000,0
500000,54.165957,50.000000,0
500000,52.586330,50.000000,0
500000,46.629068,50.000000,0
500000,44.792906,50.000000,0
500000,46.470948,50.000000,0
500000,59.716227,50.000000,0
500000,46.514806,50.000000,0
500000,52.098049,50.000000,0
500000,51.130940,50.000000,0
500000,51.452404,50.000000,0
500000,50.902798,50.000000,0
500000,53.045915,50.000000,0
500000,47.456174,50.000000,0
500000,49.904015,50.000000,0
500000,52.236068,50.000000,0
500000,61.784929,50.000000,0
500000,46.159970,50.000000,0
500000,48.924996,50.000000,0
500000,50.838017,50.000000,0
500000,47.803952,50.000000,0
500000,61.047673,50.000000,0
500000,48.263333,50.000000,0
500000,53.750596,50.000000,0
500000,49.970061,50.000000,0
500000,53.767399,50.000000,0
500000,56.781755,50.000000,0
500000,58.755813,50.000000,0
500000,49.943993,50.000000,0
500000,48.669927,50.000000,0
500000,45.267514,50.000000,0
500000,53.036691,50.000000,0
500000,52.587890,50.000000,0
500000,51.219970,50.000000,0
500000,66.465361,50.000000,0
500000,44.587610,50.000000,0
500000,50.474890,50.000000,0
500000,52.583177,50.000000,0
500000,58.412149,50.000000,0
500000,54.292304,50.000000,0
500000,51.796592,50.000000,0
500000,57.050289,50.000000,0
500000,45.213154,50.000000,0
500000,44.737057,50.000000,0
500000,49.568029,50.000000,0
500000,60.916580,50.000000,0
500000,46.456839,50.000000,0
500000,49.587985,50.000000,0
500000,53.687502,50.000000,0
500000,45.976621,50.000000,0
500000,46.042550,50.000000,0
500000,44.765245,50.000000,0
500000,56.363504,50.000000,0
500000,50.864783,50.000000,0
500000,50.183239,50.000000,0
500000,51.956664,50.000000,0
500000,50.392432,50.000000,0
500000,52.533608,50.000000,0
500000,43.110771,50.000000,0
500000,71.425898,50.000000,0
500000,52.314891,50.000000,0
500000,63.351484,50.000000,0
500000,46.239953,50.000000,0
500000,66.959698,50.000000,0
500000,44.685471,50.000000,0
500000,52.245134,50.000000,0
500000,48.098534,50.000000,0
500000,64.299106,50.000000,0
500000,58.002659,50.000000,0
500000,46.715718,50.000000,0
500000,52.191670,50.000000,0
500000,46.487317,50.000000,0
500000,51.263382,50.000000,0
500000,51.670210,50.000000,0
500000,50.690060,50.000000,0
500000,47.240875,50.000000,0
500000,48.329043,50.000000,0
500000,58.754843,50.000000,0
500000,54.056438,50.000000,0
500000,47.419588,50.000000,0
500000,54.647365,50.000000,0
500000,50.827383,50.000000,0
500000,44.966025,50.000000,0
500000,43.717907,50.000000,0
500000,47.441124,50.000000,0
500000,49.502176,50.000000,0
500000,50.761042,50.000000,0
500000,52.726733,50.000000,0
500000,54.385930,50.000000,0
500000,53.200794,50.000000,0
500000,63.526295,50.000000,0
500000,46.779652,50.000000,0
500000,57.617983,50.000000,0
500000,46.064087,50.000000,0
500000,47.586242,50.000000,0
500000,50.105113,50.000000,0
1000000,99.528900,50.000000,0
1000000,91.052125,50.000000,0
1000000,98.244811,50.000000,0
1000000,113.946763,50.000000,0
1000000,96.927194,50.000000,0
1000000,95.778952,50.000000,0
1000000,93.561978,50.000000,0
1000000,128.435179,50.000000,0
1000000,91.256601,50.000000,0
1000000,95.510918,50.000000,0
1000000,110.496600,50.000000,0
1000000,95.568924,50.000000,0
1000000,119.330874,50.000000,0
1000000,99.075077,50.000000,0
1000000,122.247537,50.000000,0
1000000,155.767356,50.000000,0
1000000,88.209571,50.000000,0
1000000,102.190399,50.000000,0
1000000,90.256246,50.000000,0
1000000,116.952576,50.000000,0
1000000,130.967590,50.000000,0
1000000,103.657178,50.000000,0
1000000,110.994921,50.000000,0
1000000,88.326402,50.000000,0
1000000,131.333315,50.000000,0
1000000,130.531357,50.000000,0
1000000,113.049275,50.000000,0
1000000,100.005953,50.000000,0
1000000,95.990612,50.000000,0
1000000,98.071551,50.000000,0
1000000,129.402971,50.000000,0
1000000,91.655018,50.000000,0
1000000,90.144820,50.000000,0
1000000,109.619540,50.000000,0
1000000,100.254736,50.000000,0
1000000,95.895110,50.000000,0
1000000,98.707087,50.000000,0
1000000,93.198972,50.000000,0
1000000,129.409146,50.000000,0
1000000,114.942495,50.000000,0
1000000,87.735007,50.000000,0
1000000,131.790545,50.000000,0
1000000,117.174153,50.000000,0
1000000,125.590964,50.000000,0
1000000,116.315671,50.000000,0
1000000,117.860320,50.000000,0
1000000,91.911032,50.000000,0
1000000,147.271782,50.000000,0
1000000,90.611933,50.000000,0
1000000,93.313193,50.000000,0
1000000,136.986176,50.000000,0
1000000,94.024827,50.000000,0
1000000,87.225139,50.000000,0
1000000,132.032669,50.000000,0
1000000,148.383977,50.000000,0
1000000,92.128924,50.000000,0
1000000,140.278524,50.000000,0
1000000,95.817239,50.000000,0
1000000,120.292667,50.000000,0
1000000,93.129821,50.000000,0
1000000,93.747491,50.000000,0
1000000,92.531623,50.000000,0
1000000,93.496168,50.000000,0
1000000,104.206622,50.000000,0
1000000,92.665860,50.000000,0
1000000,101.607935,50.000000,0
1000000,89.391415,50.000000,0
1000000,101.041450,50.000000,0
1000000,110.874956,50.000000,0
1000000,134.909777,50.000000,0
1000000,87.852997,50.000000,0
1000000,122.048853,50.000000,0
1000000,122.662351,50.000000,0
1000000,101.150990,50.000000,0
1000000,117.861302,50.000000,0
1000000,144.195829,50.000000,0
1000000,109.340909,50.000000,0
1000000,104.840201,50.000000,0
1000000,126.332721,50.000000,0
1000000,108.062949,50.000000,0
1000000,92.557632,50.000000,0
1000000,94.685325,50.000000,0
1000000,114.577737,50.000000,0
1000000,98.416717,50.000000,0
1000000,150.583569,50.000000,0
1000000,142.356212,50.000000,0
1000000,103.315979,50.000000,0
1000000,95.555805,50.000000,0
1000000,113.617821,50.000000,0
1000000,120.861483,50.000000,0
1000000,105.891843,50.000000,0
1000000,103.784314,50.000000,0
1000000,102.406566,50.000000,0
1000000,95.805342,50.000000,0
1000000,137.450484,50.000000,0
1000000,89.696161,50.000000,0
1000000,94.094158,50.000000,0
1000000,132.442257,50.000000,0
1000000,133.091671,50.000000,0
1000000,113.368992,50.000000,0
10000,0.812428,75.000000,0
10000,0.807491,75.000000,0
10000,0.841994,75.000000,0
10000,0.914926,75.000000,0
10000,0.984023,75.000000,0
10000,0.950805,75.000000,0
10000,0.837527,75.000000,0
10000,0.799486,75.000000,0
10000,0.834325,75.000000,0
10000,0.860020,75.000000,0
10000,0.792469,75.000000,0
10000,1.784048,75.000000,0
10000,0.837771,75.000000,0
10000,1.042106,75.000000,0
10000,1.005287,75.000000,0
10000,0.834834,75.000000,0
10000,0.793100,75.000000,0
10000,0.915059,75.000000,0
10000,1.123451,75.000000,0
10000,1.209570,75.000000,0
10000,0.769063,75.000000,0
10000,1.313680,75.000000,0
10000,0.986949,75.000000,0
10000,1.142573,75.000000,0
10000,0.892479,75.000000,0
10000,1.172803,75.000000,0
10000,0.955935,75.000000,0
10000,0.873090,75.000000,0
10000,1.110886,75.000000,0
10000,0.781964,75.000000,0
10000,0.886471,75.000000,0
10000,1.496707,75.000000,0
10000,0.822515,75.000000,0
10000,0.851142,75.000000,0
10000,0.958485,75.000000,0
10000,0.802504,75.000000,0
10000,1.020952,75.000000,0
10000,1.368844,75.000000,0
10000,0.776579,75.000000,0
10000,0.806655,75.000000,0
10000,0.863166,75.000000,0
10000,0.974767,75.000000,0
10000,2.060315,75.000000,0
10000,0.988138,75.000000,0
10000,0.984828,75.000000,0
10000,0.997326,75.000000,0
10000,0.925828,75.000000,0
10000,1.128306,75.000000,0
10000,0.909306,75.000000,0
10000,1.459981,75.000000,0
10000,1.147378,75.000000,0
10000,1.477441,75.000000,0
10000,0.915181,75.000000,0
10000,1.151120,75.000000,0
10000,1.119147,75.000000,0
10000,1.159331,75.000000,0
10000,1.577236,75.000000,0
10000,1.062574,75.000000,0
10000,0.859974,75.000000,0
10000,0.904860,75.000000,0
10000,1.184430,75.000000,0
10000,2.319277,75.000000,0
10000,1.175934,75.000000,0
10000,1.148294,75.000000,0
10000,0.954568,75.000000,0
10000,1.289590,75.000000,0
10000,0.811591,75.000000,0
10000,0.913604,75.000000,0
10000,1.366876,75.000000,0
10000,1.282685,75.000000,0
10000,0.919006,75.000000,0
10000,0.943854,75.000000,0
10000,1.077190,75.000000,0
10000,1.110468,75.000000,0
10000,0.889786,75.000000,0
10000,0.856803,75.000000,0
10000,0.963798,75.000000,0
10000,1.164705,75.000000,0
10000,0.965960,75.000000,0
10000,1.995235,75.000000,0
10000,0.876639,75.000000,0
10000,0.881912,75.000000,0
10000,0.859873,75.000000,0
10000,1.565611,75.000000,0
10000,1.563943,75.000000,0
10000,1.936108,75.000000,0
10000,1.145725,75.000000,0
10000,0.960066,75.000000,0
10000,0.912530,75.000000,0
10000,1.693340,75.000000,0
10000,1.067939,75.000000,0
10000,0.826033,75.000000,0
10000,3.305635,75.000000,0
10000,0.857909,75.000000,0
10000,0.915416,75.000000,0
10000,1.315871,75.000000,0
10000,0.836099,75.000000,0
10000,1.110855,75.000000,0
10000,1.291120,75.000000,0
10000,1.210712,75.000000,0
50000,5.732441,75.000000,0
50000,5.395195,75.000000,0
50000,4.596209,75.000000,0
50000,5.769762,75.000000,0
50000,4.340321,75.000000,0
50000,7.608691,75.000000,0
50000,5.863403,75.000000,0
50000,4.466114,75.000000,0
50000,3.987698,75.000000,0
50000,4.338374,75.000000,0
50000,4.763777,75.000000,0
50000,5.073117,75.000000,0
50000,5.134034,75.000000,0
50000,4.221149,75.000000,0
50000,5.559183,75.000000,0
50000,6.350443,75.000000,0
50000,9.551642,75.000000,0
50000,4.799584,75.000000,0
50000,5.767717,75.000000,0
50000,4.686581,75.000000,0
50000,10.085942,75.000000,0
50000,4.471030,75.000000,0
50000,4.464187,75.000000,0
50000,4.268905,75.000000,0
50000,4.792943,75.000000,0
50000,5.565935,75.000000,0
50000,5.432880,75.000000,0
50000,6.414976,75.000000,0
50000,6.148531,75.000000,0
50000,8.815201,75.000000,0
50000,5.293810,75.000000,0
50000,5.024631,75.000000,0
50000,7.835976,75.000000,0
50000,5.609559,75.000000,0
50000,6.418647,75.000000,0
50000,6.251489,75.000000,0
50000,3.835510,75.000000,0
50000,4.401269,75.000000,0
50000,4.607050,75.000000,0
50000,5.584954,75.000000,0
50000,4.027646,75.000000,0
50000,8.556524,75.000000,0
50000,7.092932,75.000000,0
50000,4.623706,75.000000,0
50000,4.076415,75.000000,0
50000,4.238966,75.000000,0
50000,4.930486,75.000000,0
50000,4.282506,75.000000,0
50000,4.848548,75.000000,0
50000,6.985105,75.000000,0
50000,4.356110,75.000000,0
50000,4.167625,75.000000,0
50000,4.372876,75.000000,0
50000,4.044290,75.000000,0
50000,4.417986,75.000000,0
50000,8.197056,75.000000,0
50000,5.552269,75.000000,0
50000,4.598973,75.000000,0
50000,4.713628,75.000000,0
50000,5.098441,75.000000,0
50000,4.311713,75.000000,0
50000,4.230378,75.000000,0
50000,5.001104,75.000000,0
50000,5.065728,75.000000,0
50000,3.934276,75.000000,0
50000,4.146645,75.000000,0
50000,4.561626,75.000000,0
50000,4.490957,75.000000,0
50000,4.770233,75.000000,0
50000,5.251336,75.000000,0
50000,5.703557,75.000000,0
50000,4.200362,75.000000,0
50000,4.378434,75.000000,0
50000,5.745933,75.000000,0
50000,8.735961,75.000000,0
50000,8.405041,75.000000,0
50000,3.760387,75.000000,0
50000,5.719018,75.000000,0
50000,7.349911,75.000000,0
50000,4.779473,75.000000,0
50000,4.044208,75.000000,0
50000,4.021119,75.000000,0
50000,3.983230,75.000000,0
50000,4.999472,75.000000,0
50000,3.892879,75.000000,0
50000,4.530643,75.000000,0
50000,4.095111,75.000000,0
50000,6.661246,75.000000,0
50000,4.232061,75.000000,0
50000,5.359927,75.000000,0
50000,4.177640,75.000000,0
50000,5.626218,75.000000,0
50000,4.312215,75.000000,0
50000,3.805485,75.000000,0
50000,3.944976,75.000000,0
50000,6.286124,75.000000,0
50000,4.407267,75.000000,0
50000,3.916255,75.000000,0
50000,4.291167,75.000000,0
50000,5.250434,75.000000,0
100000,8.558868,75.000000,0
100000,9.072199,75.000000,0
100000,14.673633,75.000000,0
100000,9.291596,75.000000,0
100000,9.508318,75.000000,0
100000,8.088418,75.000000,0
100000,9.668431,75.000000,0
100000,8.467141,75.000000,0
100000,14.718171,75.000000,0
100000,8.867393,75.000000,0
100000,10.282235,75.000000,0
100000,7.943146,75.000000,0
100000,8.855674,75.000000,0
100000,8.999366,75.000000,0
100000,20.307418,75.000000,0
100000,15.747588,75.000000,0
100000,8.261645,75.000000,0
100000,10.646801,75.000000,0
100000,8.835112,75.000000,0
100000,8.673432,75.000000,0
100000,9.944052,75.000000,0
100000,10.915199,75.000000,0
100000,10.453288,75.000000,0
100000,8.930197,75.000000,0
100000,8.320207,75.000000,0
100000,9.799188,75.000000,0
100000,8.803315,75.000000,0
100000,9.179882,75.000000,0
100000,7.784605,75.000000,0
100000,9.133665,75.000000,0
100000,8.060300,75.000000,0
100000,8.395361,75.000000,0
100000,8.420260,75.000000,0
100000,9.785501,75.000000,0
100000,8.890269,75.000000,0
100000,10.525884,75.000000,0
100000,10.383033,75.000000,0
100000,9.804705,75.000000,0
100000,8.785972,75.000000,0
100000,10.645598,75.000000,0
100000,14.839986,75.000000,0
100000,10.132853,75.000000,0
100000,13.913609,75.000000,0
100000,11.632363,75.000000,0
100000,13.328969,75.000000,0
100000,9.748714,75.000000,0
100000,11.272000,75.000000,0
100000,11.443421,75.000000,0
100000,17.241822,75.000000,0
100000,10.287191,75.000000,0
100000,9.071887,75.000000,0
100000,8.651453,75.000000,0
100000,19.916916,75.000000,0
100000,11.457547,75.000000,0
100000,10.229926,75.000000,0
100000,11.710692,75.000000,0
100000,13.117719,75.000000,0
100000,12.824006,75.000000,0
100000,8.452138,75.000000,0
100000,9.830556,75.000000,0
100000,10.454645,75.000000,0
100000,9.297907,75.000000,0
100000,8.847282,75.000000,0
100000,9.631193,75.000000,0
100000,11.816903,75.000000,0
100000,9.386963,75.000000,0
100000,9.798637,75.000000,0
100000,11.067902,75.000000,0
100000,9.290848,75.000000,0
100000,10.667026,75.000000,0
100000,9.061437,75.000000,0
100000,8.645437,75.000000,0
100000,8.531495,75.000000,0
100000,19.243296,75.000000,0
100000,9.529562,75.000000,0
100000,9.328564,75.000000,0
100000,10.861896,75.000000,0
100000,11.846408,75.000000,0
100000,7.946848,75.000000,0
100000,10.907107,75.000000,0
100000,9.364933,75.000000,0
100000,14.890520,75.000000,0
100000,9.187391,75.000000,0
100000,9.724309,75.000000,0
100000,11.235232,75.000000,0
100000,9.982086,75.000000,0
100000,8.819292,75.000000,0
100000,10.983761,75.000000,0
100000,9.647848,75.000000,0
100000,10.323597,75.000000,0
100000,10.238705,75.000000,0
100000,9.259375,75.000000,0
100000,13.339515,75.000000,0
100000,9.041188,75.000000,0
100000,8.621826,75.000000,0
100000,9.215836,75.000000,0
100000,9.412623,75.000000,0
100000,12.292422,75.000000,0
100000,13.227291,75.000000,0
100000,11.139759,75.000000,0
500000,50.077220,75.000000,0
500000,44.325335,75.000000,0
500000,53.857877,75.000000,0
500000,44.046519,75.000000,0
500000,70.426036,75.000000,0
500000,43.721046,75.000000,0
500000,61.907783,75.000000,0
500000,44.101313,75.000000,0
500000,53.376068,75.000000,0
500000,43.445552,75.000000,0
500000,50.857880,75.000000,0
500000,48.977432,75.000000,0
500000,48.274395,75.000000,0
500000,68.255125,75.000000,0
500000,43.894705,75.000000,0
500000,43.112986,75.000000,0
500000,56.626581,75.000000,0
500000,39.511053,75.000000,0
500000,49.846646,75.000000,0
500000,51.534262,75.000000,0
500000,46.218245,75.000000,0
500000,40.954918,75.000000,0
500000,45.074833,75.000000,0
500000,56.247959,75.000000,0
500000,43.242307,75.000000,0
500000,39.725224,75.000000,0
500000,46.484748,75.000000,0
500000,54.416482,75.000000,0
500000,43.771020,75.000000,0
500000,42.224647,75.000000,0
500000,76.768680,75.000000,0
500000,54.463688,75.000000,0
500000,44.803781,75.000000,0
500000,44.638796,75.000000,0
500000,56.509574,75.000000,0
500000,43.520193,75.000000,0
500000,46.214585,75.000000,0
500000,45.260414,75.000000,0
500000,40.574197,75.000000,0
500000,62.435412,75.000000,0
500000,45.787212,75.000000,0
500000,49.521027,75.000000,0
500000,56.516137,75.000000,0
500000,86.075092,75.000000,0
500000,52.686948,75.000000,0
500000,73.334838,75.000000,0
500000,42.378006,75.000000,0
500000,48.416524,75.000000,0
500000,41.748628,75.000000,0
500000,41.214449,75.000000,0
500000,39.781834,75.000000,0
500000,73.906157,75.000000,0
500000,49.258030,75.000000,0
500000,44.159689,75.000000,0
500000,42.616184,75.000000,0
500000,47.137098,75.000000,0
500000,62.707471,75.000000,0
500000,41.713760,75.000000,0
500000,46.715869,75.000000,0
500000,41.904450,75.000000,0
500000,50.022202,75.000000,0
500000,54.350901,75.000000,0
500000,63.676495,75.000000,0
500000,54.850245,75.000000,0
500000,52.960659,75.000000,0
500000,39.729690,75.000000,0
500000,51.381516,75.000000,0
500000,57.959006,75.000000,0
500000,48.379961,75.000000,0
500000,48.778398,75.000000,0
500000,82.346120,75.000000,0
500000,39.517970,75.000000,0
500000,87.276204,75.000000,0
500000,40.160978,75.000000,0
500000,39.810622,75.000000,0
500000,59.118917,75.000000,0
500000,47.366617,75.000000,0
500000,51.858014,75.000000,0
500000,58.651772,75.000000,0
500000,41.962029,75.000000,0
500000,49.761641,75.000000,0
500000,44.803833,75.000000,0
500000,41.390570,75.000000,0
500000,42.942722,75.000000,0
500000,44.664506,75.000000,0
500000,49.594494,75.000000,0
500000,47.393517,75.000000,0
500000,75.114285,75.000000,0
500000,45.126557,75.000000,0
500000,52.165538,75.000000,0
500000,63.877702,75.000000,0
500000,56.162964,75.000000,0
500000,53.682117,75.000000,0
500000,43.895757,75.000000,0
500000,47.697516,75.000000,0
500000,40.964129,75.000000,0
500000,52.866088,75.000000,0
500000,47.103595,75.000000,0
500000,48.493607,75.000000,0
500000,44.878484,75.000000,0
1000000,83.204005,75.000000,0
1000000,116.390062,75.000000,0
1000000,86.693871,75.000000,0
1000000,127.901857,75.000000,0
1000000,86.654027,75.000000,0
1000000,103.092962,75.000000,0
1000000,93.578333,75.000000,0
1000000,91.951940,75.000000,0
1000000,99.859611,75.000000,0
1000000,104.216539,75.000000,0
1000000,94.839843,75.000000,0
1000000,110.854937,75.000000,0
1000000,84.371041,75.000000,0
1000000,84.137835,75.000000,0
1000000,84.610526,75.000000,0
1000000,84.047620,75.000000,0
1000000,148.497937,75.000000,0
1000000,86.219067,75.000000,0
1000000,149.322153,75.000000,0
1000000,94.315227,75.000000,0
1000000,100.048144,75.000000,0
1000000,91.892648,75.000000,0
1000000,121.252739,75.000000,0
1000000,80.646364,75.000000,0
1000000,110.079886,75.000000,0
1000000,88.143557,75.000000,0
1000000,152.678124,75.000000,0
1000000,113.459054,75.000000,0
1000000,175.266749,75.000000,0
1000000,103.389502,75.000000,0
1000000,88.323421,75.000000,0
1000000,94.171140,75.000000,0
1000000,93.678317,75.000000,0
1000000,96.889190,75.000000,0
1000000,93.541521,75.000000,0
1000000,79.744657,75.000000,0
1000000,91.765914,75.000000,0
1000000,90.249520,75.000000,0
1000000,78.557683,75.000000,0
1000000,77.985648,75.000000,0
1000000,84.273632,75.000000,0
1000000,95.053761,75.000000,0
1000000,89.000996,75.000000,0
1000000,84.332888,75.000000,0
1000000,110.956734,75.000000,0
1000000,83.802615,75.000000,0
1000000,89.268760,75.000000,0
1000000,132.653072,75.000000,0
1000000,91.804680,75.000000,0
1000000,96.040796,75.000000,0
1000000,96.568169,75.000000,0
1000000,105.369018,75.000000,0
1000000,83.551686,75.000000,0
1000000,102.834118,75.000000,0
1000000,108.899587,75.000000,0
1000000,101.613104,75.000000,0
1000000,109.467416,75.000000,0
1000000,93.912102,75.000000,0
1000000,94.829789,75.000000,0
1000000,166.225429,75.000000,0
1000000,112.447628,75.000000,0
1000000,85.962763,75.000000,0
1000000,180.725458,75.000000,0
1000000,93.978360,75.000000,0
1000000,119.366402,75.000000,0
1000000,87.219631,75.000000,0
1000000,92.129378,75.000000,0
1000000,119.848537,75.000000,0
1000000,88.932677,75.000000,0
1000000,105.498495,75.000000,0
1000000,115.240098,75.000000,0
1000000,98.901741,75.000000,0
1000000,165.890474,75.000000,0
1000000,97.986704,75.000000,0
1000000,159.133091,75.000000,0
1000000,94.872542,75.000000,0
1000000,84.913013,75.000000,0
1000000,115.026172,75.000000,0
1000000,86.011414,75.000000,0
1000000,124.906006,75.000000,0
1000000,116.841791,75.000000,0
1000000,104.256412,75.000000,0
1000000,150.785009,75.000000,0
1000000,79.118557,75.000000,0
1000000,105.085511,75.000000,0
1000000,142.904507,75.000000,0
1000000,155.138058,75.000000,0
1000000,85.607012,75.000000,0
1000000,89.271176,75.000000,0
1000000,83.873524,75.000000,0
1000000,78.838258,75.000000,0
1000000,84.585941,75.000000,0
1000000,97.241340,75.000000,0
1000000,78.353510,75.000000,0
1000000,81.998207,75.000000,0
1000000,95.698314,75.000000,0
1000000,92.035139,75.000000,0
1000000,96.425492,75.000000,0
1000000,101.696513,75.000000,0
1000000,164.548994,75.000000,0
10000,1.147593,95.000000,0
10000,2.012769,95.000000,0
10000,1.585535,95.000000,0
10000,1.198282,95.000000,0
10000,1.318520,95.000000,0
10000,2.325915,95.000000,0
10000,2.556071,95.000000,0
10000,1.693840,95.000000,0
10000,1.799708,95.000000,0
10000,1.155053,95.000000,0
10000,1.291951,95.000000,0
10000,2.615827,95.000000,0
10000,1.664951,95.000000,0
10000,1.070252,95.000000,0
10000,3.885309,95.000000,0
10000,3.557370,95.000000,0
10000,1.161382,95.000000,0
10000,2.247566,95.000000,0
10000,2.928739,95.000000,0
10000,3.429075,95.000000,0
10000,3.563178,95.000000,0
10000,3.816365,95.000000,0
10000,2.082573,95.000000,0
10000,1.502212,95.000000,0
10000,1.236019,95.000000,0
10000,1.689659,95.000000,0
10000,1.111635,95.000000,0
10000,1.765775,95.000000,0
10000,2.055851,95.000000,0
10000,1.314634,95.000000,0
10000,1.316461,95.000000,0
10000,1.342295,95.000000,0
10000,2.987800,95.000000,0
10000,1.293686,95.000000,0
10000,4.784053,95.000000,0
10000,1.102695,95.000000,0
10000,2.081333,95.000000,0
10000,1.175665,95.000000,0
10000,2.917223,95.000000,0
10000,1.138025,95.000000,0
10000,1.415893,95.000000,0
10000,1.210908,95.000000,0
10000,3.252583,95.000000,0
10000,2.079523,95.000000,0
10000,1.406774,95.000000,0
10000,1.546528,95.000000,0
10000,2.370195,95.000000,0
10000,1.239202,95.000000,0
10000,1.915346,95.000000,0
10000,1.334799,95.000000,0
10000,2.086437,95.000000,0
10000,1.423878,95.000000,0
10000,1.110911,95.000000,0
10000,2.387854,95.000000,0
10000,1.093293,95.000000,0
10000,1.172754,95.000000,0
10000,1.714427,95.000000,0
10000,1.945394,95.000000,0
10000,1.624914,95.000000,0
10000,1.353259,95.000000,0
10000,1.715340,95.000000,0
10000,1.552918,95.000000,0
10000,1.854671,95.000000,0
10000,2.036055,95.000000,0
10000,1.975624,95.000000,0
10000,4.263792,95.000000,0
10000,1.188639,95.000000,0
10000,1.477032,95.000000,0
10000,3.152656,95.000000,0
10000,1.491759,95.000000,0
10000,1.099738,95.000000,0
10000,1.870755,95.000000,0
10000,1.089437,95.000000,0
10000,1.215391,95.000000,0
10000,1.944439,95.000000,0
10000,1.845820,95.000000,0
10000,1.569216,95.000000,0
10000,1.542179,95.000000,0
10000,1.522331,95.000000,0
10000,1.156863,95.000000,0
10000,1.214831,95.000000,0
10000,2.842454,95.000000,0
10000,1.802104,95.000000,0
10000,2.828117,95.000000,0
10000,2.090778,95.000000,0
10000,1.655268,95.000000,0
10000,2.973012,95.000000,0
10000,5.449254,95.000000,0
10000,3.506105,95.000000,0
10000,3.231890,95.000000,0
10000,1.742980,95.000000,0
10000,2.319637,95.000000,0
10000,3.053811,95.000000,0
10000,2.398422,95.000000,0
10000,1.164778,95.000000,0
10000,1.230532,95.000000,0
10000,2.140003,95.000000,0
10000,1.924995,95.000000,0
10000,1.323768,95.000000,0
10000,1.400389,95.000000,0
50000,7.425903,95.000000,0
50000,12.060001,95.000000,0
50000,8.932808,95.000000,0
50000,11.337231,95.000000,0
50000,7.373882,95.000000,0
50000,6.808530,95.000000,0
50000,6.109315,95.000000,0
50000,9.351586,95.000000,0
50000,6.769600,95.000000,0
50000,6.728131,95.000000,0
50000,8.659399,95.000000,0
50000,9.445755,95.000000,0
50000,5.962119,95.000000,0
50000,9.438866,95.000000,0
50000,8.947637,95.000000,0
50000,6.653585,95.000000,0
50000,7.479362,95.000000,0
50000,11.744654,95.000000,0
50000,5.912664,95.000000,0
50000,11.592440,95.000000,0
50000,22.004314,95.000000,0
50000,8.108449,95.000000,0
50000,9.783934,95.000000,0
50000,6.731699,95.000000,0
50000,6.630188,95.000000,0
50000,6.612543,95.000000,0
50000,21.560466,95.000000,0
50000,5.520231,95.000000,0
50000,14.819190,95.000000,0
50000,5.916428,95.000000,0
50000,8.618908,95.000000,0
50000,16.198425,95.000000,0
50000,16.799193,95.000000,0
50000,5.646966,95.000000,0
50000,19.754484,95.000000,0
50000,6.644517,95.000000,0
50000,19.466067,95.000000,0
50000,5.907548,95.000000,0
50000,9.454048,95.000000,0
50000,10.482514,95.000000,0
50000,6.242721,95.000000,0
50000,8.686069,95.000000,0
50000,19.546504,95.000000,0
50000,6.078116,95.000000,0
50000,8.620767,95.000000,0
50000,18.059084,95.000000,0
50000,5.637868,95.000000,0
50000,8.259926,95.000000,0
50000,14.678847,95.000000,0
50000,8.203534,95.000000,0
50000,8.556738,95.000000,0
50000,6.657287,95.000000,0
50000,10.126094,95.000000,0
50000,7.845278,95.000000,0
50000,8.161086,95.000000,0
50000,9.146469,95.000000,0
50000,6.083711,95.000000,0
50000,15.005120,95.000000,0
50000,10.556956,95.000000,0
50000,8.941375,95.000000,0
50000,11.266555,95.000000,0
50000,18.548941,95.000000,0
50000,7.929860,95.000000,0
50000,16.080523,95.000000,0
50000,5.959341,95.000000,0
50000,7.585447,95.000000,0
50000,7.758943,95.000000,0
50000,6.026855,95.000000,0
50000,7.728865,95.000000,0
50000,10.451151,95.000000,0
50000,17.660945,95.000000,0
50000,10.882676,95.000000,0
50000,5.986608,95.000000,0
50000,8.133492,95.000000,0
50000,7.000679,95.000000,0
50000,6.848591,95.000000,0
50000,7.063573,95.000000,0
50000,8.379211,95.000000,0
50000,22.336109,95.000000,0
50000,6.652697,95.000000,0
50000,11.138227,95.000000,0
50000,5.419394,95.000000,0
50000,9.426946,95.000000,0
50000,8.561820,95.000000,0
50000,9.504682,95.000000,0
50000,7.388688,95.000000,0
50000,8.426129,95.000000,0
50000,5.845810,95.000000,0
50000,10.856780,95.000000,0
50000,15.318205,95.000000,0
50000,7.515328,95.000000,0
50000,7.944234,95.000000,0
50000,10.782683,95.000000,0
50000,22.716893,95.000000,0
50000,7.234944,95.000000,0
50000,6.950928,95.000000,0
50000,20.090161,95.000000,0
50000,7.640123,95.000000,0
50000,5.509303,95.000000,0
50000,8.091838,95.000000,0
100000,18.687448,95.000000,0
100000,27.064843,95.000000,0
100000,14.758885,95.000000,0
100000,14.428699,95.000000,0
100000,18.418172,95.000000,0
100000,15.644477,95.000000,0
100000,20.684109,95.000000,0
100000,23.011264,95.000000,0
100000,13.578355,95.000000,0
100000,11.672007,95.000000,0
100000,28.444494,95.000000,0
100000,15.431320,95.000000,0
100000,40.051765,95.000000,0
100000,40.586043,95.000000,0
100000,17.497744,95.000000,0
100000,29.237961,95.000000,0
100000,16.743234,95.000000,0
100000,20.321069,95.000000,0
100000,21.973479,95.000000,0
100000,18.151729,95.000000,0
100000,23.327582,95.000000,0
100000,23.443730,95.000000,0
100000,18.784781,95.000000,0
100000,12.603128,95.000000,0
100000,16.266637,95.000000,0
100000,15.069497,95.000000,0
100000,12.814029,95.000000,0
100000,43.089474,95.000000,0
100000,11.468304,95.000000,0
100000,13.715253,95.000000,0
100000,12.258388,95.000000,0
100000,40.961117,95.000000,0
100000,14.551724,95.000000,0
100000,14.033474,95.000000,0
100000,11.910539,95.000000,0
100000,13.275745,95.000000,0
100000,18.522215,95.000000,0
100000,14.847316,95.000000,0
100000,16.121824,95.000000,0
100000,15.053036,95.000000,0
100000,15.405614,95.000000,0
100000,12.833195,95.000000,0
100000,25.838313,95.000000,0
100000,19.294372,95.000000,0
100000,10.859309,95.000000,0
100000,12.683008,95.000000,0
100000,12.699495,95.000000,0
100000,13.066394,95.000000,0
100000,19.671183,95.000000,0
100000,15.324492,95.000000,0
100000,11.376540,95.000000,0
100000,18.438758,95.000000,0
100000,12.983541,95.000000,0
100000,13.493756,95.000000,0
100000,12.640264,95.000000,0
100000,12.064896,95.000000,0
100000,14.654084,95.000000,0
100000,15.163129,95.000000,0
100000,18.684752,95.000000,0
100000,19.695586,95.000000,0
100000,13.655997,95.000000,0
100000,17.400987,95.000000,0
100000,13.829957,95.000000,0
100000,14.133265,95.000000,0
100000,11.817316,95.000000,0
100000,35.291890,95.000000,0
100000,39.876293,95.000000,0
100000,21.776893,95.000000,0
100000,19.562303,95.000000,0
100000,21.220127,95.000000,0
100000,12.926433,95.000000,0
100000,20.614576,95.000000,0
100000,19.079631,95.000000,0
100000,12.871810,95.000000,0
100000,16.898133,95.000000,0
100000,42.912074,95.000000,0
100000,20.636120,95.000000,0
100000,14.573747,95.000000,0
100000,17.419136,95.000000,0
100000,47.110092,95.000000,0
100000,12.837340,95.000000,0
100000,13.456701,95.000000,0
100000,13.960984,95.000000,0
100000,21.536183,95.000000,0
100000,34.529951,95.000000,0
100000,12.871033,95.000000,0
100000,32.385428,95.000000,0
100000,42.838257,95.000000,0
100000,15.342997,95.000000,0
100000,18.953866,95.000000,0
100000,23.911333,95.000000,0
100000,44.647049,95.000000,0
100000,11.423865,95.000000,0
100000,18.430293,95.000000,0
100000,45.674750,95.000000,0
100000,21.689001,95.000000,0
100000,33.143700,95.000000,0
100000,36.163400,95.000000,0
100000,22.706491,95.000000,0
100000,16.766745,95.000000,0
500000,107.016486,95.000000,0
500000,70.504078,95.000000,0
500000,68.447940,95.000000,0
500000,97.867228,95.000000,0
500000,56.079787,95.000000,0
500000,92.496628,95.000000,0
500000,63.596616,95.000000,0
500000,187.961846,95.000000,0
500000,189.153904,95.000000,0
500000,57.481365,95.000000,0
500000,92.476663,95.000000,0
500000,58.920866,95.000000,0
500000,87.561047,95.000000,0
500000,59.806148,95.000000,0
500000,55.206649,95.000000,0
500000,57.146449,95.000000,0
500000,111.373093,95.000000,0
500000,73.542605,95.000000,0
500000,70.769645,95.000000,0
500000,157.032727,95.000000,0
500000,72.948012,95.000000,0
500000,83.582607,95.000000,0
500000,59.049326,95.000000,0
500000,60.815087,95.000000,0
500000,64.985312,95.000000,0
500000,60.062799,95.000000,0
500000,63.610915,95.000000,0
500000,64.434799,95.000000,0
500000,59.385201,95.000000,0
500000,57.729703,95.000000,0
500000,137.217348,95.000000,0
500000,61.071176,95.000000,0
500000,62.740960,95.000000,0
500000,96.965020,95.000000,0
500000,169.523985,95.000000,0
500000,60.050758,95.000000,0
500000,84.477759,95.000000,0
500000,58.260778,95.000000,0
500000,101.763757,95.000000,0
500000,136.596234,95.000000,0
500000,77.695008,95.000000,0
500000,70.375048,95.000000,0
500000,64.695712,95.000000,0
500000,112.882057,95.000000,0
500000,119.287131,95.000000,0
500000,60.337275,95.000000,0
500000,61.934142,95.000000,0
500000,95.991892,95.000000,0
500000,76.225187,95.000000,0
500000,86.654244,95.000000,0
500000,131.795696,95.000000,0
500000,61.386500,95.000000,0
500000,202.783591,95.000000,0
500000,68.963898,95.000000,0
500000,68.839574,95.000000,0
500000,89.088960,95.000000,0
500000,210.434896,95.000000,0
500000,60.868117,95.000000,0
500000,57.287803,95.000000,0
500000,70.948417,95.000000,0
500000,159.095223,95.000000,0
500000,159.576502,95.000000,0
500000,67.485311,95.000000,0
500000,64.077761,95.000000,0
500000,64.668353,95.000000,0
500000,70.685374,95.000000,0
500000,87.937947,95.000000,0
500000,84.385108,95.000000,0
500000,54.519834,95.000000,0
500000,62.331064,95.000000,0
500000,66.410272,95.000000,0
500000,60.072213,95.000000,0
500000,58.305691,95.000000,0
500000,71.599698,95.000000,0
500000,71.144947,95.000000,0
500000,64.584291,95.000000,0
500000,130.235252,95.000000,0
500000,83.139232,95.000000,0
500000,68.195636,95.000000,0
500000,75.866560,95.000000,0
500000,72.399822,95.000000,0
500000,104.986979,95.000000,0
500000,63.295180,95.000000,0
500000,74.114666,95.000000,0
500000,77.745883,95.000000,0
500000,125.669197,95.000000,0
500000,260.619383,95.000000,0
500000,68.197870,95.000000,0
500000,60.837599,95.000000,0
500000,61.103500,95.000000,0
500000,65.956731,95.000000,0
500000,61.272249,95.000000,0
500000,71.077277,95.000000,0
500000,65.619181,95.000000,0
500000,193.513028,95.000000,0
500000,59.511098,95.000000,0
500000,71.525197,95.000000,0
500000,190.958214,95.000000,0
500000,103.457076,95.000000,0
500000,152.939815,95.000000,0
1000000,118.272012,95.000000,0
1000000,137.975913,95.000000,0
1000000,179.577225,95.000000,0
1000000,190.393811,95.000000,0
1000000,204.606131,95.000000,0
1000000,122.150899,95.000000,0
1000000,224.152004,95.000000,0
1000000,123.796177,95.000000,0
1000000,427.184861,95.000000,0
1000000,211.844993,95.000000,0
1000000,210.043021,95.000000,0
1000000,218.581494,95.000000,0
1000000,145.154892,95.000000,0
1000000,143.669109,95.000000,0
1000000,118.186232,95.000000,0
1000000,116.098016,95.000000,0
1000000,113.287841,95.000000,0
1000000,114.726107,95.000000,0
1000000,141.574510,95.000000,0
1000000,138.675131,95.000000,0
1000000,148.779383,95.000000,0
1000000,125.340134,95.000000,0
1000000,300.961563,95.000000,0
1000000,112.273596,95.000000,0
1000000,378.903018,95.000000,0
1000000,116.384708,95.000000,0
1000000,122.128101,95.000000,0
1000000,114.812878,95.000000,0
1000000,121.024153,95.000000,0
1000000,124.236279,95.000000,0
1000000,138.352154,95.000000,0
1000000,144.351725,95.000000,0
1000000,216.915834,95.000000,0
1000000,227.561444,95.000000,0
1000000,202.044474,95.000000,0
1000000,208.411796,95.000000,0
1000000,130.288210,95.000000,0
1000000,120.311448,95.000000,0
1000000,145.518912,95.000000,0
1000000,224.159588,95.000000,0
1000000,172.707868,95.000000,0
1000000,133.880954,95.000000,0
1000000,113.386868,95.000000,0
1000000,179.022038,95.000000,0
1000000,131.477254,95.000000,0
1000000,191.677122,95.000000,0
1000000,178.067700,95.000000,0
1000000,116.329465,95.000000,0
1000000,127.883079,95.000000,0
1000000,129.238304,95.000000,0
1000000,187.292918,95.000000,0
1000000,158.219136,95.000000,0
1000000,236.873573,95.000000,0
1000000,135.909999,95.000000,0
1000000,166.895637,95.000000,0
1000000,225.991699,95.000000,0
1000000,171.857583,95.000000,0
1000000,122.932031,95.000000,0
1000000,341.415016,95.000000,0
1000000,283.966846,95.000000,0
1000000,129.367232,95.000000,0
1000000,182.553235,95.000000,0
1000000,125.187059,95.000000,0
1000000,124.111345,95.000000,0
1000000,123.801167,95.000000,0
1000000,157.961939,95.000000,0
1000000,113.926328,95.000000,0
1000000,375.853029,95.000000,0
1000000,131.995964,95.000000,0
1000000,220.379537,95.000000,0
1000000,137.423695,95.000000,0
1000000,196.069758,95.000000,0
1000000,148.202177,95.000000,0
1000000,117.571755,95.000000,0
1000000,127.643464,95.000000,0
1000000,126.477119,95.000000,0
1000000,149.783656,95.000000,0
1000000,111.804064,95.000000,0
1000000,170.538045,95.000000,0
1000000,198.905364,95.000000,0
1000000,240.616972,95.000000,0
1000000,164.180288,95.000000,0
1000000,188.248616,95.000000,0
1000000,212.876815,95.000000,0
1000000,210.435268,95.000000,0
1000000,193.861304,95.000000,0
1000000,118.436813,95.000000,0
1000000,148.518557,95.000000,0
1000000,223.293920,95.000000,0
1000000,128.337195,95.000000,0
1000000,119.977111,95.000000,0
1000000,237.079739,95.000000,0
1000000,361.891072,95.000000,0
1000000,222.306236,95.000000,0
1000000,199.508244,95.000000,0
1000000,473.452003,95.000000,0
1000000,141.464050,95.000000,0
1000000,123.928553,95.000000,0
1000000,120.328479,95.000000,0
1000000,120.062103,95.000000,0
10000,2.911598,99.000000,0
10000,3.595698,99.000000,0
10000,7.107806,99.000000,0
10000,2.995560,99.000000,0
10000,5.640548,99.000000,0
10000,5.091863,99.000000,0
10000,3.384798,99.000000,0
10000,2.554683,99.000000,0
10000,2.914259,99.000000,0
10000,4.375817,99.000000,0
10000,2.586564,99.000000,0
10000,2.334432,99.000000,0
10000,2.362939,99.000000,0
10000,3.880866,99.000000,0
10000,4.557331,99.000000,0
10000,2.394725,99.000000,0
10000,2.264600,99.000000,0
10000,3.252729,99.000000,0
10000,4.107388,99.000000,0
10000,2.483057,99.000000,0
10000,2.568579,99.000000,0
10000,2.905337,99.000000,0
10000,4.015808,99.000000,0
10000,7.211321,99.000000,0
10000,3.634778,99.000000,0
10000,2.821416,99.000000,0
10000,5.995572,99.000000,0
10000,5.604820,99.000000,0
10000,4.313721,99.000000,0
10000,5.913285,99.000000,0
10000,3.327490,99.000000,0
10000,6.160786,99.000000,0
10000,5.089863,99.000000,0
10000,2.754102,99.000000,0
10000,6.698877,99.000000,0
10000,2.555906,99.000000,0
10000,3.619956,99.000000,0
10000,2.284482,99.000000,0
10000,4.915647,99.000000,0
10000,6.517248,99.000000,0
10000,3.318433,99.000000,0
10000,3.804937,99.000000,0
10000,5.029326,99.000000,0
10000,2.814829,99.000000,0
10000,3.173187,99.000000,0
10000,5.958369,99.000000,0
10000,3.916266,99.000000,0
10000,3.831355,99.000000,0
10000,5.407012,99.000000,0
10000,6.581278,99.000000,0
10000,2.903462,99.000000,0
10000,5.632289,99.000000,0
10000,2.601510,99.000000,0
10000,2.554790,99.000000,0
10000,2.888321,99.000000,0
10000,3.345379,99.000000,0
10000,2.567004,99.000000,0
10000,6.340768,99.000000,0
10000,3.501590,99.000000,0
10000,2.281810,99.000000,0
10000,6.223565,99.000000,0
10000,3.625323,99.000000,0
10000,4.081837,99.000000,0
10000,5.425364,99.000000,0
10000,3.059476,99.000000,0
10000,4.105481,99.000000,0
10000,2.543384,99.000000,0
10000,3.169032,99.000000,0
10000,5.386298,99.000000,0
10000,2.368924,99.000000,0
10000,2.931644,99.000000,0
10000,3.859473,99.000000,0
10000,2.830301,99.000000,0
10000,4.763174,99.000000,0
10000,5.047535,99.000000,0
10000,3.419209,99.000000,0
10000,3.382643,99.000000,0
10000,2.425940,99.000000,0
10000,2.766602,99.000000,0
10000,2.294325,99.000000,0
10000,3.711945,99.000000,0
10000,3.133368,99.000000,0
10000,5.407998,99.000000,0
10000,2.311022,99.000000,0
10000,6.738609,99.000000,0
10000,2.483883,99.000000,0
10000,3.333877,99.000000,0
10000,2.464191,99.000000,0
10000,2.473309,99.000000,0
10000,4.450331,99.000000,0
10000,4.328362,99.000000,0
10000,2.962393,99.000000,0
10000,2.615470,99.000000,0
10000,4.442913,99.000000,0
10000,2.776380,99.000000,0
10000,2.336465,99.000000,0
10000,3.717182,99.000000,0
10000,2.383178,99.000000,0
10000,2.769575,99.000000,0
10000,6.230650,99.000000,0
50000,14.874549,99.000000,0
50000,35.958561,99.000000,0
50000,18.601528,99.000000,0
50000,18.426252,99.000000,0
50000,17.774762,99.000000,0
50000,43.495053,99.000000,0
50000,22.033870,99.000000,0
50000,15.711761,99.000000,0
50000,21.540699,99.000000,0
50000,37.069892,99.000000,0
50000,19.119388,99.000000,0
50000,15.789372,99.000000,0
50000,33.188609,99.000000,0
50000,13.405665,99.000000,0
50000,15.033630,99.000000,0
50000,40.058029,99.000000,0
50000,22.494974,99.000000,0
50000,22.311656,99.000000,0
50000,13.404830,99.000000,0
50000,17.711565,99.000000,0
50000,12.822401,99.000000,0
50000,13.727752,99.000000,0
50000,15.379503,99.000000,0
50000,17.571006,99.000000,0
50000,19.683952,99.000000,0
50000,14.739863,99.000000,0
50000,21.255428,99.000000,0
50000,19.157623,99.000000,0
50000,19.927962,99.000000,0
50000,15.121504,99.000000,0
50000,24.161933,99.000000,0
50000,16.291652,99.000000,0
50000,14.414544,99.000000,0
50000,27.860731,99.000000,0
50000,37.895290,99.000000,0
50000,18.706011,99.000000,0
50000,13.758431,99.000000,0
50000,35.164102,99.000000,0
50000,16.034798,99.000000,0
50000,14.678392,99.000000,0
50000,13.180153,99.000000,0
50000,14.499731,99.000000,0
50000,13.712438,99.000000,0
50000,13.697327,99.000000,0
50000,12.760594,99.000000,0
50000,29.857635,99.000000,0
50000,14.314890,99.000000,0
50000,28.550613,99.000000,0
50000,18.055520,99.000000,0
50000,16.629491,99.000000,0
50000,13.717353,99.000000,0
50000,15.918023,99.000000,0
50000,13.755963,99.000000,0
50000,14.866016,99.000000,0
50000,14.929938,99.000000,0
50000,16.080016,99.000000,0
50000,19.356278,99.000000,0
50000,26.150364,99.000000,0
50000,32.098357,99.000000,0
50000,17.317767,99.000000,0
50000,19.140889,99.000000,0
50000,36.023537,99.000000,0
50000,15.843170,99.000000,0
50000,20.538681,99.000000,0
50000,18.224507,99.000000,0
50000,20.637691,99.000000,0
50000,17.048122,99.000000,0
50000,18.772515,99.000000,0
50000,15.404133,99.000000,0
50000,13.741658,99.000000,0
50000,20.694813,99.000000,0
50000,15.202510,99.000000,0
50000,23.838231,99.000000,0
50000,18.990668,99.000000,0
50000,17.087891,99.000000,0
50000,16.946938,99.000000,0
50000,12.710552,99.000000,0
50000,33.251323,99.000000,0
50000,20.914735,99.000000,0
50000,14.111870,99.000000,0
50000,13.797492,99.000000,0
50000,16.049602,99.000000,0
50000,13.783942,99.000000,0
50000,16.058430,99.000000,0
50000,15.490369,99.000000,0
50000,16.318577,99.000000,0
50000,13.211884,99.000000,0
50000,32.033341,99.000000,0
50000,14.602281,99.000000,0
50000,25.834812,99.000000,0
50000,28.747460,99.000000,0
50000,13.669962,99.000000,0
50000,32.168814,99.000000,0
50000,13.513365,99.000000,0
50000,13.617866,99.000000,0
50000,13.975001,99.000000,0
50000,20.836346,99.000000,0
50000,21.524614,99.000000,0
50000,12.852704,99.000000,0
50000,21.929123,99.000000,0
100000,26.706970,99.000000,0
100000,45.699487,99.000000,0
100000,71.570927,99.000000,0
100000,27.676764,99.000000,0
100000,53.937920,99.000000,0
100000,34.447720,99.000000,0
100000,29.076063,99.000000,0
100000,35.971701,99.000000,0
100000,27.832522,99.000000,0
100000,27.143895,99.000000,0
100000,25.876677,99.000000,0
100000,64.596200,99.000000,0
100000,26.207898,99.000000,0
100000,33.418331,99.000000,0
100000,28.819641,99.000000,0
100000,28.877765,99.000000,0
100000,28.590526,99.000000,0
100000,27.058681,99.000000,0
100000,26.568888,99.000000,0
100000,32.716494,99.000000,0
100000,31.639846,99.000000,0
100000,26.033303,99.000000,0
100000,64.435705,99.000000,0
100000,29.791147,99.000000,0
100000,76.089242,99.000000,0
100000,47.636527,99.000000,0
100000,27.011474,99.000000,0
100000,37.724898,99.000000,0
100000,69.109009,99.000000,0
100000,25.778453,99.000000,0
100000,32.742081,99.000000,0
100000,26.818526,99.000000,0
100000,50.619974,99.000000,0
100000,45.747888,99.000000,0
100000,32.835132,99.000000,0
100000,42.135146,99.000000,0
100000,31.252698,99.000000,0
100000,67.672882,99.000000,0
100000,33.542616,99.000000,0
100000,31.022241,99.000000,0
100000,36.928521,99.000000,0
100000,25.624678,99.000000,0
100000,34.390335,99.000000,0
100000,39.693292,99.000000,0
100000,32.942378,99.000000,0
100000,57.426233,99.000000,0
100000,28.615963,99.000000,0
100000,73.447979,99.000000,0
100000,36.726369,99.000000,0
100000,35.071871,99.000000,0
100000,30.164600,99.000000,0
100000,41.147244,99.000000,0
100000,36.296715,99.000000,0
100000,32.707195,99.000000,0
100000,60.201638,99.000000,0
100000,28.677921,99.000000,0
100000,27.577039,99.000000,0
100000,28.162107,99.000000,0
100000,46.195837,99.000000,0
100000,27.926526,99.000000,0
100000,31.580543,99.000000,0
100000,28.312732,99.000000,0
100000,31.538068,99.000000,0
100000,36.094166,99.000000,0
100000,55.309983,99.000000,0
100000,53.802894,99.000000,0
100000,43.146603,99.000000,0
100000,48.722038,99.000000,0
100000,48.899091,99.000000,0
100000,36.790861,99.000000,0
100000,29.408294,99.000000,0
100000,85.831376,99.000000,0
100000,78.110106,99.000000,0
100000,34.834509,99.000000,0
100000,32.331833,99.000000,0
100000,47.661073,99.000000,0
100000,39.706407,99.000000,0
100000,35.583650,99.000000,0
100000,37.432967,99.000000,0
100000,82.007664,99.000000,0
100000,29.426068,99.000000,0
100000,35.635100,99.000000,0
100000,34.243769,99.000000,0
100000,72.497519,99.000000,0
100000,37.731688,99.000000,0
100000,34.784343,99.000000,0
100000,26.512552,99.000000,0
100000,25.590242,99.000000,0
100000,55.947549,99.000000,0
100000,28.955358,99.000000,0
100000,29.160278,99.000000,0
100000,26.079835,99.000000,0
100000,45.852232,99.000000,0
100000,63.697075,99.000000,0
100000,28.914715,99.000000,0
100000,26.856851,99.000000,0
100000,26.652613,99.000000,0
100000,27.344168,99.000000,0
100000,55.575446,99.000000,0
100000,41.421562,99.000000,0
500000,203.189682,99.000000,0
500000,332.236644,99.000000,0
500000,196.290627,99.000000,0
500000,158.216039,99.000000,0
500000,192.288430,99.000000,0
500000,156.748143,99.000000,0
500000,133.591887,99.000000,0
500000,318.249962,99.000000,0
500000,318.054165,99.000000,0
500000,243.735030,99.000000,0
500000,337.511599,99.000000,0
500000,161.771986,99.000000,0
500000,190.950625,99.000000,0
500000,277.017683,99.000000,0
500000,139.445800,99.000000,0
500000,211.511911,99.000000,0
500000,191.753481,99.000000,0
500000,185.740973,99.000000,0
500000,264.562870,99.000000,0
500000,138.523845,99.000000,0
500000,193.198515,99.000000,0
500000,161.757545,99.000000,0
500000,257.853762,99.000000,0
500000,330.385993,99.000000,0
500000,156.388177,99.000000,0
500000,315.934106,99.000000,0
500000,348.380243,99.000000,0
500000,174.955716,99.000000,0
500000,174.181649,99.000000,0
500000,140.300824,99.000000,0
500000,155.782208,99.000000,0
500000,142.680965,99.000000,0
500000,152.017500,99.000000,0
500000,207.112473,99.000000,0
500000,132.613823,99.000000,0
500000,129.632284,99.000000,0
500000,174.662380,99.000000,0
500000,164.879642,99.000000,0
500000,349.187114,99.000000,0
500000,229.526527,99.000000,0
500000,130.903794,99.000000,0
500000,140.280980,99.000000,0
500000,158.519878,99.000000,0
500000,223.144004,99.000000,0
500000,197.699852,99.000000,0
500000,137.341818,99.000000,0
500000,221.471045,99.000000,0
500000,196.828508,99.000000,0
500000,136.053161,99.000000,0
500000,177.935064,99.000000,0
500000,250.753335,99.000000,0
500000,214.545321,99.000000,0
500000,331.903629,99.000000,0
500000,291.639882,99.000000,0
500000,192.259880,99.000000,0
500000,148.326609,99.000000,0
500000,187.329750,99.000000,0
500000,134.346360,99.000000,0
500000,150.808203,99.000000,0
500000,295.258768,99.000000,0
500000,331.464570,99.000000,0
500000,169.566604,99.000000,0
500000,325.947267,99.000000,0
500000,162.428954,99.000000,0
500000,186.816122,99.000000,0
500000,353.930078,99.000000,0
500000,145.426002,99.000000,0
500000,258.653609,99.000000,0
500000,366.262923,99.000000,0
500000,370.576044,99.000000,0
500000,134.967328,99.000000,0
500000,185.288707,99.000000,0
500000,146.315802,99.000000,0
500000,150.655267,99.000000,0
500000,144.197905,99.000000,0
500000,132.609011,99.000000,0
500000,168.621635,99.000000,0
500000,220.437752,99.000000,0
500000,167.746979,99.000000,0
500000,351.576401,99.000000,0
500000,381.728536,99.000000,0
500000,304.526960,99.000000,0
500000,227.087166,99.000000,0
500000,135.388632,99.000000,0
500000,228.480521,99.000000,0
500000,172.046217,99.000000,0
500000,152.356748,99.000000,0
500000,177.779216,99.000000,0
500000,267.980240,99.000000,0
500000,353.873473,99.000000,0
500000,201.964752,99.000000,0
500000,248.375121,99.000000,0
500000,144.225717,99.000000,0
500000,171.564435,99.000000,0
500000,197.203945,99.000000,0
500000,129.555731,99.000000,0
500000,242.365263,99.000000,0
500000,184.094710,99.000000,0
500000,193.123055,99.000000,0
500000,216.841617,99.000000,0
1000000,313.905368,99.000000,0
1000000,340.496037,99.000000,0
1000000,440.896549,99.000000,0
1000000,275.900041,99.000000,0
1000000,379.251562,99.000000,0
1000000,376.463761,99.000000,0
1000000,362.364874,99.000000,0
1000000,288.396169,99.000000,0
1000000,274.606124,99.000000,0
1000000,368.775435,99.000000,0
1000000,653.285041,99.000000,0
1000000,339.232288,99.000000,0
1000000,265.502135,99.000000,0
1000000,271.388153,99.000000,0
1000000,458.332639,99.000000,0
1000000,393.354656,99.000000,0
1000000,353.175184,99.000000,0
1000000,305.963662,99.000000,0
1000000,357.740049,99.000000,0
1000000,279.399478,99.000000,0
1000000,372.463525,99.000000,0
1000000,286.500660,99.000000,0
1000000,579.432259,99.000000,0
1000000,279.351127,99.000000,0
1000000,659.717343,99.000000,0
1000000,290.922295,99.000000,0
1000000,631.862548,99.000000,0
1000000,466.131219,99.000000,0
1000000,321.942587,99.000000,0
1000000,399.923443,99.000000,0
1000000,284.773467,99.000000,0
1000000,470.313749,99.000000,0
1000000,300.578479,99.000000,0
1000000,343.436038,99.000000,0
1000000,307.741467,99.000000,0
1000000,443.769149,99.000000,0
1000000,413.668032,99.000000,0
1000000,366.547355,99.000000,0
1000000,264.678031,99.000000,0
1000000,272.424791,99.000000,0
1000000,268.422080,99.000000,0
1000000,330.162454,99.000000,0
1000000,463.501991,99.000000,0
1000000,348.245238,99.000000,0
1000000,331.266581,99.000000,0
1000000,274.830068,99.000000,0
1000000,658.474321,99.000000,0
1000000,558.018894,99.000000,0
1000000,285.535237,99.000000,0
1000000,587.710396,99.000000,0
1000000,273.194739,99.000000,0
1000000,271.025738,99.000000,0
1000000,494.145159,99.000000,0
1000000,419.285503,99.000000,0
1000000,486.455851,99.000000,0
1000000,382.116135,99.000000,0
1000000,308.800485,99.000000,0
1000000,494.297988,99.000000,0
1000000,334.436349,99.000000,0
1000000,311.071449,99.000000,0
1000000,310.141253,99.000000,0
1000000,580.136851,99.000000,0
1000000,365.260310,99.000000,0
1000000,402.971111,99.000000,0
1000000,270.710038,99.000000,0
1000000,270.842589,99.000000,0
1000000,268.605744,99.000000,0
1000000,292.841436,99.000000,0
1000000,622.949084,99.000000,0
1000000,658.674049,99.000000,0
1000000,460.600251,99.000000,0
1000000,451.111009,99.000000,0
1000000,264.433101,99.000000,0
1000000,281.622923,99.000000,0
1000000,436.438856,99.000000,0
1000000,374.045176,99.000000,0
1000000,303.497975,99.000000,0
1000000,530.519068,99.000000,0
1000000,752.451634,99.000000,0
1000000,278.004257,99.000000,0
1000000,330.858651,99.000000,0
1000000,345.898782,99.000000,0
1000000,401.043514,99.000000,0
1000000,352.257386,99.000000,0
1000000,304.182712,99.000000,0
1000000,577.345463,99.000000,0
1000000,274.903076,99.000000,0
1000000,334.404619,99.000000,0
1000000,295.329374,99.000000,0
1000000,290.802878,99.000000,0
1000000,273.794811,99.000000,0
1000000,323.100192,99.000000,0
1000000,348.205096,99.000000,0
1000000,527.217185,99.000000,0
1000000,263.383122,99.000000,0
1000000,550.059677,99.000000,0
1000000,266.557701,99.000000,0
1000000,278.392547,99.000000,0
1000000,265.162178,99.000000,0
1000000,306.470622,99.000000,0
10000,2.696195,99.700000,0
10000,3.228079,99.700000,0
10000,5.161441,99.700000,0
10000,4.207997,99.700000,0
10000,5.455209,99.700000,0
10000,2.634399,99.700000,0
10000,6.425722,99.700000,0
10000,4.039390,99.700000,0
10000,6.685138,99.700000,0
10000,2.527787,99.700000,0
10000,5.585064,99.700000,0
10000,3.117508,99.700000,0
10000,2.699972,99.700000,0
10000,7.253526,99.700000,0
10000,4.894148,99.700000,0
10000,4.241028,99.700000,0
10000,2.708376,99.700000,0
10000,6.721642,99.700000,0
10000,2.906698,99.700000,0
10000,6.176872,99.700000,0
10000,3.225482,99.700000,0
10000,2.838533,99.700000,0
10000,2.678927,99.700000,0
10000,2.637103,99.700000,0
10000,2.867329,99.700000,0
10000,7.124688,99.700000,0
10000,5.721093,99.700000,0
10000,3.576719,99.700000,0
10000,5.997171,99.700000,0
10000,3.573234,99.700000,0
10000,2.831404,99.700000,0
10000,3.203716,99.700000,0
10000,3.801326,99.700000,0
10000,3.289722,99.700000,0
10000,6.597888,99.700000,0
10000,2.782966,99.700000,0
10000,2.687153,99.700000,0
10000,2.577970,99.700000,0
10000,4.693744,99.700000,0
10000,3.250317,99.700000,0
10000,2.808092,99.700000,0
10000,2.898702,99.700000,0
10000,5.617361,99.700000,0
10000,6.772423,99.700000,0
10000,6.203982,99.700000,0
10000,2.547240,99.700000,0
10000,3.222619,99.700000,0
10000,6.400872,99.700000,0
10000,3.309144,99.700000,0
10000,5.045276,99.700000,0
10000,4.821553,99.700000,0
10000,6.228443,99.700000,0
10000,2.714087,99.700000,0
10000,3.464529,99.700000,0
10000,6.445614,99.700000,0
10000,4.858794,99.700000,0
10000,5.462618,99.700000,0
10000,3.291718,99.700000,0
10000,3.766891,99.700000,0
10000,2.815830,99.700000,0
10000,3.424807,99.700000,0
10000,4.026367,99.700000,0
10000,3.966586,99.700000,0
10000,6.175943,99.700000,0
10000,3.870808,99.700000,0
10000,3.905579,99.700000,0
10000,3.709631,99.700000,0
10000,4.237028,99.700000,0
10000,2.680283,99.700000,0
10000,3.267709,99.700000,0
10000,6.942015,99.700000,0
10000,3.527194,99.700000,0
10000,5.904540,99.700000,0
10000,2.604317,99.700000,0
10000,2.695231,99.700000,0
10000,3.089064,99.700000,0
10000,6.651295,99.700000,0
10000,2.760870,99.700000,0
10000,3.182692,99.700000,0
10000,3.169650,99.700000,0
10000,2.670865,99.700000,0
10000,4.625710,99.700000,0
10000,2.734676,99.700000,0
10000,2.634950,99.700000,0
10000,6.121402,99.700000,0
10000,3.801214,99.700000,0
10000,3.700832,99.700000,0
10000,3.994336,99.700000,0
10000,2.610721,99.700000,0
10000,2.569693,99.700000,0
10000,3.507782,99.700000,0
10000,6.722153,99.700000,0
10000,3.789977,99.700000,0
10000,2.571556,99.700000,0
10000,2.684075,99.700000,0
10000,4.811541,99.700000,0
10000,2.591483,99.700000,0
10000,4.447642,99.700000,0
10000,7.036692,99.700000,0
10000,7.106982,99.700000,0
50000,18.950814,99.700000,0
50000,13.402216,99.700000,0
50000,17.608516,99.700000,0
50000,17.037453,99.700000,0
50000,13.152879,99.700000,0
50000,22.572626,99.700000,0
50000,15.444868,99.700000,0
50000,17.030477,99.700000,0
50000,26.281771,99.700000,0
50000,15.588316,99.700000,0
50000,29.498900,99.700000,0
50000,14.686397,99.700000,0
50000,16.863085,99.700000,0
50000,13.334350,99.700000,0
50000,17.607661,99.700000,0
50000,16.578339,99.700000,0
50000,14.007380,99.700000,0
50000,16.304168,99.700000,0
50000,16.985752,99.700000,0
50000,16.126409,99.700000,0
50000,29.516551,99.700000,0
50000,13.142079,99.700000,0
50000,13.843189,99.700000,0
50000,25.644841,99.700000,0
50000,13.734577,99.700000,0
50000,22.544744,99.700000,0
50000,15.109774,99.700000,0
50000,27.359611,99.700000,0
50000,15.010562,99.700000,0
50000,32.795083,99.700000,0
50000,16.909603,99.700000,0
50000,13.525018,99.700000,0
50000,16.012758,99.700000,0
50000,14.215948,99.700000,0
50000,18.454156,99.700000,0
50000,32.171754,99.700000,0
50000,14.976351,99.700000,0
50000,20.449244,99.700000,0
50000,29.446399,99.700000,0
50000,28.489119,99.700000,0
50000,16.933934,99.700000,0
50000,24.363545,99.700000,0
50000,15.719898,99.700000,0
50000,13.314306,99.700000,0
50000,13.838206,99.700000,0
50000,13.282485,99.700000,0
50000,18.877800,99.700000,0
50000,24.940494,99.700000,0
50000,24.521340,99.700000,0
50000,16.259533,99.700000,0
50000,19.702951,99.700000,0
50000,13.013605,99.700000,0
50000,19.566088,99.700000,0
50000,15.649732,99.700000,0
50000,28.319133,99.700000,0
50000,13.522803,99.700000,0
50000,13.626694,99.700000,0
50000,18.170272,99.700000,0
50000,17.667871,99.700000,0
50000,32.226070,99.700000,0
50000,20.865488,99.700000,0
50000,16.205140,99.700000,0
50000,20.459528,99.700000,0
50000,17.023371,99.700000,0
50000,19.834096,99.700000,0
50000,21.417555,99.700000,0
50000,29.757451,99.700000,0
50000,16.077528,99.700000,0
50000,20.297354,99.700000,0
50000,30.408498,99.700000,0
50000,21.198824,99.700000,0
50000,13.044644,99.700000,0
50000,13.585652,99.700000,0
50000,23.214677,99.700000,0
50000,20.812550,99.700000,0
50000,14.738977,99.700000,0
50000,16.097645,99.700000,0
50000,27.288272,99.700000,0
50000,21.620795,99.700000,0
50000,31.629492,99.700000,0
50000,14.105246,99.700000,0
50000,18.563748,99.700000,0
50000,16.502036,99.700000,0
50000,12.900352,99.700000,0
50000,17.201370,99.700000,0
50000,14.049088,99.700000,0
50000,13.334698,99.700000,0
50000,33.655137,99.700000,0
50000,16.763496,99.700000,0
50000,14.364925,99.700000,0
50000,15.842246,99.700000,0
50000,14.898514,99.700000,0
50000,16.699583,99.700000,0
50000,19.750293,99.700000,0
50000,15.474045,99.700000,0
50000,14.100328,99.700000,0
50000,21.520797,99.700000,0
50000,18.192345,99.700000,0
50000,14.466137,99.700000,0
50000,20.294791,99.700000,0
100000,42.510012,99.700000,0
100000,56.662003,99.700000,0
100000,25.620264,99.700000,0
100000,29.482229,99.700000,0
100000,40.478225,99.700000,0
100000,54.918568,99.700000,0
100000,77.049929,99.700000,0
100000,51.751714,99.700000,0
100000,26.570961,99.700000,0
100000,28.796328,99.700000,0
100000,38.166743,99.700000,0
100000,26.352105,99.700000,0
100000,47.092946,99.700000,0
100000,27.721538,99.700000,0
100000,41.259312,99.700000,0
100000,28.038365,99.700000,0
100000,29.067554,99.700000,0
100000,30.428365,99.700000,0
100000,27.796044,99.700000,0
100000,42.744358,99.700000,0
100000,30.397792,99.700000,0
100000,37.143005,99.700000,0
100000,71.746206,99.700000,0
100000,30.084965,99.700000,0
100000,68.915776,99.700000,0
100000,31.996983,99.700000,0
100000,35.929197,99.700000,0
100000,48.783714,99.700000,0
100000,72.818813,99.700000,0
100000,31.765994,99.700000,0
100000,73.814793,99.700000,0
100000,26.969339,99.700000,0
100000,30.108300,99.700000,0
100000,76.640463,99.700000,0
100000,65.561075,99.700000,0
100000,28.768614,99.700000,0
100000,75.922480,99.700000,0
100000,34.635386,99.700000,0
100000,55.230750,99.700000,0
100000,50.601512,99.700000,0
100000,46.173675,99.700000,0
100000,74.796417,99.700000,0
100000,27.346741,99.700000,0
100000,26.839017,99.700000,0
100000,50.507179,99.700000,0
100000,36.317837,99.700000,0
100000,69.237091,99.700000,0
100000,28.215999,99.700000,0
100000,29.268423,99.700000,0
100000,71.011974,99.700000,0
100000,28.505059,99.700000,0
100000,71.900068,99.700000,0
100000,28.005001,99.700000,0
100000,40.113663,99.700000,0
100000,30.640819,99.700000,0
100000,52.593841,99.700000,0
100000,37.258216,99.700000,0
100000,61.380112,99.700000,0
100000,35.099361,99.700000,0
100000,69.735837,99.700000,0
100000,31.567006,99.700000,0
100000,37.454474,99.700000,0
100000,37.012691,99.700000,0
100000,34.457849,99.700000,0
100000,32.110776,99.700000,0
100000,32.155335,99.700000,0
100000,38.295474,99.700000,0
100000,50.675834,99.700000,0
100000,65.445348,99.700000,0
100000,27.585557,99.700000,0
100000,29.004095,99.700000,0
100000,33.493696,99.700000,0
100000,61.837929,99.700000,0
100000,27.013496,99.700000,0
100000,29.840708,99.700000,0
100000,44.070642,99.700000,0
100000,44.155807,99.700000,0
100000,67.147381,99.700000,0
100000,27.672333,99.700000,0
100000,50.293401,99.700000,0
100000,31.938072,99.700000,0
100000,82.965024,99.700000,0
100000,33.960280,99.700000,0
100000,29.826338,99.700000,0
100000,38.464565,99.700000,0
100000,32.160920,99.700000,0
100000,30.812999,99.700000,0
100000,26.146033,99.700000,0
100000,29.133720,99.700000,0
100000,27.230637,99.700000,0
100000,60.330943,99.700000,0
100000,70.046977,99.700000,0
100000,36.232237,99.700000,0
100000,28.615124,99.700000,0
100000,28.464942,99.700000,0
100000,33.852940,99.700000,0
100000,37.403791,99.700000,0
100000,33.796832,99.700000,0
100000,28.502625,99.700000,0
100000,48.924368,99.700000,0
500000,348.889773,99.700000,0
500000,148.381287,99.700000,0
500000,213.103190,99.700000,0
500000,171.756556,99.700000,0
500000,133.174789,99.700000,0
500000,268.436541,99.700000,0
500000,181.989963,99.700000,0
500000,181.488865,99.700000,0
500000,163.411402,99.700000,0
500000,258.034521,99.700000,0
500000,160.356781,99.700000,0
500000,155.007825,99.700000,0
500000,172.872496,99.700000,0
500000,266.830636,99.700000,0
500000,144.789896,99.700000,0
500000,186.785146,99.700000,0
500000,366.846129,99.700000,0
500000,187.957355,99.700000,0
500000,134.892927,99.700000,0
500000,230.707307,99.700000,0
500000,254.884399,99.700000,0
500000,175.561759,99.700000,0
500000,289.892421,99.700000,0
500000,134.811314,99.700000,0
500000,173.869937,99.700000,0
500000,196.387375,99.700000,0
500000,207.734249,99.700000,0
500000,229.057170,99.700000,0
500000,148.668465,99.700000,0
500000,181.279607,99.700000,0
500000,290.792588,99.700000,0
500000,376.906803,99.700000,0
500000,156.956771,99.700000,0
500000,147.344797,99.700000,0
500000,273.473172,99.700000,0
500000,147.884490,99.700000,0
500000,143.933301,99.700000,0
500000,319.568916,99.700000,0
500000,140.213795,99.700000,0
500000,195.246415,99.700000,0
500000,245.246193,99.700000,0
500000,313.468144,99.700000,0
500000,254.584272,99.700000,0
500000,130.951330,99.700000,0
500000,144.862944,99.700000,0
500000,208.415947,99.700000,0
500000,167.123858,99.700000,0
500000,152.772069,99.700000,0
500000,166.521223,99.700000,0
500000,158.566608,99.700000,0
500000,149.253684,99.700000,0
500000,185.119758,99.700000,0
500000,184.856254,99.700000,0
500000,184.726523,99.700000,0
500000,182.639185,99.700000,0
500000,134.998647,99.700000,0
500000,375.716130,99.700000,0
500000,152.003813,99.700000,0
500000,130.305614,99.700000,0
500000,219.746136,99.700000,0
500000,231.041527,99.700000,0
500000,328.616478,99.700000,0
500000,333.371806,99.700000,0
500000,152.402384,99.700000,0
500000,128.722820,99.700000,0
500000,353.301029,99.700000,0
500000,187.155906,99.700000,0
500000,141.122328,99.700000,0
500000,141.155606,99.700000,0
500000,147.252282,99.700000,0
500000,165.145932,99.700000,0
500000,170.247603,99.700000,0
500000,266.061966,99.700000,0
500000,140.504748,99.700000,0
500000,130.178771,99.700000,0
500000,444.526322,99.700000,0
500000,333.296628,99.700000,0
500000,168.823122,99.700000,0
500000,137.347845,99.700000,0
500000,131.059123,99.700000,0
500000,136.561186,99.700000,0
500000,150.745539,99.700000,0
500000,277.047211,99.700000,0
500000,187.417257,99.700000,0
500000,129.378643,99.700000,0
500000,245.202948,99.700000,0
500000,176.857845,99.700000,0
500000,150.215064,99.700000,0
500000,338.104974,99.700000,0
500000,166.815821,99.700000,0
500000,360.271909,99.700000,0
500000,148.483685,99.700000,0
500000,212.120133,99.700000,0
500000,297.640856,99.700000,0
500000,363.912142,99.700000,0
500000,133.521252,99.700000,0
500000,177.859346,99.700000,0
500000,335.271853,99.700000,0
500000,147.416088,99.700000,0
500000,347.814972,99.700000,0
1000000,645.087584,99.700000,0
1000000,342.139076,99.700000,0
1000000,332.158760,99.700000,0
1000000,295.935575,99.700000,0
1000000,322.681006,99.700000,0
1000000,685.269942,99.700000,0
1000000,553.385865,99.700000,0
1000000,475.968814,99.700000,0
1000000,569.531876,99.700000,0
1000000,275.588248,99.700000,0
1000000,578.590798,99.700000,0
1000000,410.717612,99.700000,0
1000000,327.780040,99.700000,0
1000000,265.129129,99.700000,0
1000000,469.586771,99.700000,0
1000000,370.379041,99.700000,0
1000000,608.998730,99.700000,0
1000000,761.063205,99.700000,0
1000000,394.358675,99.700000,0
1000000,515.394706,99.700000,0
1000000,743.525769,99.700000,0
1000000,643.109467,99.700000,0
1000000,274.926255,99.700000,0
1000000,277.475718,99.700000,0
1000000,265.349769,99.700000,0
1000000,488.524246,99.700000,0
1000000,613.616477,99.700000,0
1000000,344.509911,99.700000,0
1000000,276.583176,99.700000,0
1000000,271.287937,99.700000,0
1000000,299.629927,99.700000,0
1000000,267.243294,99.700000,0
1000000,684.109758,99.700000,0
1000000,264.418593,99.700000,0
1000000,298.724040,99.700000,0
1000000,326.058020,99.700000,0
1000000,295.581685,99.700000,0
1000000,272.459655,99.700000,0
1000000,262.678316,99.700000,0
1000000,585.551925,99.700000,0
1000000,295.587256,99.700000,0
1000000,625.231012,99.700000,0
1000000,498.265163,99.700000,0
1000000,268.559675,99.700000,0
1000000,275.044477,99.700000,0
1000000,319.257191,99.700000,0
1000000,301.914344,99.700000,0
1000000,731.048490,99.700000,0
1000000,270.035982,99.700000,0
1000000,305.216107,99.700000,0
1000000,652.042099,99.700000,0
1000000,349.346799,99.700000,0
1000000,256.876299,99.700000,0
1000000,263.250427,99.700000,0
1000000,274.301627,99.700000,0
1000000,677.599061,99.700000,0
1000000,668.266319,99.700000,0
1000000,358.511417,99.700000,0
1000000,329.577482,99.700000,0
1000000,558.640269,99.700000,0
1000000,527.714874,99.700000,0
1000000,354.194443,99.700000,0
1000000,574.745901,99.700000,0
1000000,667.428343,99.700000,0
1000000,321.537086,99.700000,0
1000000,329.572060,99.700000,0
1000000,264.700016,99.700000,0
1000000,631.174944,99.700000,0
1000000,385.245141,99.700000,0
1000000,552.343556,99.700000,0
1000000,739.881363,99.700000,0
1000000,662.643379,99.700000,0
1000000,642.277353,99.700000,0
1000000,280.392821,99.700000,0
1000000,689.228081,99.700000,0
1000000,623.183951,99.700000,0
1000000,512.313781,99.700000,0
1000000,441.620145,99.700000,0
1000000,343.399680,99.700000,0
1000000,318.048060,99.700000,0
1000000,298.973233,99.700000,0
1000000,307.411596,99.700000,0
1000000,411.629261,99.700000,0
1000000,436.461916,99.700000,0
1000000,265.032677,99.700000,0
1000000,297.358875,99.700000,0
1000000,277.112272,99.700000,0
1000000,423.662861,99.700000,0
1000000,432.995613,99.700000,0
1000000,474.417005,99.700000,0
1000000,276.948912,99.700000,0
1000000,302.345897,99.700000,0
1000000,268.735884,99.700000,0
1000000,346.849805,99.700000,0
1000000,265.313903,99.700000,0
1000000,265.251372,99.700000,0
1000000,368.682961,99.700000,0
1000000,424.447922,99.700000,0
1000000,631.703536,99.700000,0
1000000,364.304591,99.700000,0
10000,0.942833,0.000000,1
10000,1.476693,0.000000,1
10000,0.954758,0.000000,1
10000,0.957971,0.000000,1
10000,0.937325,0.000000,1
10000,1.220738,0.000000,1
10000,1.247291,0.000000,1
10000,1.345502,0.000000,1
10000,1.482283,0.000000,1
10000,1.463039,0.000000,1
10000,0.950698,0.000000,1
10000,1.405043,0.000000,1
10000,0.906192,0.000000,1
10000,1.351256,0.000000,1
10000,0.928511,0.000000,1
10000,1.133228,0.000000,1
10000,1.288818,0.000000,1
10000,1.007005,0.000000,1
10000,0.941282,0.000000,1
10000,1.269956,0.000000,1
10000,0.958205,0.000000,1
10000,0.907345,0.000000,1
10000,1.012585,0.000000,1
10000,0.932520,0.000000,1
10000,0.929144,0.000000,1
10000,1.144989,0.000000,1
10000,0.954860,0.000000,1
10000,1.000630,0.000000,1
10000,1.098658,0.000000,1
10000,1.383122,0.000000,1
10000,0.993224,0.000000,1
10000,1.037933,0.000000,1
10000,0.909487,0.000000,1
10000,0.947158,0.000000,1
10000,0.932541,0.000000,1
10000,0.972425,0.000000,1
10000,0.880211,0.000000,1
10000,0.909089,0.000000,1
10000,1.053724,0.000000,1
10000,1.187953,0.000000,1
10000,0.933418,0.000000,1
10000,0.917138,0.000000,1
10000,0.955441,0.000000,1
10000,0.958297,0.000000,1
10000,0.991960,0.000000,1
10000,0.957685,0.000000,1
10000,0.914720,0.000000,1
10000,0.908447,0.000000,1
10000,1.327693,0.000000,1
10000,1.000038,0.000000,1
10000,1.333803,0.000000,1
10000,1.528186,0.000000,1
10000,0.937834,0.000000,1
10000,0.992969,0.000000,1
10000,1.011963,0.000000,1
10000,0.951799,0.000000,1
10000,0.950697,0.000000,1
10000,0.926798,0.000000,1
10000,0.917118,0.000000,1
10000,0.894697,0.000000,1
10000,0.896165,0.000000,1
10000,0.981504,0.000000,1
10000,0.957349,0.000000,1
10000,0.990011,0.000000,1
10000,0.952075,0.000000,1
10000,0.952901,0.000000,1
10000,1.010810,0.000000,1
10000,1.769726,0.000000,1
10000,0.880181,0.000000,1
10000,1.190198,0.000000,1
10000,1.077303,0.000000,1
10000,0.931062,0.000000,1
10000,1.021153,0.000000,1
10000,1.030201,0.000000,1
10000,0.958960,0.000000,1
10000,1.334700,0.000000,1
10000,1.162106,0.000000,1
10000,0.910507,0.000000,1
10000,0.965142,0.000000,1
10000,0.974507,0.000000,1
10000,1.232317,0.000000,1
10000,0.997294,0.000000,1
10000,0.948464,0.000000,1
10000,0.988369,0.000000,1
10000,1.301559,0.000000,1
10000,0.887638,0.000000,1
10000,0.949014,0.000000,1
10000,1.228001,0.000000,1
10000,1.185659,0.000000,1
10000,0.969763,0.000000,1
10000,0.969977,0.000000,1
10000,1.010661,0.000000,1
10000,0.934224,0.000000,1
10000,0.917974,0.000000,1
10000,0.952913,0.000000,1
10000,0.929390,0.000000,1
10000,0.924096,0.000000,1
10000,0.935398,0.000000,1
10000,0.970826,0.000000,1
10000,1.868878,0.000000,1
50000,4.884249,0.000000,1
50000,7.198044,0.000000,1
50000,4.959876,0.000000,1
50000,5.467777,0.000000,1
50000,5.587191,0.000000,1
50000,5.100804,0.000000,1
50000,5.256860,0.000000,1
50000,6.365501,0.000000,1
50000,6.510307,0.000000,1
50000,4.939775,0.000000,1
50000,5.357748,0.000000,1
50000,5.045044,0.000000,1
50000,5.093144,0.000000,1
50000,4.674112,0.000000,1
50000,5.411160,0.000000,1
50000,5.455536,0.000000,1
50000,4.638123,0.000000,1
50000,4.738706,0.000000,1
50000,4.735115,0.000000,1
50000,4.522331,0.000000,1
50000,4.471015,0.000000,1
50000,4.527686,0.000000,1
50000,4.743336,0.000000,1
50000,4.694076,0.000000,1
50000,4.687968,0.000000,1
50000,5.046788,0.000000,1
50000,4.607270,0.000000,1
50000,4.799922,0.000000,1
50000,4.562729,0.000000,1
50000,4.607918,0.000000,1
50000,5.217727,0.000000,1
50000,5.133967,0.000000,1
50000,4.642532,0.000000,1
50000,4.988754,0.000000,1
50000,5.149243,0.000000,1
50000,5.712062,0.000000,1
50000,5.643194,0.000000,1
50000,5.047645,0.000000,1
50000,4.984665,0.000000,1
50000,5.055838,0.000000,1
50000,4.854982,0.000000,1
50000,6.338640,0.000000,1
50000,5.347842,0.000000,1
50000,5.180658,0.000000,1
50000,4.699809,0.000000,1
50000,5.430119,0.000000,1
50000,4.797764,0.000000,1
50000,5.134371,0.000000,1
50000,4.813663,0.000000,1
50000,4.644943,0.000000,1
50000,5.602333,0.000000,1
50000,5.066129,0.000000,1
50000,5.354065,0.000000,1
50000,5.253809,0.000000,1
50000,4.778785,0.000000,1
50000,5.469667,0.000000,1
50000,5.123786,0.000000,1
50000,4.908329,0.000000,1
50000,4.903423,0.000000,1
50000,4.538510,0.000000,1
50000,5.094458,0.000000,1
50000,5.443866,0.000000,1
50000,4.692241,0.000000,1
50000,5.626709,0.000000,1
50000,4.912083,0.000000,1
50000,4.674755,0.000000,1
50000,7.629988,0.000000,1
50000,4.851602,0.000000,1
50000,5.059938,0.000000,1
50000,4.978941,0.000000,1
50000,5.119048,0.000000,1
50000,5.159031,0.000000,1
50000,4.957416,0.000000,1
50000,5.010004,0.000000,1
50000,5.016359,0.000000,1
50000,5.590301,0.000000,1
50000,4.534419,0.000000,1
50000,4.934873,0.000000,1
50000,6.000854,0.000000,1
50000,4.984674,0.000000,1
50000,4.664911,0.000000,1
50000,4.881337,0.000000,1
50000,4.685936,0.000000,1
50000,4.986602,0.000000,1
50000,4.539163,0.000000,1
50000,5.309186,0.000000,1
50000,5.097222,0.000000,1
50000,4.599104,0.000000,1
50000,4.897486,0.000000,1
50000,5.491843,0.000000,1
50000,5.187002,0.000000,1
50000,6.220656,0.000000,1
50000,4.901555,0.000000,1
50000,4.575437,0.000000,1
50000,5.152635,0.000000,1
50000,5.022000,0.000000,1
50000,4.559361,0.000000,1
50000,4.653072,0.000000,1
50000,4.732779,0.000000,1
50000,4.870314,0.000000,1
100000,10.325865,0.000000,1
100000,9.692746,0.000000,1
100000,8.991300,0.000000,1
100000,9.001709,0.000000,1
100000,9.703132,0.000000,1
100000,10.021736,0.000000,1
100000,9.589268,0.000000,1
100000,9.743225,0.000000,1
100000,9.802438,0.000000,1
100000,9.705088,0.000000,1
100000,9.635253,0.000000,1
100000,10.608752,0.000000,1
100000,10.572554,0.000000,1
100000,10.082620,0.000000,1
100000,9.445248,0.000000,1
100000,9.152142,0.000000,1
100000,8.952179,0.000000,1
100000,9.168860,0.000000,1
100000,9.219487,0.000000,1
100000,8.970295,0.000000,1
100000,14.825652,0.000000,1
100000,9.653854,0.000000,1
100000,10.524705,0.000000,1
100000,9.537660,0.000000,1
100000,9.194331,0.000000,1
100000,9.184447,0.000000,1
100000,9.131087,0.000000,1
100000,10.070629,0.000000,1
100000,10.588830,0.000000,1
100000,11.961572,0.000000,1
100000,11.291094,0.000000,1
100000,9.697948,0.000000,1
100000,9.412884,0.000000,1
100000,9.152125,0.000000,1
100000,9.344777,0.000000,1
100000,9.300127,0.000000,1
100000,9.733805,0.000000,1
100000,10.547194,0.000000,1
100000,10.527433,0.000000,1
100000,10.023726,0.000000,1
100000,9.833990,0.000000,1
100000,9.192649,0.000000,1
100000,9.207807,0.000000,1
100000,9.449145,0.000000,1
100000,9.186540,0.000000,1
100000,11.571947,0.000000,1
100000,10.573855,0.000000,1
100000,9.599151,0.000000,1
100000,9.430437,0.000000,1
100000,9.533058,0.000000,1
100000,11.587929,0.000000,1
100000,9.826837,0.000000,1
100000,9.302995,0.000000,1
100000,13.313224,0.000000,1
100000,9.936970,0.000000,1
100000,11.070645,0.000000,1
100000,10.149152,0.000000,1
100000,9.828849,0.000000,1
100000,10.132907,0.000000,1
100000,10.464064,0.000000,1
100000,9.176102,0.000000,1
100000,9.077837,0.000000,1
100000,9.848098,0.000000,1
100000,9.214348,0.000000,1
100000,9.181100,0.000000,1
100000,10.163215,0.000000,1
100000,9.522403,0.000000,1
100000,9.350679,0.000000,1
100000,9.807171,0.000000,1
100000,8.889156,0.000000,1
100000,11.801086,0.000000,1
100000,10.345727,0.000000,1
100000,9.293600,0.000000,1
100000,9.897038,0.000000,1
100000,10.766385,0.000000,1
100000,9.774834,0.000000,1
100000,10.645365,0.000000,1
100000,11.214517,0.000000,1
100000,10.470743,0.000000,1
100000,11.880581,0.000000,1
100000,9.737091,0.000000,1
100000,10.444300,0.000000,1
100000,9.987740,0.000000,1
100000,10.319300,0.000000,1
100000,9.917200,0.000000,1
100000,9.588409,0.000000,1
100000,10.444891,0.000000,1
100000,10.746292,0.000000,1
100000,12.329785,0.000000,1
100000,9.703824,0.000000,1
100000,10.385169,0.000000,1
100000,10.400772,0.000000,1
100000,10.721544,0.000000,1
100000,9.481461,0.000000,1
100000,10.288667,0.000000,1
100000,11.069127,0.000000,1
100000,9.760638,0.000000,1
100000,9.759932,0.000000,1
100000,10.420970,0.000000,1
100000,10.823077,0.000000,1
500000,53.207042,0.000000,1
500000,50.041516,0.000000,1
500000,48.796037,0.000000,1
500000,50.589864,0.000000,1
500000,53.780706,0.000000,1
500000,50.792893,0.000000,1
500000,47.163583,0.000000,1
500000,52.130071,0.000000,1
500000,50.101378,0.000000,1
500000,50.220620,0.000000,1
500000,46.425314,0.000000,1
500000,54.298462,0.000000,1
500000,49.928922,0.000000,1
500000,53.286850,0.000000,1
500000,52.515491,0.000000,1
500000,47.910904,0.000000,1
500000,49.229225,0.000000,1
500000,48.781979,0.000000,1
500000,66.546374,0.000000,1
500000,46.959618,0.000000,1
500000,51.173001,0.000000,1
500000,49.635463,0.000000,1
500000,52.312640,0.000000,1
500000,48.111428,0.000000,1
500000,52.814813,0.000000,1
500000,52.135496,0.000000,1
500000,49.422821,0.000000,1
500000,52.328246,0.000000,1
500000,52.115491,0.000000,1
500000,50.456644,0.000000,1
500000,51.615976,0.000000,1
500000,50.212078,0.000000,1
500000,46.722216,0.000000,1
500000,46.954069,0.000000,1
500000,51.088916,0.000000,1
500000,53.486292,0.000000,1
500000,54.755681,0.000000,1
500000,51.300525,0.000000,1
500000,46.598593,0.000000,1
500000,47.601035,0.000000,1
500000,48.679954,0.000000,1
500000,47.401460,0.000000,1
500000,48.746578,0.000000,1
500000,47.508708,0.000000,1
500000,53.307459,0.000000,1
500000,57.397218,0.000000,1
500000,54.924256,0.000000,1
500000,50.850148,0.000000,1
500000,51.466130,0.000000,1
500000,48.255986,0.000000,1
500000,49.426060,0.000000,1
500000,52.868678,0.000000,1
500000,53.870442,0.000000,1
500000,54.520871,0.000000,1
500000,53.276822,0.000000,1
500000,48.378674,0.000000,1
500000,48.275638,0.000000,1
500000,51.490140,0.000000,1
500000,54.165621,0.000000,1
500000,53.215234,0.000000,1
500000,48.851898,0.000000,1
500000,61.961016,0.000000,1
500000,55.646245,0.000000,1
500000,48.700748,0.000000,1
500000,47.089687,0.000000,1
500000,46.308861,0.000000,1
500000,50.481560,0.000000,1
500000,47.427804,0.000000,1
500000,47.130435,0.000000,1
500000,51.516469,0.000000,1
500000,56.908316,0.000000,1
500000,46.151127,0.000000,1
500000,53.355996,0.000000,1
500000,47.159600,0.000000,1
500000,45.847652,0.000000,1
500000,46.259852,0.000000,1
500000,46.922053,0.000000,1
500000,48.421145,0.000000,1
500000,49.383498,0.000000,1
500000,51.841310,0.000000,1
500000,48.340934,0.000000,1
500000,53.133453,0.000000,1
500000,48.168095,0.000000,1
500000,49.420103,0.000000,1
500000,47.860922,0.000000,1
500000,47.178616,0.000000,1
500000,49.024096,0.000000,1
500000,49.139525,0.000000,1
500000,51.642914,0.000000,1
500000,46.044654,0.000000,1
500000,48.573215,0.000000,1
500000,50.254713,0.000000,1
500000,46.635208,0.000000,1
500000,47.691858,0.000000,1
500000,47.584212,0.000000,1
500000,49.233196,0.000000,1
500000,47.947885,0.000000,1
500000,49.952451,0.000000,1
500000,49.002196,0.000000,1
500000,49.059561,0.000000,1
1000000,107.582305,0.000000,1
1000000,100.600883,0.000000,1
1000000,99.458333,0.000000,1
1000000,97.102071,0.000000,1
1000000,94.182949,0.000000,1
1000000,97.791535,0.000000,1
1000000,89.991205,0.000000,1
1000000,96.570415,0.000000,1
1000000,103.948024,0.000000,1
1000000,96.176860,0.000000,1
1000000,101.644435,0.000000,1
1000000,91.758762,0.000000,1
1000000,93.391398,0.000000,1
1000000,101.562844,0.000000,1
1000000,93.694997,0.000000,1
1000000,96.547402,0.000000,1
1000000,97.993873,0.000000,1
1000000,99.890664,0.000000,1
1000000,94.721750,0.000000,1
1000000,98.548628,0.000000,1
1000000,106.382251,0.000000,1
1000000,97.570997,0.000000,1
1000000,98.690073,0.000000,1
1000000,95.341053,0.000000,1
1000000,103.599142,0.000000,1
1000000,96.642982,0.000000,1
1000000,93.595460,0.000000,1
1000000,97.499961,0.000000,1
1000000,99.249697,0.000000,1
1000000,106.245800,0.000000,1
1000000,100.334652,0.000000,1
1000000,102.043164,0.000000,1
1000000,105.891969,0.000000,1
1000000,101.228799,0.000000,1
1000000,95.966326,0.000000,1
1000000,100.264000,0.000000,1
1000000,101.572674,0.000000,1
1000000,97.301879,0.000000,1
1000000,95.282651,0.000000,1
1000000,101.153482,0.000000,1
1000000,93.092227,0.000000,1
1000000,99.032808,0.000000,1
1000000,94.432514,0.000000,1
1000000,96.284643,0.000000,1
1000000,100.000186,0.000000,1
1000000,99.392839,0.000000,1
1000000,93.439606,0.000000,1
1000000,98.920779,0.000000,1
1000000,91.587260,0.000000,1
1000000,98.336428,0.000000,1
1000000,101.401397,0.000000,1
1000000,122.894396,0.000000,1
1000000,112.580770,0.000000,1
1000000,116.328917,0.000000,1
1000000,103.701717,0.000000,1
1000000,94.473715,0.000000,1
1000000,93.730379,0.000000,1
1000000,109.442743,0.000000,1
1000000,119.486700,0.000000,1
1000000,104.348728,0.000000,1
1000000,93.373260,0.000000,1
1000000,94.861886,0.000000,1
1000000,98.961855,0.000000,1
1000000,100.007297,0.000000,1
1000000,92.337177,0.000000,1
1000000,100.548324,0.000000,1
1000000,100.743372,0.000000,1
1000000,97.224723,0.000000,1
1000000,96.094469,0.000000,1
1000000,99.098180,0.000000,1
1000000,102.171615,0.000000,1
1000000,92.835775,0.000000,1
1000000,100.727482,0.000000,1
1000000,102.005801,0.000000,1
1000000,94.917919,0.000000,1
1000000,93.149499,0.000000,1
1000000,104.263859,0.000000,1
1000000,102.528842,0.000000,1
1000000,107.176349,0.000000,1
1000000,105.045827,0.000000,1
1000000,105.822933,0.000000,1
1000000,97.100018,0.000000,1
1000000,98.026650,0.000000,1
1000000,93.461946,0.000000,1
1000000,95.721710,0.000000,1
1000000,100.006327,0.000000,1
1000000,101.925397,0.000000,1
1000000,100.800143,0.000000,1
1000000,100.500444,0.000000,1
1000000,95.230759,0.000000,1
1000000,102.515139,0.000000,1
1000000,96.489435,0.000000,1
1000000,98.097743,0.000000,1
1000000,102.660853,0.000000,1
1000000,104.045808,0.000000,1
1000000,91.960004,0.000000,1
1000000,94.540866,0.000000,1
1000000,95.869748,0.000000,1
1000000,97.666749,0.000000,1
1000000,98.103692,0.000000,1
