count,time,presortedPercent,descending
10000,2.428636,0.000000,0
50000,12.884310,0.000000,0
100000,31.323301,0.000000,0
500000,134.875118,0.000000,0
1000000,275.503750,0.000000,0
10000,2.142925,0.000000,0
50000,12.149617,0.000000,0
100000,23.757517,0.000000,0
500000,134.348591,0.000000,0
1000000,283.216935,0.000000,0
10000,2.372329,0.000000,0
50000,12.046177,0.000000,0
100000,27.810045,0.000000,0
500000,132.776732,0.000000,0
1000000,285.018538,0.000000,0
10000,2.058994,0.000000,0
50000,13.187836,0.000000,0
100000,23.812091,0.000000,0
500000,135.010965,0.000000,0
1000000,281.531921,0.000000,0
10000,2.435265,0.000000,0
50000,12.475473,0.000000,0
100000,26.494852,0.000000,0
500000,131.261789,0.000000,0
1000000,277.525245,0.000000,0
10000,2.121268,0.000000,0
50000,11.570113,0.000000,0
100000,24.584419,0.000000,0
500000,135.939513,0.000000,0
1000000,285.320875,0.000000,0
10000,2.060143,0.000000,0
50000,12.293447,0.000000,0
100000,25.139983,0.000000,0
500000,137.206762,0.000000,0
1000000,280.964371,0.000000,0
10000,2.047780,0.000000,0
50000,11.601387,0.000000,0
100000,24.143108,0.000000,0
500000,130.928843,0.000000,0
1000000,277.407183,0.000000,0
10000,2.112861,0.000000,0
50000,11.554842,0.000000,0
100000,24.054592,0.000000,0
500000,133.386263,0.000000,0
1000000,276.677059,0.000000,0
10000,2.071662,0.000000,0
50000,11.630526,0.000000,0
100000,24.321597,0.000000,0
500000,139.777641,0.000000,0
1000000,273.774368,0.000000,0
10000,2.103771,0.000000,0
50000,12.000028,0.000000,0
100000,23.915565,0.000000,0
500000,132.368636,0.000000,0
1000000,274.549070,0.000000,0
10000,2.061698,0.000000,0
50000,11.974427,0.000000,0
100000,24.093878,0.000000,0
500000,133.423333,0.000000,0
1000000,-280.436099,0.000000,0
10000,2.053941,0.000000,0
50000,11.382134,0.000000,0
100000,24.441263,0.000000,0
500000,134.024944,0.000000,0
1000000,272.504175,0.000000,0
10000,2.068222,0.000000,0
50000,11.791088,0.000000,0
100000,24.113090,0.000000,0
500000,129.920686,0.000000,0
1000000,275.217855,0.000000,0
10000,2.084208,0.000000,0
50000,11.743987,0.000000,0
100000,24.116518,0.000000,0
500000,131.945014,0.000000,0
1000000,273.091175,0.000000,0
10000,2.585219,0.000000,0
50000,11.776314,0.000000,0
100000,24.806300,0.000000,0
500000,130.547578,0.000000,0
1000000,273.117550,0.000000,0
10000,2.181292,0.000000,0
50000,11.577499,0.000000,0
100000,26.067286,0.000000,0
500000,132.765418,0.000000,0
1000000,274.266723,0.000000,0
10000,2.077402,0.000000,0
50000,12.054188,0.000000,0
100000,28.309371,0.000000,0
500000,135.988888,0.000000,0
1000000,270.969427,0.000000,0
10000,2.141048,0.000000,0
50000,11.381009,0.000000,0
100000,23.782845,0.000000,0
500000,132.039069,0.000000,0
1000000,273.381030,0.000000,0
10000,2.035225,0.000000,0
50000,12.224794,0.000000,0
100000,23.843148,0.000000,0
500000,135.857704,0.000000,0
1000000,271.000577,0.000000,0
10000,2.062704,0.000000,0
50000,11.441566,0.000000,0
100000,23.952852,0.000000,0
500000,134.595762,0.000000,0
1000000,271.007292,0.000000,0
10000,2.121445,0.000000,0
50000,11.575674,0.000000,0
100000,24.167042,0.000000,0
500000,134.148529,0.000000,0
1000000,276.157511,0.000000,0
10000,2.045896,0.000000,0
50000,12.139140,0.000000,0
100000,25.827383,0.000000,0
500000,130.771296,0.000000,0
1000000,272.160728,0.000000,0
10000,2.105078,0.000000,0
50000,11.651371,0.000000,0
100000,24.524371,0.000000,0
500000,133.443517,0.000000,0
1000000,276.841088,0.000000,0
10000,2.503280,0.000000,0
50000,13.056708,0.000000,0
100000,24.344302,0.000000,0
500000,131.837868,0.000000,0
1000000,273.504058,0.000000,0
10000,2.059621,0.000000,0
50000,11.923406,0.000000,0
100000,24.130770,0.000000,0
500000,133.941218,0.000000,0
1000000,271.240644,0.000000,0
10000,2.111292,0.000000,0
50000,11.407859,0.000000,0
100000,24.181223,0.000000,0
500000,131.313802,0.000000,0
1000000,288.921557,0.000000,0
10000,2.090264,0.000000,0
50000,11.669696,0.000000,0
100000,26.542981,0.000000,0
500000,132.673633,0.000000,0
1000000,277.753188,0.000000,0
10000,2.117580,0.000000,0
50000,11.737860,0.000000,0
100000,24.231160,0.000000,0
500000,132.978261,0.000000,0
1000000,281.204904,0.000000,0
10000,2.319789,0.000000,0
50000,11.870564,0.000000,0
100000,24.939112,0.000000,0
500000,133.063429,0.000000,0
1000000,317.058391,0.000000,0
10000,2.197807,0.000000,0
50000,14.559974,0.000000,0
100000,27.792535,0.000000,0
500000,136.653031,0.000000,0
1000000,292.786484,0.000000,0
10000,2.073752,0.000000,0
50000,11.749816,0.000000,0
100000,24.442180,0.000000,0
500000,134.067799,0.000000,0
1000000,277.218289,0.000000,0
10000,2.213169,0.000000,0
50000,12.027040,0.000000,0
100000,24.545758,0.000000,0
500000,132.547668,0.000000,0
1000000,285.904831,0.000000,0
10000,2.346253,0.000000,0
50000,12.212608,0.000000,0
100000,25.848587,0.000000,0
500000,134.086298,0.000000,0
1000000,293.975559,0.000000,0
10000,2.258526,0.000000,0
50000,11.969306,0.000000,0
100000,31.353611,0.000000,0
500000,139.567602,0.000000,0
1000000,284.887399,0.000000,0
10000,2.172967,0.000000,0
50000,12.646210,0.000000,0
100000,26.288627,0.000000,0
500000,140.711966,0.000000,0
1000000,283.046905,0.000000,0
10000,2.108323,0.000000,0
50000,11.805715,0.000000,0
100000,24.447882,0.000000,0
500000,133.978628,0.000000,0
1000000,303.823742,0.000000,0
10000,2.121968,0.000000,0
50000,12.627659,0.000000,0
100000,25.904400,0.000000,0
500000,152.030722,0.000000,0
1000000,318.550352,0.000000,0
10000,2.465753,0.000000,0
50000,13.205839,0.000000,0
100000,29.681480,0.000000,0
500000,152.946178,0.000000,0
1000000,343.884755,0.000000,0
10000,2.669629,0.000000,0
50000,12.757949,0.000000,0
100000,27.217761,0.000000,0
500000,149.200671,0.000000,0
1000000,311.298309,0.000000,0
10000,2.507410,0.000000,0
50000,13.000365,0.000000,0
100000,26.756102,0.000000,0
500000,136.452633,0.000000,0
1000000,297.416459,0.000000,0
10000,2.258248,0.000000,0
50000,12.107072,0.000000,0
100000,27.775247,0.000000,0
500000,143.954349,0.000000,0
1000000,300.900973,0.000000,0
10000,2.610626,0.000000,0
50000,14.307617,0.000000,0
100000,27.223061,0.000000,0
500000,137.526234,0.000000,0
1000000,317.894007,0.000000,0
10000,2.387052,0.000000,0
50000,12.384362,0.000000,0
100000,28.329736,0.000000,0
500000,137.021788,0.000000,0
1000000,276.920062,0.000000,0
10000,2.131366,0.000000,0
50000,11.766554,0.000000,0
100000,25.599946,0.000000,0
500000,133.494926,0.000000,0
1000000,283.073262,0.000000,0
10000,2.230866,0.000000,0
50000,11.971130,0.000000,0
100000,24.433360,0.000000,0
500000,137.600598,0.000000,0
1000000,284.800313,0.000000,0
10000,2.156744,0.000000,0
50000,13.066786,0.000000,0
100000,28.830843,0.000000,0
500000,138.829002,0.000000,0
1000000,306.596875,0.000000,0
10000,2.465815,0.000000,0
50000,13.180569,0.000000,0
100000,26.541069,0.000000,0
500000,136.697839,0.000000,0
1000000,282.292425,0.000000,0
10000,2.168483,0.000000,0
50000,11.822864,0.000000,0
100000,26.863825,0.000000,0
500000,138.444966,0.000000,0
1000000,278.072435,0.000000,0
10000,2.181239,0.000000,0
50000,12.025478,0.000000,0
100000,26.014708,0.000000,0
500000,139.133311,0.000000,0
1000000,285.198354,0.000000,0
10000,2.179979,0.000000,0
50000,11.727811,0.000000,0
100000,26.870170,0.000000,0
500000,142.295404,0.000000,0
1000000,289.968671,0.000000,0
10000,2.060616,0.000000,0
50000,11.909861,0.000000,0
100000,27.937478,0.000000,0
500000,159.615440,0.000000,0
1000000,294.619539,0.000000,0
10000,2.122685,0.000000,0
50000,12.654862,0.000000,0
100000,26.524067,0.000000,0
500000,135.484759,0.000000,0
1000000,285.325909,0.000000,0
10000,2.268278,0.000000,0
50000,12.079526,0.000000,0
100000,26.021358,0.000000,0
500000,149.588086,0.000000,0
1000000,293.888444,0.000000,0
10000,2.134687,0.000000,0
50000,12.107178,0.000000,0
100000,27.232697,0.000000,0
500000,134.004182,0.000000,0
1000000,274.634134,0.000000,0
10000,2.126979,0.000000,0
50000,11.654879,0.000000,0
100000,24.415121,0.000000,0
500000,134.938880,0.000000,0
1000000,276.560704,0.000000,0
10000,2.069410,0.000000,0
50000,11.875020,0.000000,0
100000,24.505603,0.000000,0
500000,132.044072,0.000000,0
1000000,275.898291,0.000000,0
10000,2.081606,0.000000,0
50000,11.679482,0.000000,0
100000,23.920313,0.000000,0
500000,130.997376,0.000000,0
1000000,276.027067,0.000000,0
10000,2.479827,0.000000,0
50000,12.009605,0.000000,0
100000,25.195464,0.000000,0
500000,134.374733,0.000000,0
1000000,275.130414,0.000000,0
10000,2.107990,0.000000,0
50000,11.750578,0.000000,0
100000,24.333213,0.000000,0
500000,138.959974,0.000000,0
1000000,278.182233,0.000000,0
10000,2.485529,0.000000,0
50000,11.822423,0.000000,0
100000,25.258463,0.000000,0
500000,140.050068,0.000000,0
1000000,278.649329,0.000000,0
10000,2.176393,0.000000,0
50000,11.694472,0.000000,0
100000,24.758286,0.000000,0
500000,138.002044,0.000000,0
1000000,290.699704,0.000000,0
10000,2.164491,0.000000,0
50000,12.632239,0.000000,0
100000,25.135469,0.000000,0
500000,141.246185,0.000000,0
1000000,284.543909,0.000000,0
10000,2.281284,0.000000,0
50000,11.652060,0.000000,0
100000,24.819970,0.000000,0
500000,136.105990,0.000000,0
1000000,276.152789,0.000000,0
10000,2.105952,0.000000,0
50000,11.724261,0.000000,0
100000,33.853045,0.000000,0
500000,142.609682,0.000000,0
1000000,278.384950,0.000000,0
10000,2.099936,0.000000,0
50000,11.666710,0.000000,0
100000,24.387884,0.000000,0
500000,133.673162,0.000000,0
1000000,278.473256,0.000000,0
10000,2.109230,0.000000,0
50000,11.978299,0.000000,0
100000,24.266997,0.000000,0
500000,133.965978,0.000000,0
1000000,290.595372,0.000000,0
10000,2.122211,0.000000,0
50000,11.781395,0.000000,0
100000,25.936370,0.000000,0
500000,137.830530,0.000000,0
1000000,292.930317,0.000000,0
10000,2.057150,0.000000,0
50000,13.061401,0.000000,0
100000,24.976826,0.000000,0
500000,134.240990,0.000000,0
1000000,290.666920,0.000000,0
10000,2.082985,0.000000,0
50000,11.588064,0.000000,0
100000,26.841967,0.000000,0
500000,134.917672,0.000000,0
1000000,292.147981,0.000000,0
10000,2.304730,0.000000,0
50000,12.530153,0.000000,0
100000,27.990781,0.000000,0
500000,134.743046,0.000000,0
1000000,284.737767,0.000000,0
10000,2.321682,0.000000,0
50000,12.404095,0.000000,0
100000,28.390747,0.000000,0
500000,-420.705459,0.000000,0
1000000,296.365481,0.000000,0
10000,2.410936,0.000000,0
50000,12.190403,0.000000,0
100000,26.859351,0.000000,0
500000,143.857231,0.000000,0
1000000,288.231090,0.000000,0
10000,2.309179,0.000000,0
50000,12.520450,0.000000,0
100000,25.963026,0.000000,0
500000,144.027535,0.000000,0
1000000,285.938092,0.000000,0
10000,2.037526,0.000000,0
50000,12.506201,0.000000,0
100000,24.967182,0.000000,0
500000,134.397512,0.000000,0
1000000,276.924583,0.000000,0
10000,2.146624,0.000000,0
50000,11.668391,0.000000,0
100000,24.725470,0.000000,0
500000,134.232716,0.000000,0
1000000,275.970842,0.000000,0
10000,2.064927,0.000000,0
50000,11.536412,0.000000,0
100000,23.886900,0.000000,0
500000,132.330686,0.000000,0
1000000,274.400608,0.000000,0
10000,2.137681,0.000000,0
50000,12.221944,0.000000,0
100000,27.005076,0.000000,0
500000,135.161713,0.000000,0
1000000,273.762145,0.000000,0
10000,2.069635,0.000000,0
50000,11.516608,0.000000,0
100000,23.954200,0.000000,0
500000,134.581001,0.000000,0
1000000,278.681558,0.000000,0
10000,2.046488,0.000000,0
50000,11.654762,0.000000,0
100000,24.513744,0.000000,0
500000,132.566176,0.000000,0
1000000,273.002381,0.000000,0
10000,2.104168,0.000000,0
50000,11.445159,0.000000,0
100000,24.097091,0.000000,0
500000,131.397136,0.000000,0
1000000,276.221580,0.000000,0
10000,2.124708,0.000000,0
50000,11.771668,0.000000,0
100000,25.012458,0.000000,0
500000,136.793598,0.000000,0
1000000,277.292960,0.000000,0
10000,2.131164,0.000000,0
50000,11.527509,0.000000,0
100000,24.809865,0.000000,0
500000,132.833612,0.000000,0
1000000,277.796976,0.000000,0
10000,2.105563,0.000000,0
50000,11.767243,0.000000,0
100000,24.526170,0.000000,0
500000,132.281503,0.000000,0
1000000,272.607823,0.000000,0
10000,2.248687,0.000000,0
50000,12.755464,0.000000,0
100000,25.349546,0.000000,0
500000,131.363815,0.000000,0
1000000,275.978370,0.000000,0
10000,2.355964,0.000000,0
50000,11.802664,0.000000,0
100000,24.470594,0.000000,0
500000,145.045661,0.000000,0
1000000,284.996871,0.000000,0
10000,2.659828,0.000000,0
50000,12.018760,0.000000,0
100000,27.208262,0.000000,0
500000,132.636618,0.000000,0
1000000,284.540533,0.000000,0
10000,2.410552,0.000000,0
50000,12.117097,0.000000,0
100000,24.746098,0.000000,0
500000,138.296602,0.000000,0
1000000,280.202497,0.000000,0
10000,2.077505,0.000000,0
50000,11.455796,0.000000,0
100000,24.810802,0.000000,0
500000,138.648997,0.000000,0
1000000,277.142805,0.000000,0
10000,2.154933,0.000000,0
50000,12.349275,0.000000,0
100000,26.159271,0.000000,0
500000,145.307165,0.000000,0
1000000,300.049871,0.000000,0
10000,2.170985,0.000000,0
50000,13.596686,0.000000,0
100000,27.126100,0.000000,0
500000,146.806864,0.000000,0
1000000,290.803289,0.000000,0
10000,2.151849,0.000000,0
50000,12.593454,0.000000,0
100000,40.530900,0.000000,0
500000,139.616895,0.000000,0
1000000,288.127168,0.000000,0
10000,2.156285,0.000000,0
50000,12.192332,0.000000,0
100000,25.321350,0.000000,0
500000,147.211270,0.000000,0
1000000,287.146967,0.000000,0
10000,2.332165,0.000000,0
50000,13.065387,0.000000,0
100000,27.161553,0.000000,0
500000,141.385636,0.000000,0
1000000,282.959014,0.000000,0
10000,2.175811,0.000000,0
50000,12.231386,0.000000,0
100000,29.676319,0.000000,0
500000,144.505111,0.000000,0
1000000,286.684568,0.000000,0
10000,2.208940,0.000000,0
50000,12.373028,0.000000,0
100000,25.307040,0.000000,0
500000,138.074120,0.000000,0
1000000,288.036429,0.000000,0
10000,2.192941,0.000000,0
50000,12.299788,0.000000,0
100000,25.122646,0.000000,0
500000,138.151160,0.000000,0
1000000,293.080961,0.000000,0
10000,2.598669,0.000000,0
50000,12.045852,0.000000,0
100000,25.572360,0.000000,0
500000,135.710952,0.000000,0
1000000,276.656142,0.000000,0
10000,2.047190,0.000000,0
50000,12.287659,0.000000,0
100000,24.609753,0.000000,0
500000,130.132964,0.000000,0
1000000,270.836208,0.000000,0
10000,2.074863,0.000000,0
50000,11.461206,0.000000,0
100000,24.129365,0.000000,0
500000,131.981284,0.000000,0
1000000,273.240532,0.000000,0
10000,1.934875,25.000000,0
50000,11.523185,25.000000,0
100000,22.861748,25.000000,0
500000,128.793988,25.000000,0
1000000,264.314891,25.000000,0
10000,2.118306,25.000000,0
50000,12.150533,25.000000,0
100000,25.927827,25.000000,0
500000,126.922558,25.000000,0
1000000,266.951661,25.000000,0
10000,1.935446,25.000000,0
50000,10.830881,25.000000,0
100000,22.902766,25.000000,0
500000,124.366903,25.000000,0
1000000,257.253690,25.000000,0
10000,1.930337,25.000000,0
50000,11.002788,25.000000,0
100000,23.235983,25.000000,0
500000,126.193130,25.000000,0
1000000,263.458447,25.000000,0
10000,1.974808,25.000000,0
50000,11.291060,25.000000,0
100000,23.311151,25.000000,0
500000,128.632429,25.000000,0
1000000,267.206617,25.000000,0
10000,1.953809,25.000000,0
50000,11.959566,25.000000,0
100000,25.420021,25.000000,0
500000,129.407394,25.000000,0
1000000,259.251622,25.000000,0
10000,2.090091,25.000000,0
50000,11.321026,25.000000,0
100000,22.815212,25.000000,0
500000,139.224645,25.000000,0
1000000,269.520369,25.000000,0
10000,2.077113,25.000000,0
50000,12.633817,25.000000,0
100000,24.565741,25.000000,0
500000,128.096306,25.000000,0
1000000,260.617471,25.000000,0
10000,2.025832,25.000000,0
50000,11.294764,25.000000,0
100000,23.394131,25.000000,0
500000,128.772878,25.000000,0
1000000,263.073487,25.000000,0
10000,2.596798,25.000000,0
50000,11.089094,25.000000,0
100000,23.161493,25.000000,0
500000,125.564818,25.000000,0
1000000,264.010934,25.000000,0
10000,2.092651,25.000000,0
50000,11.300407,25.000000,0
100000,22.867670,25.000000,0
500000,124.676326,25.000000,0
1000000,263.872377,25.000000,0
10000,2.068215,25.000000,0
50000,11.136821,25.000000,0
100000,23.701189,25.000000,0
500000,127.520166,25.000000,0
1000000,261.367560,25.000000,0
10000,1.986081,25.000000,0
50000,12.064962,25.000000,0
100000,22.457605,25.000000,0
500000,124.870050,25.000000,0
1000000,258.251863,25.000000,0
10000,1.953871,25.000000,0
50000,11.385702,25.000000,0
100000,23.811911,25.000000,0
500000,124.185566,25.000000,0
1000000,264.776582,25.000000,0
10000,1.950903,25.000000,0
50000,10.971403,25.000000,0
100000,24.804326,25.000000,0
500000,126.802606,25.000000,0
1000000,263.364912,25.000000,0
10000,1.964155,25.000000,0
50000,12.235136,25.000000,0
100000,24.746203,25.000000,0
500000,124.545993,25.000000,0
1000000,260.677850,25.000000,0
10000,1.977807,25.000000,0
50000,10.898065,25.000000,0
100000,24.500037,25.000000,0
500000,126.282903,25.000000,0
1000000,272.000857,25.000000,0
10000,2.078959,25.000000,0
50000,16.683717,25.000000,0
100000,26.774065,25.000000,0
500000,127.337239,25.000000,0
1000000,263.154768,25.000000,0
10000,1.916107,25.000000,0
50000,11.500517,25.000000,0
100000,24.617570,25.000000,0
500000,135.854410,25.000000,0
1000000,269.185785,25.000000,0
10000,1.970408,25.000000,0
50000,11.227816,25.000000,0
100000,22.971538,25.000000,0
500000,125.664295,25.000000,0
1000000,271.333120,25.000000,0
10000,1.974189,25.000000,0
50000,11.294760,25.000000,0
100000,23.815784,25.000000,0
500000,130.259758,25.000000,0
1000000,264.920706,25.000000,0
10000,1.983156,25.000000,0
50000,11.815980,25.000000,0
100000,23.283411,25.000000,0
500000,126.433492,25.000000,0
1000000,264.656072,25.000000,0
10000,2.385879,25.000000,0
50000,11.702179,25.000000,0
100000,25.690535,25.000000,0
500000,126.782730,25.000000,0
1000000,261.879053,25.000000,0
10000,1.982549,25.000000,0
50000,11.310358,25.000000,0
100000,23.505815,25.000000,0
500000,131.999252,25.000000,0
1000000,271.634552,25.000000,0
10000,1.943249,25.000000,0
50000,11.284783,25.000000,0
100000,23.839802,25.000000,0
500000,127.068752,25.000000,0
1000000,263.403031,25.000000,0
10000,1.957251,25.000000,0
50000,11.384643,25.000000,0
100000,27.378239,25.000000,0
500000,130.236964,25.000000,0
1000000,265.500235,25.000000,0
10000,2.070969,25.000000,0
50000,11.187064,25.000000,0
100000,23.096100,25.000000,0
500000,128.141326,25.000000,0
1000000,278.795683,25.000000,0
10000,1.989972,25.000000,0
50000,10.999392,25.000000,0
100000,23.225281,25.000000,0
500000,130.193975,25.000000,0
1000000,276.494672,25.000000,0
10000,1.960906,25.000000,0
50000,11.822279,25.000000,0
100000,25.520445,25.000000,0
500000,135.489759,25.000000,0
1000000,269.427316,25.000000,0
10000,2.385633,25.000000,0
50000,11.954790,25.000000,0
100000,24.590265,25.000000,0
500000,125.851754,25.000000,0
1000000,270.808547,25.000000,0
10000,2.027459,25.000000,0
50000,11.253647,25.000000,0
100000,24.785696,25.000000,0
500000,126.842453,25.000000,0
1000000,276.627335,25.000000,0
10000,1.947171,25.000000,0
50000,11.863063,25.000000,0
100000,23.040852,25.000000,0
500000,128.762413,25.000000,0
1000000,274.775103,25.000000,0
10000,2.096688,25.000000,0
50000,11.052917,25.000000,0
100000,25.045577,25.000000,0
500000,137.709727,25.000000,0
1000000,264.372089,25.000000,0
10000,1.989632,25.000000,0
50000,11.385375,25.000000,0
100000,23.212732,25.000000,0
500000,130.114090,25.000000,0
1000000,271.339570,25.000000,0
10000,1.973859,25.000000,0
50000,11.028377,25.000000,0
100000,25.302107,25.000000,0
500000,126.921703,25.000000,0
1000000,262.170049,25.000000,0
10000,1.959305,25.000000,0
50000,11.519021,25.000000,0
100000,25.461985,25.000000,0
500000,129.538978,25.000000,0
1000000,262.899346,25.000000,0
10000,1.950911,25.000000,0
50000,11.049967,25.000000,0
100000,23.058592,25.000000,0
500000,127.204372,25.000000,0
1000000,261.052060,25.000000,0
10000,2.070624,25.000000,0
50000,11.131027,25.000000,0
100000,23.030861,25.000000,0
500000,125.250266,25.000000,0
1000000,262.427816,25.000000,0
10000,1.972339,25.000000,0
50000,11.695202,25.000000,0
100000,22.662664,25.000000,0
500000,126.693565,25.000000,0
1000000,261.734796,25.000000,0
10000,1.954827,25.000000,0
50000,11.359614,25.000000,0
100000,23.261436,25.000000,0
500000,127.676800,25.000000,0
1000000,264.479096,25.000000,0
10000,2.019732,25.000000,0
50000,11.220164,25.000000,0
100000,23.474706,25.000000,0
500000,132.249307,25.000000,0
1000000,265.758729,25.000000,0
10000,1.935021,25.000000,0
50000,12.025177,25.000000,0
100000,22.640391,25.000000,0
500000,128.005744,25.000000,0
1000000,265.177303,25.000000,0
10000,2.429715,25.000000,0
50000,12.234172,25.000000,0
100000,23.491635,25.000000,0
500000,129.110834,25.000000,0
1000000,263.907868,25.000000,0
10000,2.004943,25.000000,0
50000,11.191945,25.000000,0
100000,23.303803,25.000000,0
500000,127.604449,25.000000,0
1000000,266.418123,25.000000,0
10000,2.012899,25.000000,0
50000,11.376125,25.000000,0
100000,23.154858,25.000000,0
500000,132.190151,25.000000,0
1000000,279.757061,25.000000,0
10000,2.104923,25.000000,0
50000,11.283477,25.000000,0
100000,25.102427,25.000000,0
500000,129.009632,25.000000,0
1000000,264.704090,25.000000,0
10000,1.952910,25.000000,0
50000,10.936282,25.000000,0
100000,22.823122,25.000000,0
500000,126.598387,25.000000,0
1000000,273.562168,25.000000,0
10000,1.950799,25.000000,0
50000,10.879861,25.000000,0
100000,22.942226,25.000000,0
500000,131.417602,25.000000,0
1000000,260.430702,25.000000,0
10000,1.942171,25.000000,0
50000,10.762003,25.000000,0
100000,22.560347,25.000000,0
500000,128.521559,25.000000,0
1000000,258.297154,25.000000,0
10000,1.998376,25.000000,0
50000,10.892626,25.000000,0
100000,22.981309,25.000000,0
500000,126.683871,25.000000,0
1000000,262.780797,25.000000,0
10000,1.935973,25.000000,0
50000,10.894462,25.000000,0
100000,23.705045,25.000000,0
500000,126.515731,25.000000,0
1000000,260.833136,25.000000,0
10000,2.235042,25.000000,0
50000,11.641456,25.000000,0
100000,22.843153,25.000000,0
500000,130.531997,25.000000,0
1000000,271.601470,25.000000,0
10000,1.987639,25.000000,0
50000,11.218656,25.000000,0
100000,23.493756,25.000000,0
500000,125.547222,25.000000,0
1000000,263.755146,25.000000,0
10000,4.033327,25.000000,0
50000,15.334046,25.000000,0
100000,27.788416,25.000000,0
500000,128.712523,25.000000,0
1000000,262.871201,25.000000,0
10000,1.935930,25.000000,0
50000,11.357231,25.000000,0
100000,23.147089,25.000000,0
500000,127.775688,25.000000,0
1000000,271.731445,25.000000,0
10000,2.618438,25.000000,0
50000,12.478096,25.000000,0
100000,22.926900,25.000000,0
500000,129.937249,25.000000,0
1000000,261.845381,25.000000,0
10000,1.969824,25.000000,0
50000,11.376727,25.000000,0
100000,23.081938,25.000000,0
500000,126.620714,25.000000,0
1000000,262.358794,25.000000,0
10000,2.131412,25.000000,0
50000,10.953980,25.000000,0
100000,23.604187,25.000000,0
500000,128.881819,25.000000,0
1000000,259.766948,25.000000,0
10000,1.929731,25.000000,0
50000,12.024628,25.000000,0
100000,24.821126,25.000000,0
500000,124.413969,25.000000,0
1000000,263.524547,25.000000,0
10000,1.957792,25.000000,0
50000,10.964145,25.000000,0
100000,22.859082,25.000000,0
500000,129.662981,25.000000,0
1000000,259.786864,25.000000,0
10000,1.981704,25.000000,0
50000,11.226560,25.000000,0
100000,24.902207,25.000000,0
500000,127.619679,25.000000,0
1000000,268.543181,25.000000,0
10000,1.998600,25.000000,0
50000,11.886237,25.000000,0
100000,24.977910,25.000000,0
500000,131.982380,25.000000,0
1000000,268.639930,25.000000,0
10000,1.982265,25.000000,0
50000,11.511729,25.000000,0
100000,23.755251,25.000000,0
500000,131.645437,25.000000,0
1000000,278.257769,25.000000,0
10000,1.951866,25.000000,0
50000,12.387859,25.000000,0
100000,24.762630,25.000000,0
500000,130.087175,25.000000,0
1000000,267.467153,25.000000,0
10000,1.915470,25.000000,0
50000,11.780905,25.000000,0
100000,25.390960,25.000000,0
500000,129.381278,25.000000,0
1000000,282.426247,25.000000,0
10000,2.459235,25.000000,0
50000,13.000091,25.000000,0
100000,24.866964,25.000000,0
500000,137.309772,25.000000,0
1000000,274.365472,25.000000,0
10000,2.619278,25.000000,0
50000,12.181042,25.000000,0
100000,22.940502,25.000000,0
500000,127.804278,25.000000,0
1000000,277.549057,25.000000,0
10000,2.246362,25.000000,0
50000,12.007899,25.000000,0
100000,26.498676,25.000000,0
500000,137.809452,25.000000,0
1000000,263.607826,25.000000,0
10000,2.249094,25.000000,0
50000,11.762351,25.000000,0
100000,25.445790,25.000000,0
500000,127.155054,25.000000,0
1000000,272.718574,25.000000,0
10000,1.990190,25.000000,0
50000,10.907485,25.000000,0
100000,22.624252,25.000000,0
500000,125.632468,25.000000,0
1000000,264.506082,25.000000,0
10000,2.402804,25.000000,0
50000,12.019858,25.000000,0
100000,25.056737,25.000000,0
500000,125.303687,25.000000,0
1000000,261.801840,25.000000,0
10000,1.956853,25.000000,0
50000,11.182088,25.000000,0
100000,23.130031,25.000000,0
500000,123.686149,25.000000,0
1000000,266.663984,25.000000,0
10000,1.990262,25.000000,0
50000,13.271598,25.000000,0
100000,28.011401,25.000000,0
500000,126.036254,25.000000,0
1000000,260.730768,25.000000,0
10000,1.987855,25.000000,0
50000,10.972671,25.000000,0
100000,23.205279,25.000000,0
500000,125.359865,25.000000,0
1000000,264.497990,25.000000,0
10000,1.938022,25.000000,0
50000,11.250242,25.000000,0
100000,23.902508,25.000000,0
500000,130.448347,25.000000,0
1000000,260.322292,25.000000,0
10000,2.113428,25.000000,0
50000,11.073571,25.000000,0
100000,23.299940,25.000000,0
500000,127.060554,25.000000,0
1000000,265.212021,25.000000,0
10000,2.000782,25.000000,0
50000,10.999087,25.000000,0
100000,22.860976,25.000000,0
500000,126.086565,25.000000,0
1000000,263.474158,25.000000,0
10000,2.010139,25.000000,0
50000,10.775680,25.000000,0
100000,23.251930,25.000000,0
500000,129.211357,25.000000,0
1000000,263.238363,25.000000,0
10000,1.974897,25.000000,0
50000,10.877091,25.000000,0
100000,22.794919,25.000000,0
500000,127.891351,25.000000,0
1000000,265.403503,25.000000,0
10000,2.031546,25.000000,0
50000,11.862525,25.000000,0
100000,23.615741,25.000000,0
500000,126.442769,25.000000,0
1000000,267.147795,25.000000,0
10000,2.098510,25.000000,0
50000,10.769217,25.000000,0
100000,23.194903,25.000000,0
500000,128.682517,25.000000,0
1000000,264.597227,25.000000,0
10000,1.947506,25.000000,0
50000,10.951812,25.000000,0
100000,22.671522,25.000000,0
500000,125.190564,25.000000,0
1000000,263.812166,25.000000,0
10000,1.942665,25.000000,0
50000,11.046617,25.000000,0
100000,25.558803,25.000000,0
500000,124.587020,25.000000,0
1000000,258.119530,25.000000,0
10000,1.916129,25.000000,0
50000,11.044741,25.000000,0
100000,24.416491,25.000000,0
500000,123.828547,25.000000,0
1000000,258.673878,25.000000,0
10000,1.945784,25.000000,0
50000,10.986800,25.000000,0
100000,23.510469,25.000000,0
500000,125.228337,25.000000,0
1000000,260.100798,25.000000,0
10000,1.991473,25.000000,0
50000,11.514941,25.000000,0
100000,23.468989,25.000000,0
500000,125.280430,25.000000,0
1000000,260.430410,25.000000,0
10000,1.978935,25.000000,0
50000,10.881036,25.000000,0
100000,22.789547,25.000000,0
500000,-449.970726,25.000000,0
1000000,263.120328,25.000000,0
10000,2.017448,25.000000,0
50000,11.253350,25.000000,0
100000,24.729184,25.000000,0
500000,125.328962,25.000000,0
1000000,273.760860,25.000000,0
10000,1.962013,25.000000,0
50000,11.102521,25.000000,0
100000,23.210896,25.000000,0
500000,125.194532,25.000000,0
1000000,262.368295,25.000000,0
10000,1.941400,25.000000,0
50000,11.153868,25.000000,0
100000,23.278319,25.000000,0
500000,125.913986,25.000000,0
1000000,265.437844,25.000000,0
10000,2.571565,25.000000,0
50000,11.847573,25.000000,0
100000,22.820068,25.000000,0
500000,123.742343,25.000000,0
1000000,258.291472,25.000000,0
10000,1.980923,25.000000,0
50000,10.809688,25.000000,0
100000,22.734754,25.000000,0
500000,124.497446,25.000000,0
1000000,260.456528,25.000000,0
10000,2.020781,25.000000,0
50000,11.171351,25.000000,0
100000,23.506747,25.000000,0
500000,126.453469,25.000000,0
1000000,259.220091,25.000000,0
10000,1.969159,25.000000,0
50000,11.139768,25.000000,0
100000,23.319826,25.000000,0
500000,127.669250,25.000000,0
1000000,262.849777,25.000000,0
10000,2.015409,25.000000,0
50000,12.421741,25.000000,0
100000,24.652975,25.000000,0
500000,133.228785,25.000000,0
1000000,271.975925,25.000000,0
10000,2.076747,25.000000,0
50000,12.186011,25.000000,0
100000,25.458919,25.000000,0
500000,129.500088,25.000000,0
1000000,263.941931,25.000000,0
10000,2.349540,25.000000,0
50000,12.168090,25.000000,0
100000,24.484616,25.000000,0
500000,132.748172,25.000000,0
1000000,271.301114,25.000000,0
10000,2.044304,25.000000,0
50000,11.153712,25.000000,0
100000,24.274970,25.000000,0
500000,133.481590,25.000000,0
1000000,270.950924,25.000000,0
10000,1.942738,25.000000,0
50000,10.844010,25.000000,0
100000,22.814790,25.000000,0
500000,128.373385,25.000000,0
1000000,272.221041,25.000000,0
10000,1.960006,25.000000,0
50000,10.975127,25.000000,0
100000,23.235578,25.000000,0
500000,133.050067,25.000000,0
1000000,267.266365,25.000000,0
10000,1.887530,50.000000,0
50000,11.468571,50.000000,0
100000,23.219972,50.000000,0
500000,118.879413,50.000000,0
1000000,248.985083,50.000000,0
10000,2.151517,50.000000,0
50000,10.800180,50.000000,0
100000,22.908253,50.000000,0
500000,136.990292,50.000000,0
1000000,252.646627,50.000000,0
10000,2.079480,50.000000,0
50000,11.921280,50.000000,0
100000,23.501957,50.000000,0
500000,125.472714,50.000000,0
1000000,254.059423,50.000000,0
10000,1.890763,50.000000,0
50000,10.817060,50.000000,0
100000,23.080793,50.000000,0
500000,126.248035,50.000000,0
1000000,256.604469,50.000000,0
10000,1.869016,50.000000,0
50000,10.296175,50.000000,0
100000,21.807406,50.000000,0
500000,117.486936,50.000000,0
1000000,257.192942,50.000000,0
10000,2.235646,50.000000,0
50000,11.831461,50.000000,0
100000,23.040311,50.000000,0
500000,119.859360,50.000000,0
1000000,257.219670,50.000000,0
10000,1.874623,50.000000,0
50000,11.186889,50.000000,0
100000,23.369658,50.000000,0
500000,122.831580,50.000000,0
1000000,245.225620,50.000000,0
10000,1.913166,50.000000,0
50000,10.480942,50.000000,0
100000,21.996020,50.000000,0
500000,119.258614,50.000000,0
1000000,248.936563,50.000000,0
10000,1.824984,50.000000,0
50000,11.035037,50.000000,0
100000,21.375701,50.000000,0
500000,118.776801,50.000000,0
1000000,252.374144,50.000000,0
10000,2.012590,50.000000,0
50000,11.183913,50.000000,0
100000,24.092979,50.000000,0
500000,124.330646,50.000000,0
1000000,248.280966,50.000000,0
10000,1.931177,50.000000,0
50000,10.411467,50.000000,0
100000,21.668284,50.000000,0
500000,127.040199,50.000000,0
1000000,243.677585,50.000000,0
10000,1.929046,50.000000,0
50000,10.543122,50.000000,0
100000,21.437665,50.000000,0
500000,125.137398,50.000000,0
1000000,252.259196,50.000000,0
10000,1.886096,50.000000,0
50000,11.633163,50.000000,0
100000,22.616340,50.000000,0
500000,119.950734,50.000000,0
1000000,249.465071,50.000000,0
10000,1.803455,50.000000,0
50000,10.929384,50.000000,0
100000,21.580848,50.000000,0
500000,121.892635,50.000000,0
1000000,245.924620,50.000000,0
10000,1.979187,50.000000,0
50000,10.452350,50.000000,0
100000,22.601536,50.000000,0
500000,120.044347,50.000000,0
1000000,244.054209,50.000000,0
10000,1.851109,50.000000,0
50000,10.276723,50.000000,0
100000,21.899876,50.000000,0
500000,118.748801,50.000000,0
1000000,251.000586,50.000000,0
10000,1.807034,50.000000,0
50000,10.615023,50.000000,0
100000,22.133067,50.000000,0
500000,121.251449,50.000000,0
1000000,242.302115,50.000000,0
10000,1.832180,50.000000,0
50000,10.763090,50.000000,0
100000,21.319658,50.000000,0
500000,122.310003,50.000000,0
1000000,242.509964,50.000000,0
10000,2.034806,50.000000,0
50000,10.334787,50.000000,0
100000,21.449834,50.000000,0
500000,117.921223,50.000000,0
1000000,249.744732,50.000000,0
10000,1.826156,50.000000,0
50000,10.239771,50.000000,0
100000,21.458600,50.000000,0
500000,117.296491,50.000000,0
1000000,248.052256,50.000000,0
10000,1.890889,50.000000,0
50000,10.669976,50.000000,0
100000,21.613085,50.000000,0
500000,116.613907,50.000000,0
1000000,244.892872,50.000000,0
10000,1.847325,50.000000,0
50000,10.241828,50.000000,0
100000,21.474258,50.000000,0
500000,116.994014,50.000000,0
1000000,241.953742,50.000000,0
10000,2.270285,50.000000,0
50000,10.722553,50.000000,0
100000,21.569223,50.000000,0
500000,117.791609,50.000000,0
1000000,242.938083,50.000000,0
10000,1.835317,50.000000,0
50000,10.155696,50.000000,0
100000,21.206220,50.000000,0
500000,117.616127,50.000000,0
1000000,248.203347,50.000000,0
10000,1.832189,50.000000,0
50000,10.398994,50.000000,0
100000,21.289149,50.000000,0
500000,120.231370,50.000000,0
1000000,255.737132,50.000000,0
10000,1.827734,50.000000,0
50000,10.178957,50.000000,0
100000,21.531929,50.000000,0
500000,116.731179,50.000000,0
1000000,249.037787,50.000000,0
10000,2.179396,50.000000,0
50000,10.442519,50.000000,0
100000,21.730753,50.000000,0
500000,119.764288,50.000000,0
1000000,262.566043,50.000000,0
10000,1.908084,50.000000,0
50000,10.750573,50.000000,0
100000,23.575398,50.000000,0
500000,124.835483,50.000000,0
1000000,259.913061,50.000000,0
10000,2.035437,50.000000,0
50000,11.189171,50.000000,0
100000,22.310515,50.000000,0
500000,122.630265,50.000000,0
1000000,250.514149,50.000000,0
10000,1.845714,50.000000,0
50000,10.179946,50.000000,0
100000,22.308880,50.000000,0
500000,127.931091,50.000000,0
1000000,253.396406,50.000000,0
10000,1.892398,50.000000,0
50000,10.670963,50.000000,0
100000,23.046744,50.000000,0
500000,123.195632,50.000000,0
1000000,247.593772,50.000000,0
10000,1.848028,50.000000,0
50000,10.664125,50.000000,0
100000,23.143131,50.000000,0
500000,121.986249,50.000000,0
1000000,255.126627,50.000000,0
10000,1.875579,50.000000,0
50000,10.511647,50.000000,0
100000,23.217059,50.000000,0
500000,124.367818,50.000000,0
1000000,253.891396,50.000000,0
10000,2.224273,50.000000,0
50000,11.817172,50.000000,0
100000,23.498929,50.000000,0
500000,119.994096,50.000000,0
1000000,250.501592,50.000000,0
10000,2.185118,50.000000,0
50000,10.856075,50.000000,0
100000,23.205578,50.000000,0
500000,119.491737,50.000000,0
1000000,242.010262,50.000000,0
10000,1.893431,50.000000,0
50000,10.510244,50.000000,0
100000,22.200529,50.000000,0
500000,117.846938,50.000000,0
1000000,244.843752,50.000000,0
10000,2.095768,50.000000,0
50000,10.799862,50.000000,0
100000,22.670403,50.000000,0
500000,118.923645,50.000000,0
1000000,246.044331,50.000000,0
10000,1.828646,50.000000,0
50000,10.364792,50.000000,0
100000,21.794284,50.000000,0
500000,117.550299,50.000000,0
1000000,250.953336,50.000000,0
10000,1.938637,50.000000,0
50000,11.176151,50.000000,0
100000,21.495758,50.000000,0
500000,118.231514,50.000000,0
1000000,252.125638,50.000000,0
10000,1.843191,50.000000,0
50000,10.634376,50.000000,0
100000,22.039615,50.000000,0
500000,121.503007,50.000000,0
1000000,246.107821,50.000000,0
10000,1.833396,50.000000,0
50000,10.279979,50.000000,0
100000,21.642014,50.000000,0
500000,117.419943,50.000000,0
1000000,-306.339118,50.000000,0
10000,1.860345,50.000000,0
50000,10.276340,50.000000,0
100000,22.026077,50.000000,0
500000,123.554044,50.000000,0
1000000,247.961193,50.000000,0
10000,1.840409,50.000000,0
50000,10.215408,50.000000,0
100000,21.633362,50.000000,0
500000,117.555322,50.000000,0
1000000,250.632497,50.000000,0
10000,1.845148,50.000000,0
50000,10.477332,50.000000,0
100000,21.431585,50.000000,0
500000,118.282784,50.000000,0
1000000,248.709743,50.000000,0
10000,1.921992,50.000000,0
50000,10.759489,50.000000,0
100000,21.219810,50.000000,0
500000,120.164125,50.000000,0
1000000,253.918009,50.000000,0
10000,1.868082,50.000000,0
50000,10.352593,50.000000,0
100000,22.848737,50.000000,0
500000,117.405552,50.000000,0
1000000,241.062120,50.000000,0
10000,1.949849,50.000000,0
50000,10.224898,50.000000,0
100000,21.771320,50.000000,0
500000,117.411402,50.000000,0
1000000,246.944364,50.000000,0
10000,1.850199,50.000000,0
50000,10.923509,50.000000,0
100000,21.700155,50.000000,0
500000,119.190255,50.000000,0
1000000,247.665740,50.000000,0
10000,1.859952,50.000000,0
50000,10.230176,50.000000,0
100000,21.255858,50.000000,0
500000,121.007712,50.000000,0
1000000,247.605973,50.000000,0
10000,1.850106,50.000000,0
50000,10.233463,50.000000,0
100000,22.549931,50.000000,0
500000,118.363253,50.000000,0
1000000,248.044701,50.000000,0
10000,1.887085,50.000000,0
50000,10.383350,50.000000,0
100000,22.286871,50.000000,0
500000,118.836002,50.000000,0
1000000,244.313566,50.000000,0
10000,1.833248,50.000000,0
50000,10.393898,50.000000,0
100000,21.473474,50.000000,0
500000,119.339401,50.000000,0
1000000,243.568400,50.000000,0
10000,1.864845,50.000000,0
50000,10.242048,50.000000,0
100000,21.203559,50.000000,0
500000,117.786946,50.000000,0
1000000,246.545668,50.000000,0
10000,2.037097,50.000000,0
50000,10.225284,50.000000,0
100000,21.311438,50.000000,0
500000,118.299174,50.000000,0
1000000,243.876162,50.000000,0
10000,1.828967,50.000000,0
50000,10.451418,50.000000,0
100000,21.779142,50.000000,0
500000,116.684849,50.000000,0
1000000,244.632012,50.000000,0
10000,1.839517,50.000000,0
50000,10.866679,50.000000,0
100000,23.059242,50.000000,0
500000,118.465893,50.000000,0
1000000,243.016352,50.000000,0
10000,1.862001,50.000000,0
50000,10.235609,50.000000,0
100000,21.712564,50.000000,0
500000,117.304168,50.000000,0
1000000,243.406930,50.000000,0
10000,1.959554,50.000000,0
50000,10.643850,50.000000,0
100000,21.801260,50.000000,0
500000,118.315740,50.000000,0
1000000,258.234800,50.000000,0
10000,2.338817,50.000000,0
50000,11.187212,50.000000,0
100000,23.714786,50.000000,0
500000,125.460545,50.000000,0
1000000,247.947629,50.000000,0
10000,1.820904,50.000000,0
50000,11.259843,50.000000,0
100000,21.767839,50.000000,0
500000,122.265432,50.000000,0
1000000,248.565224,50.000000,0
10000,1.863764,50.000000,0
50000,10.748934,50.000000,0
100000,21.163093,50.000000,0
500000,122.460640,50.000000,0
1000000,256.574927,50.000000,0
10000,2.013940,50.000000,0
50000,11.173331,50.000000,0
100000,23.173937,50.000000,0
500000,126.320374,50.000000,0
1000000,254.361021,50.000000,0
10000,2.206493,50.000000,0
50000,11.133929,50.000000,0
100000,23.281527,50.000000,0
500000,125.733492,50.000000,0
1000000,258.804254,50.000000,0
10000,2.379862,50.000000,0
50000,10.162664,50.000000,0
100000,22.383740,50.000000,0
500000,118.496216,50.000000,0
1000000,253.496973,50.000000,0
10000,1.801312,50.000000,0
50000,10.622264,50.000000,0
100000,22.181373,50.000000,0
500000,119.528764,50.000000,0
1000000,249.955096,50.000000,0
10000,2.213667,50.000000,0
50000,11.747542,50.000000,0
100000,24.398815,50.000000,0
500000,119.928939,50.000000,0
1000000,246.594590,50.000000,0
10000,1.919293,50.000000,0
50000,10.100090,50.000000,0
100000,21.554377,50.000000,0
500000,119.391683,50.000000,0
1000000,245.438663,50.000000,0
10000,1.849392,50.000000,0
50000,10.433259,50.000000,0
100000,22.026494,50.000000,0
500000,118.610409,50.000000,0
1000000,250.943172,50.000000,0
10000,1.852469,50.000000,0
50000,10.379942,50.000000,0
100000,21.817491,50.000000,0
500000,119.316562,50.000000,0
1000000,245.036387,50.000000,0
10000,1.952032,50.000000,0
50000,10.471177,50.000000,0
100000,21.873574,50.000000,0
500000,127.951097,50.000000,0
1000000,245.319417,50.000000,0
10000,1.855283,50.000000,0
50000,10.774718,50.000000,0
100000,21.585210,50.000000,0
500000,119.408072,50.000000,0
1000000,245.049961,50.000000,0
10000,1.798030,50.000000,0
50000,10.362307,50.000000,0
100000,21.383394,50.000000,0
500000,119.084634,50.000000,0
1000000,248.816650,50.000000,0
10000,1.988695,50.000000,0
50000,10.400062,50.000000,0
100000,21.910949,50.000000,0
500000,118.348750,50.000000,0
1000000,251.768191,50.000000,0
10000,1.904993,50.000000,0
50000,10.426381,50.000000,0
100000,21.677291,50.000000,0
500000,119.655541,50.000000,0
1000000,246.913601,50.000000,0
10000,1.935510,50.000000,0
50000,10.602033,50.000000,0
100000,21.149566,50.000000,0
500000,124.742531,50.000000,0
1000000,243.564937,50.000000,0
10000,1.971039,50.000000,0
50000,10.867868,50.000000,0
100000,24.080342,50.000000,0
500000,124.765205,50.000000,0
1000000,260.120378,50.000000,0
10000,1.863821,50.000000,0
50000,10.976493,50.000000,0
100000,23.196862,50.000000,0
500000,119.216224,50.000000,0
1000000,250.165537,50.000000,0
10000,1.871495,50.000000,0
50000,10.409154,50.000000,0
100000,21.237647,50.000000,0
500000,118.071239,50.000000,0
1000000,247.664328,50.000000,0
10000,1.861018,50.000000,0
50000,10.293678,50.000000,0
100000,22.073635,50.000000,0
500000,118.603836,50.000000,0
1000000,251.970137,50.000000,0
10000,1.872913,50.000000,0
50000,10.468261,50.000000,0
100000,21.637051,50.000000,0
500000,126.829685,50.000000,0
1000000,243.537006,50.000000,0
10000,1.870100,50.000000,0
50000,10.847106,50.000000,0
100000,23.691732,50.000000,0
500000,118.722110,50.000000,0
1000000,256.011689,50.000000,0
10000,1.867877,50.000000,0
50000,10.219312,50.000000,0
100000,21.414634,50.000000,0
500000,118.002267,50.000000,0
1000000,256.604754,50.000000,0
10000,1.868979,50.000000,0
50000,10.442943,50.000000,0
100000,21.907230,50.000000,0
500000,121.413536,50.000000,0
1000000,255.885594,50.000000,0
10000,1.930727,50.000000,0
50000,10.729980,50.000000,0
100000,21.780912,50.000000,0
500000,118.742841,50.000000,0
1000000,243.792152,50.000000,0
10000,1.961459,50.000000,0
50000,10.418367,50.000000,0
100000,23.492339,50.000000,0
500000,117.726857,50.000000,0
1000000,256.962467,50.000000,0
10000,1.819003,50.000000,0
50000,10.486863,50.000000,0
100000,21.600376,50.000000,0
500000,117.844932,50.000000,0
1000000,245.606265,50.000000,0
10000,1.966147,50.000000,0
50000,10.494976,50.000000,0
100000,22.195481,50.000000,0
500000,121.440555,50.000000,0
1000000,247.911811,50.000000,0
10000,1.877674,50.000000,0
50000,10.385374,50.000000,0
100000,21.422371,50.000000,0
500000,118.452848,50.000000,0
1000000,243.009634,50.000000,0
10000,1.862200,50.000000,0
50000,10.269653,50.000000,0
100000,21.600714,50.000000,0
500000,116.296840,50.000000,0
1000000,258.908344,50.000000,0
10000,1.821208,50.000000,0
50000,10.726859,50.000000,0
100000,21.388898,50.000000,0
500000,120.330694,50.000000,0
1000000,253.915332,50.000000,0
10000,1.792526,50.000000,0
50000,10.654853,50.000000,0
100000,21.615754,50.000000,0
500000,120.853492,50.000000,0
1000000,258.345760,50.000000,0
10000,2.136395,50.000000,0
50000,10.899473,50.000000,0
100000,21.282752,50.000000,0
500000,121.181583,50.000000,0
1000000,255.591061,50.000000,0
10000,1.840859,50.000000,0
50000,10.189352,50.000000,0
100000,21.123674,50.000000,0
500000,120.952106,50.000000,0
1000000,251.815416,50.000000,0
10000,2.000683,50.000000,0
50000,10.416444,50.000000,0
100000,22.359182,50.000000,0
500000,119.641072,50.000000,0
1000000,252.250486,50.000000,0
10000,1.853478,50.000000,0
50000,10.132711,50.000000,0
100000,23.144879,50.000000,0
500000,-421.246729,50.000000,0
1000000,255.138083,50.000000,0
10000,1.889794,50.000000,0
50000,10.487098,50.000000,0
100000,22.363758,50.000000,0
500000,135.824877,50.000000,0
1000000,255.479561,50.000000,0
10000,1.859227,50.000000,0
50000,11.079333,50.000000,0
100000,22.085383,50.000000,0
500000,118.351497,50.000000,0
1000000,248.440619,50.000000,0
10000,1.876105,50.000000,0
50000,10.206425,50.000000,0
100000,21.314734,50.000000,0
500000,119.706744,50.000000,0
1000000,250.038231,50.000000,0
10000,1.830790,50.000000,0
50000,10.377925,50.000000,0
100000,22.042458,50.000000,0
500000,121.193976,50.000000,0
1000000,246.242304,50.000000,0
10000,1.874149,50.000000,0
50000,10.360567,50.000000,0
100000,21.865809,50.000000,0
500000,119.489882,50.000000,0
1000000,243.438924,50.000000,0
10000,1.822899,75.000000,0
50000,9.716404,75.000000,0
100000,20.466536,75.000000,0
500000,113.943403,75.000000,0
1000000,234.587475,75.000000,0
10000,1.709813,75.000000,0
50000,11.003773,75.000000,0
100000,21.580997,75.000000,0
500000,111.586999,75.000000,0
1000000,236.935174,75.000000,0
10000,1.690854,75.000000,0
50000,9.624040,75.000000,0
100000,20.275609,75.000000,0
500000,112.210778,75.000000,0
1000000,229.580396,75.000000,0
10000,1.790934,75.000000,0
50000,10.087998,75.000000,0
100000,19.905508,75.000000,0
500000,109.752996,75.000000,0
1000000,239.766514,75.000000,0
10000,1.801859,75.000000,0
50000,9.616974,75.000000,0
100000,20.514694,75.000000,0
500000,113.432605,75.000000,0
1000000,228.983615,75.000000,0
10000,1.704263,75.000000,0
50000,9.494092,75.000000,0
100000,19.970266,75.000000,0
500000,109.687370,75.000000,0
1000000,228.668441,75.000000,0
10000,1.660571,75.000000,0
50000,9.457707,75.000000,0
100000,21.886796,75.000000,0
500000,109.184621,75.000000,0
1000000,243.126514,75.000000,0
10000,1.679690,75.000000,0
50000,9.544440,75.000000,0
100000,20.222055,75.000000,0
500000,110.627932,75.000000,0
1000000,241.696336,75.000000,0
10000,1.940214,75.000000,0
50000,9.513100,75.000000,0
100000,20.209987,75.000000,0
500000,111.896148,75.000000,0
1000000,229.089882,75.000000,0
10000,1.701012,75.000000,0
50000,9.884256,75.000000,0
100000,20.256789,75.000000,0
500000,111.730471,75.000000,0
1000000,231.655641,75.000000,0
10000,1.689801,75.000000,0
50000,12.573178,75.000000,0
100000,19.734224,75.000000,0
500000,109.199487,75.000000,0
1000000,229.798734,75.000000,0
10000,1.688893,75.000000,0
50000,9.572070,75.000000,0
100000,19.912428,75.000000,0
500000,108.393083,75.000000,0
1000000,232.095221,75.000000,0
10000,1.789100,75.000000,0
50000,9.666110,75.000000,0
100000,20.444114,75.000000,0
500000,113.114722,75.000000,0
1000000,233.688537,75.000000,0
10000,1.834932,75.000000,0
50000,9.645533,75.000000,0
100000,20.850218,75.000000,0
500000,110.130665,75.000000,0
1000000,235.890783,75.000000,0
10000,1.666941,75.000000,0
50000,10.114998,75.000000,0
100000,21.353538,75.000000,0
500000,112.073701,75.000000,0
1000000,230.599942,75.000000,0
10000,2.310418,75.000000,0
50000,10.748399,75.000000,0
100000,20.994584,75.000000,0
500000,110.108394,75.000000,0
1000000,235.801421,75.000000,0
10000,1.702751,75.000000,0
50000,10.308291,75.000000,0
100000,22.404199,75.000000,0
500000,117.519250,75.000000,0
1000000,242.950453,75.000000,0
10000,1.777640,75.000000,0
50000,10.269193,75.000000,0
100000,19.962756,75.000000,0
500000,112.989147,75.000000,0
1000000,243.416578,75.000000,0
10000,1.726719,75.000000,0
50000,9.600792,75.000000,0
100000,19.962981,75.000000,0
500000,111.857828,75.000000,0
1000000,244.764436,75.000000,0
10000,1.748608,75.000000,0
50000,9.833975,75.000000,0
100000,20.344055,75.000000,0
500000,110.724602,75.000000,0
1000000,233.796638,75.000000,0
10000,1.692582,75.000000,0
50000,9.589879,75.000000,0
100000,20.714880,75.000000,0
500000,114.590685,75.000000,0
1000000,231.381793,75.000000,0
10000,1.730500,75.000000,0
50000,9.715933,75.000000,0
100000,21.005268,75.000000,0
500000,116.813433,75.000000,0
1000000,233.979544,75.000000,0
10000,2.093225,75.000000,0
50000,9.451647,75.000000,0
100000,20.010156,75.000000,0
500000,112.807908,75.000000,0
1000000,245.740073,75.000000,0
10000,1.736634,75.000000,0
50000,9.614275,75.000000,0
100000,20.893554,75.000000,0
500000,110.978860,75.000000,0
1000000,229.708173,75.000000,0
10000,1.773248,75.000000,0
50000,9.550299,75.000000,0
100000,19.919977,75.000000,0
500000,113.801239,75.000000,0
1000000,239.013928,75.000000,0
10000,1.728298,75.000000,0
50000,9.818753,75.000000,0
100000,20.464698,75.000000,0
500000,119.465642,75.000000,0
1000000,237.309732,75.000000,0
10000,1.883195,75.000000,0
50000,9.653261,75.000000,0
100000,21.798529,75.000000,0
500000,109.803300,75.000000,0
1000000,229.748388,75.000000,0
10000,1.699083,75.000000,0
50000,9.580238,75.000000,0
100000,19.993205,75.000000,0
500000,115.677155,75.000000,0
1000000,229.856024,75.000000,0
10000,1.709559,75.000000,0
50000,9.607293,75.000000,0
100000,20.376919,75.000000,0
500000,112.146895,75.000000,0
1000000,227.031431,75.000000,0
10000,1.707411,75.000000,0
50000,9.578778,75.000000,0
100000,23.286653,75.000000,0
500000,117.625618,75.000000,0
1000000,231.660571,75.000000,0
10000,1.872023,75.000000,0
50000,9.788413,75.000000,0
100000,20.403638,75.000000,0
500000,111.515887,75.000000,0
1000000,236.798112,75.000000,0
10000,1.750526,75.000000,0
50000,10.438005,75.000000,0
100000,20.005896,75.000000,0
500000,110.987228,75.000000,0
1000000,227.609479,75.000000,0
10000,1.710203,75.000000,0
50000,9.498358,75.000000,0
100000,20.307866,75.000000,0
500000,113.674580,75.000000,0
1000000,234.720403,75.000000,0
10000,1.691704,75.000000,0
50000,10.096630,75.000000,0
100000,20.529037,75.000000,0
500000,112.466915,75.000000,0
1000000,229.255623,75.000000,0
10000,1.713354,75.000000,0
50000,10.416464,75.000000,0
100000,21.607547,75.000000,0
500000,109.999508,75.000000,0
1000000,234.905347,75.000000,0
10000,1.776956,75.000000,0
50000,10.250468,75.000000,0
100000,21.090322,75.000000,0
500000,114.296965,75.000000,0
1000000,239.709628,75.000000,0
10000,1.866947,75.000000,0
50000,10.692067,75.000000,0
100000,21.992546,75.000000,0
500000,113.348679,75.000000,0
1000000,234.401766,75.000000,0
10000,1.902816,75.000000,0
50000,10.388560,75.000000,0
100000,22.252879,75.000000,0
500000,115.920087,75.000000,0
1000000,232.460691,75.000000,0
10000,1.824005,75.000000,0
50000,9.995138,75.000000,0
100000,20.352327,75.000000,0
500000,115.954302,75.000000,0
1000000,235.945520,75.000000,0
10000,1.678178,75.000000,0
50000,10.471375,75.000000,0
100000,20.571911,75.000000,0
500000,115.594009,75.000000,0
1000000,236.878423,75.000000,0
10000,1.740374,75.000000,0
50000,9.463519,75.000000,0
100000,21.348581,75.000000,0
500000,118.261948,75.000000,0
1000000,241.452685,75.000000,0
10000,1.707648,75.000000,0
50000,10.569605,75.000000,0
100000,21.441838,75.000000,0
500000,116.393358,75.000000,0
1000000,238.951831,75.000000,0
10000,1.815218,75.000000,0
50000,10.365068,75.000000,0
100000,22.027329,75.000000,0
500000,111.389519,75.000000,0
1000000,231.107130,75.000000,0
10000,1.772666,75.000000,0
50000,9.443368,75.000000,0
100000,20.451385,75.000000,0
500000,116.945926,75.000000,0
1000000,232.898994,75.000000,0
10000,1.667617,75.000000,0
50000,9.552865,75.000000,0
100000,21.685346,75.000000,0
500000,112.389337,75.000000,0
1000000,233.601895,75.000000,0
10000,1.831320,75.000000,0
50000,10.746390,75.000000,0
100000,20.384888,75.000000,0
500000,-441.916648,75.000000,0
1000000,232.025367,75.000000,0
10000,1.721648,75.000000,0
50000,9.837964,75.000000,0
100000,20.748880,75.000000,0
500000,109.396325,75.000000,0
1000000,231.335156,75.000000,0
10000,1.867043,75.000000,0
50000,9.639129,75.000000,0
100000,20.349866,75.000000,0
500000,110.464155,75.000000,0
1000000,238.719573,75.000000,0
10000,1.667352,75.000000,0
50000,10.061257,75.000000,0
100000,19.994074,75.000000,0
500000,109.546260,75.000000,0
1000000,233.528945,75.000000,0
10000,1.690506,75.000000,0
50000,9.926360,75.000000,0
100000,20.701830,75.000000,0
500000,112.750426,75.000000,0
1000000,238.060703,75.000000,0
10000,1.911196,75.000000,0
50000,10.299466,75.000000,0
100000,20.484998,75.000000,0
500000,109.900583,75.000000,0
1000000,236.761487,75.000000,0
10000,1.705811,75.000000,0
50000,9.638365,75.000000,0
100000,21.603041,75.000000,0
500000,114.467424,75.000000,0
1000000,229.768544,75.000000,0
10000,1.922773,75.000000,0
50000,9.562907,75.000000,0
100000,21.561458,75.000000,0
500000,109.273978,75.000000,0
1000000,231.080087,75.000000,0
10000,1.758994,75.000000,0
50000,10.506054,75.000000,0
100000,21.479654,75.000000,0
500000,109.181061,75.000000,0
1000000,231.419039,75.000000,0
10000,1.677679,75.000000,0
50000,9.452805,75.000000,0
100000,19.942504,75.000000,0
500000,110.486513,75.000000,0
1000000,228.231880,75.000000,0
10000,1.680542,75.000000,0
50000,9.683760,75.000000,0
100000,20.333395,75.000000,0
500000,111.735605,75.000000,0
1000000,234.024756,75.000000,0
10000,1.684059,75.000000,0
50000,9.850551,75.000000,0
100000,20.324350,75.000000,0
500000,115.002454,75.000000,0
1000000,226.924336,75.000000,0
10000,1.691707,75.000000,0
50000,9.751322,75.000000,0
100000,20.024233,75.000000,0
500000,108.926773,75.000000,0
1000000,253.966605,75.000000,0
10000,1.685568,75.000000,0
50000,9.484830,75.000000,0
100000,19.956468,75.000000,0
500000,109.165947,75.000000,0
1000000,229.358985,75.000000,0
10000,1.727884,75.000000,0
50000,9.474492,75.000000,0
100000,20.123598,75.000000,0
500000,109.323746,75.000000,0
1000000,235.203203,75.000000,0
10000,2.086253,75.000000,0
50000,10.037107,75.000000,0
100000,20.849430,75.000000,0
500000,113.630434,75.000000,0
1000000,231.234062,75.000000,0
10000,1.792222,75.000000,0
50000,10.702645,75.000000,0
100000,21.198022,75.000000,0
500000,109.763890,75.000000,0
1000000,240.463050,75.000000,0
10000,2.461313,75.000000,0
50000,22.549469,75.000000,0
100000,21.586969,75.000000,0
500000,111.703172,75.000000,0
1000000,231.678888,75.000000,0
10000,1.717544,75.000000,0
50000,9.528216,75.000000,0
100000,20.488022,75.000000,0
500000,110.879709,75.000000,0
1000000,232.887296,75.000000,0
10000,2.036608,75.000000,0
50000,10.003282,75.000000,0
100000,21.691991,75.000000,0
500000,112.218371,75.000000,0
1000000,232.918866,75.000000,0
10000,1.783148,75.000000,0
50000,10.299290,75.000000,0
100000,23.117950,75.000000,0
500000,116.241643,75.000000,0
1000000,243.953017,75.000000,0
10000,1.875475,75.000000,0
50000,10.690541,75.000000,0
100000,21.673860,75.000000,0
500000,113.557700,75.000000,0
1000000,242.106575,75.000000,0
10000,1.996188,75.000000,0
50000,9.692705,75.000000,0
100000,19.750901,75.000000,0
500000,123.244243,75.000000,0
1000000,235.772124,75.000000,0
10000,1.691173,75.000000,0
50000,9.291764,75.000000,0
100000,20.372445,75.000000,0
500000,119.096240,75.000000,0
1000000,232.961950,75.000000,0
10000,1.819353,75.000000,0
50000,10.616240,75.000000,0
100000,20.277873,75.000000,0
500000,114.271059,75.000000,0
1000000,240.361382,75.000000,0
10000,1.761054,75.000000,0
50000,9.867606,75.000000,0
100000,22.086916,75.000000,0
500000,113.243704,75.000000,0
1000000,349.386709,75.000000,0
10000,1.799074,75.000000,0
50000,15.634610,75.000000,0
100000,28.555882,75.000000,0
500000,111.654865,75.000000,0
1000000,234.976978,75.000000,0
10000,1.692978,75.000000,0
50000,9.703546,75.000000,0
100000,21.091155,75.000000,0
500000,111.003639,75.000000,0
1000000,234.620192,75.000000,0
10000,1.702603,75.000000,0
50000,9.541537,75.000000,0
100000,20.487106,75.000000,0
500000,111.322723,75.000000,0
1000000,228.548779,75.000000,0
10000,1.699044,75.000000,0
50000,10.546818,75.000000,0
100000,20.545836,75.000000,0
500000,113.244618,75.000000,0
1000000,226.577069,75.000000,0
10000,1.753723,75.000000,0
50000,9.921693,75.000000,0
100000,20.366083,75.000000,0
500000,113.217034,75.000000,0
1000000,228.940398,75.000000,0
10000,1.707812,75.000000,0
50000,9.650059,75.000000,0
100000,20.539410,75.000000,0
500000,109.763683,75.000000,0
1000000,230.545794,75.000000,0
10000,1.728612,75.000000,0
50000,9.943125,75.000000,0
100000,21.040964,75.000000,0
500000,115.468106,75.000000,0
1000000,231.563159,75.000000,0
10000,1.759319,75.000000,0
50000,9.515843,75.000000,0
100000,20.310477,75.000000,0
500000,115.233935,75.000000,0
1000000,228.612803,75.000000,0
10000,1.803091,75.000000,0
50000,10.436501,75.000000,0
100000,22.240553,75.000000,0
500000,120.383053,75.000000,0
1000000,233.976287,75.000000,0
10000,1.695135,75.000000,0
50000,10.061875,75.000000,0
100000,22.319108,75.000000,0
500000,116.164819,75.000000,0
1000000,248.980270,75.000000,0
10000,1.908258,75.000000,0
50000,11.651472,75.000000,0
100000,21.055962,75.000000,0
500000,114.718340,75.000000,0
1000000,230.714914,75.000000,0
10000,1.708745,75.000000,0
50000,9.946267,75.000000,0
100000,20.318234,75.000000,0
500000,117.746962,75.000000,0
1000000,230.032435,75.000000,0
10000,1.827117,75.000000,0
50000,10.089972,75.000000,0
100000,20.109651,75.000000,0
500000,112.284432,75.000000,0
1000000,239.858563,75.000000,0
10000,1.697867,75.000000,0
50000,10.595558,75.000000,0
100000,22.077875,75.000000,0
500000,110.032962,75.000000,0
1000000,234.781264,75.000000,0
10000,1.702669,75.000000,0
50000,9.491889,75.000000,0
100000,20.213364,75.000000,0
500000,112.111496,75.000000,0
1000000,240.703291,75.000000,0
10000,1.723201,75.000000,0
50000,9.533138,75.000000,0
100000,20.367604,75.000000,0
500000,108.850535,75.000000,0
1000000,235.891070,75.000000,0
10000,1.759047,75.000000,0
50000,9.852103,75.000000,0
100000,19.794814,75.000000,0
500000,110.186052,75.000000,0
1000000,233.729621,75.000000,0
10000,1.714148,75.000000,0
50000,9.656345,75.000000,0
100000,20.863574,75.000000,0
500000,108.899238,75.000000,0
1000000,231.004497,75.000000,0
10000,1.757772,75.000000,0
50000,9.452170,75.000000,0
100000,21.533335,75.000000,0
500000,112.500751,75.000000,0
1000000,228.677597,75.000000,0
10000,1.698651,75.000000,0
50000,9.571950,75.000000,0
100000,19.998916,75.000000,0
500000,109.110048,75.000000,0
1000000,226.423772,75.000000,0
10000,1.715167,75.000000,0
50000,11.857379,75.000000,0
100000,20.837272,75.000000,0
500000,109.285900,75.000000,0
1000000,230.692380,75.000000,0
10000,1.684450,75.000000,0
50000,9.704901,75.000000,0
100000,20.367950,75.000000,0
500000,109.511410,75.000000,0
1000000,233.970186,75.000000,0
10000,1.708229,75.000000,0
50000,9.465623,75.000000,0
100000,22.313576,75.000000,0
500000,112.092952,75.000000,0
1000000,236.750828,75.000000,0
10000,1.730115,75.000000,0
50000,9.666642,75.000000,0
100000,21.010909,75.000000,0
500000,117.650838,75.000000,0
1000000,242.742306,75.000000,0
10000,1.698157,75.000000,0
50000,9.421147,75.000000,0
100000,19.997172,75.000000,0
500000,116.514665,75.000000,0
1000000,240.569474,75.000000,0
10000,1.714906,75.000000,0
50000,9.656131,75.000000,0
100000,22.015817,75.000000,0
500000,114.239517,75.000000,0
1000000,242.292068,75.000000,0
10000,1.904893,75.000000,0
50000,10.843127,75.000000,0
100000,19.983389,75.000000,0
500000,120.400072,75.000000,0
1000000,235.131107,75.000000,0
10000,2.042268,75.000000,0
50000,10.582222,75.000000,0
100000,22.287919,75.000000,0
500000,115.144659,75.000000,0
1000000,247.760170,75.000000,0
10000,2.032757,75.000000,0
50000,10.854260,75.000000,0
100000,22.194350,75.000000,0
500000,122.723616,75.000000,0
1000000,237.074695,75.000000,0
10000,1.704978,95.000000,0
50000,9.241050,95.000000,0
100000,19.381291,95.000000,0
500000,103.703177,95.000000,0
1000000,217.394959,95.000000,0
10000,1.597746,95.000000,0
50000,8.979205,95.000000,0
100000,19.009703,95.000000,0
500000,105.753498,95.000000,0
1000000,216.396173,95.000000,0
10000,3.064763,95.000000,0
50000,10.489259,95.000000,0
100000,19.511629,95.000000,0
500000,103.705044,95.000000,0
1000000,218.725597,95.000000,0
10000,1.747599,95.000000,0
50000,9.451130,95.000000,0
100000,18.900636,95.000000,0
500000,103.804386,95.000000,0
1000000,223.653522,95.000000,0
10000,1.627003,95.000000,0
50000,9.286993,95.000000,0
100000,19.767587,95.000000,0
500000,105.635788,95.000000,0
1000000,218.379152,95.000000,0
10000,1.602557,95.000000,0
50000,9.625305,95.000000,0
100000,19.281445,95.000000,0
500000,103.289136,95.000000,0
1000000,214.824582,95.000000,0
10000,1.645394,95.000000,0
50000,8.965439,95.000000,0
100000,19.150357,95.000000,0
500000,103.337774,95.000000,0
1000000,214.805351,95.000000,0
10000,1.878700,95.000000,0
50000,9.827647,95.000000,0
100000,19.384763,95.000000,0
500000,102.151637,95.000000,0
1000000,214.366662,95.000000,0
10000,1.590205,95.000000,0
50000,9.145452,95.000000,0
100000,18.687531,95.000000,0
500000,106.129713,95.000000,0
1000000,217.655414,95.000000,0
10000,1.609839,95.000000,0
50000,8.971055,95.000000,0
100000,18.852495,95.000000,0
500000,105.894743,95.000000,0
1000000,220.933528,95.000000,0
10000,2.420578,95.000000,0
50000,8.986358,95.000000,0
100000,18.948346,95.000000,0
500000,106.285310,95.000000,0
1000000,217.683193,95.000000,0
10000,1.613019,95.000000,0
50000,8.981015,95.000000,0
100000,19.532073,95.000000,0
500000,105.633202,95.000000,0
1000000,216.435027,95.000000,0
10000,1.689054,95.000000,0
50000,9.472230,95.000000,0
100000,18.924870,95.000000,0
500000,104.307657,95.000000,0
1000000,218.214849,95.000000,0
10000,1.675405,95.000000,0
50000,8.848169,95.000000,0
100000,18.966205,95.000000,0
500000,104.856714,95.000000,0
1000000,220.688779,95.000000,0
10000,1.584691,95.000000,0
50000,9.183524,95.000000,0
100000,19.173508,95.000000,0
500000,105.612508,95.000000,0
1000000,214.551567,95.000000,0
10000,1.590073,95.000000,0
50000,8.933543,95.000000,0
100000,20.905365,95.000000,0
500000,103.640467,95.000000,0
1000000,216.329369,95.000000,0
10000,1.654191,95.000000,0
50000,9.092964,95.000000,0
100000,18.582036,95.000000,0
500000,103.347223,95.000000,0
1000000,216.742724,95.000000,0
10000,1.972130,95.000000,0
50000,9.077631,95.000000,0
100000,18.696816,95.000000,0
500000,105.202912,95.000000,0
1000000,220.587036,95.000000,0
10000,1.756965,95.000000,0
50000,9.255819,95.000000,0
100000,20.790716,95.000000,0
500000,108.093211,95.000000,0
1000000,231.776878,95.000000,0
10000,1.890947,95.000000,0
50000,9.867341,95.000000,0
100000,20.225301,95.000000,0
500000,111.728229,95.000000,0
1000000,231.511767,95.000000,0
10000,1.647972,95.000000,0
50000,9.402604,95.000000,0
100000,19.950604,95.000000,0
500000,121.647589,95.000000,0
1000000,228.660761,95.000000,0
10000,1.624281,95.000000,0
50000,9.653049,95.000000,0
100000,20.868791,95.000000,0
500000,116.629949,95.000000,0
1000000,232.681767,95.000000,0
10000,1.734999,95.000000,0
50000,9.535575,95.000000,0
100000,20.463057,95.000000,0
500000,104.957100,95.000000,0
1000000,227.060170,95.000000,0
10000,1.716181,95.000000,0
50000,9.979322,95.000000,0
100000,19.824898,95.000000,0
500000,108.659787,95.000000,0
1000000,230.325216,95.000000,0
10000,1.622221,95.000000,0
50000,8.946531,95.000000,0
100000,19.932065,95.000000,0
500000,115.706106,95.000000,0
1000000,218.188118,95.000000,0
10000,1.604005,95.000000,0
50000,9.652287,95.000000,0
100000,19.298201,95.000000,0
500000,111.098225,95.000000,0
1000000,227.512186,95.000000,0
10000,1.610559,95.000000,0
50000,9.507754,95.000000,0
100000,19.097378,95.000000,0
500000,106.408053,95.000000,0
1000000,219.973617,95.000000,0
10000,1.713937,95.000000,0
50000,9.370839,95.000000,0
100000,20.611062,95.000000,0
500000,105.670298,95.000000,0
1000000,222.339475,95.000000,0
10000,1.600090,95.000000,0
50000,9.024496,95.000000,0
100000,19.108857,95.000000,0
500000,104.905302,95.000000,0
1000000,217.386244,95.000000,0
10000,1.637605,95.000000,0
50000,9.049114,95.000000,0
100000,18.946058,95.000000,0
500000,114.814440,95.000000,0
1000000,219.702190,95.000000,0
10000,1.591945,95.000000,0
50000,10.726097,95.000000,0
100000,18.830456,95.000000,0
500000,105.253980,95.000000,0
1000000,215.375301,95.000000,0
10000,1.626618,95.000000,0
50000,9.072699,95.000000,0
100000,18.632252,95.000000,0
500000,106.030928,95.000000,0
1000000,214.552786,95.000000,0
10000,1.621920,95.000000,0
50000,8.862274,95.000000,0
100000,18.503065,95.000000,0
500000,102.968626,95.000000,0
1000000,213.351032,95.000000,0
10000,1.572763,95.000000,0
50000,8.885597,95.000000,0
100000,19.182302,95.000000,0
500000,105.869197,95.000000,0
1000000,214.835875,95.000000,0
10000,1.638413,95.000000,0
50000,9.408066,95.000000,0
100000,19.001969,95.000000,0
500000,102.714018,95.000000,0
1000000,217.351644,95.000000,0
10000,1.610513,95.000000,0
50000,8.978460,95.000000,0
100000,18.808487,95.000000,0
500000,105.867464,95.000000,0
1000000,218.721342,95.000000,0
10000,1.584242,95.000000,0
50000,8.781180,95.000000,0
100000,18.522351,95.000000,0
500000,104.052207,95.000000,0
1000000,219.138179,95.000000,0
10000,1.586974,95.000000,0
50000,9.384096,95.000000,0
100000,19.487560,95.000000,0
500000,103.066497,95.000000,0
1000000,218.378765,95.000000,0
10000,1.656365,95.000000,0
50000,9.287180,95.000000,0
100000,19.223078,95.000000,0
500000,106.594220,95.000000,0
1000000,217.043073,95.000000,0
10000,1.582531,95.000000,0
50000,8.841325,95.000000,0
100000,18.740370,95.000000,0
500000,104.296986,95.000000,0
1000000,216.267929,95.000000,0
10000,1.634785,95.000000,0
50000,9.060793,95.000000,0
100000,18.591385,95.000000,0
500000,104.488665,95.000000,0
1000000,217.914896,95.000000,0
10000,1.588187,95.000000,0
50000,9.044485,95.000000,0
100000,18.707352,95.000000,0
500000,103.852322,95.000000,0
1000000,220.190763,95.000000,0
10000,1.719446,95.000000,0
50000,8.957455,95.000000,0
100000,19.088924,95.000000,0
500000,106.679297,95.000000,0
1000000,215.290359,95.000000,0
10000,2.357753,95.000000,0
50000,9.184146,95.000000,0
100000,19.411008,95.000000,0
500000,105.708301,95.000000,0
1000000,217.547543,95.000000,0
10000,1.618005,95.000000,0
50000,9.516749,95.000000,0
100000,18.999645,95.000000,0
500000,103.307592,95.000000,0
1000000,219.586963,95.000000,0
10000,1.634583,95.000000,0
50000,8.950943,95.000000,0
100000,18.777486,95.000000,0
500000,111.545998,95.000000,0
1000000,222.590723,95.000000,0
10000,1.652390,95.000000,0
50000,10.823181,95.000000,0
100000,19.825587,95.000000,0
500000,111.567536,95.000000,0
1000000,231.622413,95.000000,0
10000,1.580361,95.000000,0
50000,9.734330,95.000000,0
100000,18.540636,95.000000,0
500000,102.852273,95.000000,0
1000000,227.259598,95.000000,0
10000,1.557787,95.000000,0
50000,8.994622,95.000000,0
100000,27.014563,95.000000,0
500000,104.425617,95.000000,0
1000000,223.461058,95.000000,0
10000,1.654799,95.000000,0
50000,8.883175,95.000000,0
100000,23.904867,95.000000,0
500000,111.447097,95.000000,0
1000000,222.501914,95.000000,0
10000,1.604734,95.000000,0
50000,9.243105,95.000000,0
100000,20.788239,95.000000,0
500000,109.302266,95.000000,0
1000000,225.313483,95.000000,0
10000,1.724743,95.000000,0
50000,10.232236,95.000000,0
100000,20.975954,95.000000,0
500000,110.338215,95.000000,0
1000000,218.885727,95.000000,0
10000,1.663165,95.000000,0
50000,9.078151,95.000000,0
100000,19.233324,95.000000,0
500000,116.953786,95.000000,0
1000000,221.486315,95.000000,0
10000,1.623041,95.000000,0
50000,9.048569,95.000000,0
100000,18.843977,95.000000,0
500000,104.420928,95.000000,0
1000000,218.864378,95.000000,0
10000,1.648854,95.000000,0
50000,9.003387,95.000000,0
100000,20.251266,95.000000,0
500000,103.717760,95.000000,0
1000000,218.769325,95.000000,0
10000,1.635238,95.000000,0
50000,9.073503,95.000000,0
100000,18.953052,95.000000,0
500000,105.828440,95.000000,0
1000000,217.833786,95.000000,0
10000,1.610762,95.000000,0
50000,9.064757,95.000000,0
100000,19.068275,95.000000,0
500000,103.727016,95.000000,0
1000000,218.932201,95.000000,0
10000,1.609759,95.000000,0
50000,9.137776,95.000000,0
100000,19.666950,95.000000,0
500000,106.633485,95.000000,0
1000000,215.247980,95.000000,0
10000,1.606968,95.000000,0
50000,9.062703,95.000000,0
100000,19.293720,95.000000,0
500000,104.833537,95.000000,0
1000000,218.317452,95.000000,0
10000,1.617305,95.000000,0
50000,8.976743,95.000000,0
100000,21.102123,95.000000,0
500000,103.123024,95.000000,0
1000000,215.441448,95.000000,0
10000,1.588405,95.000000,0
50000,9.597460,95.000000,0
100000,23.126910,95.000000,0
500000,106.297626,95.000000,0
1000000,215.778778,95.000000,0
10000,1.574962,95.000000,0
50000,9.018030,95.000000,0
100000,18.950603,95.000000,0
500000,102.945389,95.000000,0
1000000,217.235445,95.000000,0
10000,1.877721,95.000000,0
50000,8.846620,95.000000,0
100000,18.643684,95.000000,0
500000,107.971511,95.000000,0
1000000,217.564570,95.000000,0
10000,1.599741,95.000000,0
50000,9.103969,95.000000,0
100000,21.629917,95.000000,0
500000,103.649131,95.000000,0
1000000,218.996918,95.000000,0
10000,1.577181,95.000000,0
50000,9.000070,95.000000,0
100000,18.591497,95.000000,0
500000,110.355165,95.000000,0
1000000,215.801103,95.000000,0
10000,1.636941,95.000000,0
50000,8.837727,95.000000,0
100000,19.110318,95.000000,0
500000,107.812318,95.000000,0
1000000,219.859797,95.000000,0
10000,1.672178,95.000000,0
50000,9.025238,95.000000,0
100000,19.520312,95.000000,0
500000,109.391420,95.000000,0
1000000,220.712800,95.000000,0
10000,1.972687,95.000000,0
50000,9.702270,95.000000,0
100000,19.228082,95.000000,0
500000,106.517303,95.000000,0
1000000,221.007906,95.000000,0
10000,2.153723,95.000000,0
50000,9.264271,95.000000,0
100000,19.054991,95.000000,0
500000,103.847777,95.000000,0
1000000,216.861435,95.000000,0
10000,1.594436,95.000000,0
50000,9.032148,95.000000,0
100000,18.708201,95.000000,0
500000,108.077386,95.000000,0
1000000,219.551341,95.000000,0
10000,1.609333,95.000000,0
50000,10.382669,95.000000,0
100000,19.827209,95.000000,0
500000,104.101350,95.000000,0
1000000,219.562509,95.000000,0
10000,1.577791,95.000000,0
50000,9.132555,95.000000,0
100000,19.668626,95.000000,0
500000,106.361027,95.000000,0
1000000,218.785969,95.000000,0
10000,1.673658,95.000000,0
50000,9.557654,95.000000,0
100000,19.102008,95.000000,0
500000,105.748060,95.000000,0
1000000,229.682636,95.000000,0
10000,1.589339,95.000000,0
50000,9.996132,95.000000,0
100000,19.140080,95.000000,0
500000,107.438621,95.000000,0
1000000,224.063047,95.000000,0
10000,1.658719,95.000000,0
50000,9.319586,95.000000,0
100000,21.116872,95.000000,0
500000,112.403670,95.000000,0
1000000,226.750349,95.000000,0
10000,1.700957,95.000000,0
50000,10.151746,95.000000,0
100000,19.231929,95.000000,0
500000,110.162783,95.000000,0
1000000,223.680902,95.000000,0
10000,1.621518,95.000000,0
50000,11.759644,95.000000,0
100000,19.137735,95.000000,0
500000,105.684383,95.000000,0
1000000,229.607469,95.000000,0
10000,1.808495,95.000000,0
50000,9.993117,95.000000,0
100000,20.919117,95.000000,0
500000,107.201091,95.000000,0
1000000,225.161112,95.000000,0
10000,1.638054,95.000000,0
50000,9.495127,95.000000,0
100000,21.510481,95.000000,0
500000,108.637729,95.000000,0
1000000,225.142781,95.000000,0
10000,1.601545,95.000000,0
50000,9.441384,95.000000,0
100000,19.984233,95.000000,0
500000,105.235715,95.000000,0
1000000,218.311999,95.000000,0
10000,1.675219,95.000000,0
50000,9.647086,95.000000,0
100000,19.296335,95.000000,0
500000,105.192163,95.000000,0
1000000,220.143997,95.000000,0
10000,1.595108,95.000000,0
50000,9.664859,95.000000,0
100000,21.155538,95.000000,0
500000,104.908001,95.000000,0
1000000,230.841895,95.000000,0
10000,1.671689,95.000000,0
50000,8.962954,95.000000,0
100000,18.906231,95.000000,0
500000,105.717094,95.000000,0
1000000,221.832959,95.000000,0
10000,1.763021,95.000000,0
50000,9.621352,95.000000,0
100000,20.606165,95.000000,0
500000,104.422691,95.000000,0
1000000,217.239095,95.000000,0
10000,1.916958,95.000000,0
50000,9.261798,95.000000,0
100000,18.706230,95.000000,0
500000,103.567742,95.000000,0
1000000,226.054685,95.000000,0
10000,1.602465,95.000000,0
50000,9.237913,95.000000,0
100000,19.058200,95.000000,0
500000,104.445957,95.000000,0
1000000,215.938913,95.000000,0
10000,3.114199,95.000000,0
50000,9.185992,95.000000,0
100000,18.942215,95.000000,0
500000,102.878275,95.000000,0
1000000,217.100707,95.000000,0
10000,1.625889,95.000000,0
50000,9.009692,95.000000,0
100000,18.649617,95.000000,0
500000,110.637480,95.000000,0
1000000,218.611034,95.000000,0
10000,1.621135,95.000000,0
50000,8.922582,95.000000,0
100000,18.703926,95.000000,0
500000,106.077070,95.000000,0
1000000,222.553248,95.000000,0
10000,1.659089,95.000000,0
50000,9.027883,95.000000,0
100000,18.967486,95.000000,0
500000,106.632822,95.000000,0
1000000,219.073504,95.000000,0
10000,1.932925,95.000000,0
50000,10.066555,95.000000,0
100000,20.273211,95.000000,0
500000,102.316512,95.000000,0
1000000,226.770812,95.000000,0
10000,1.579121,95.000000,0
50000,8.792867,95.000000,0
100000,18.630996,95.000000,0
500000,105.613846,95.000000,0
1000000,223.386411,95.000000,0
10000,1.587018,95.000000,0
50000,9.042126,95.000000,0
100000,18.792877,95.000000,0
500000,-561.743032,95.000000,0
1000000,215.028563,95.000000,0
10000,1.615946,95.000000,0
50000,8.909574,95.000000,0
100000,18.679705,95.000000,0
500000,106.695894,95.000000,0
1000000,217.109617,95.000000,0
10000,2.323482,95.000000,0
50000,9.097393,95.000000,0
100000,19.359741,95.000000,0
500000,103.375086,95.000000,0
1000000,216.255561,95.000000,0
10000,1.608006,95.000000,0
50000,8.897232,95.000000,0
100000,19.347338,95.000000,0
500000,103.328552,95.000000,0
1000000,224.046200,95.000000,0
10000,1.604319,95.000000,0
50000,8.972539,95.000000,0
100000,18.766736,95.000000,0
500000,104.479656,95.000000,0
1000000,217.638877,95.000000,0
10000,1.650066,95.000000,0
50000,9.507054,95.000000,0
100000,18.824334,95.000000,0
500000,105.407537,95.000000,0
1000000,216.074952,95.000000,0
10000,1.573103,95.000000,0
50000,9.117662,95.000000,0
100000,19.688093,95.000000,0
500000,104.041597,95.000000,0
1000000,224.741279,95.000000,0
10000,1.839831,95.000000,0
50000,9.176006,95.000000,0
100000,18.972534,95.000000,0
500000,102.332873,95.000000,0
1000000,217.508768,95.000000,0
10000,1.662417,99.000000,0
50000,9.007662,99.000000,0
100000,18.623634,99.000000,0
500000,107.113885,99.000000,0
1000000,216.707082,99.000000,0
10000,1.594678,99.000000,0
50000,8.695767,99.000000,0
100000,18.781218,99.000000,0
500000,103.862653,99.000000,0
1000000,215.129424,99.000000,0
10000,1.605409,99.000000,0
50000,9.109919,99.000000,0
100000,21.440842,99.000000,0
500000,115.832044,99.000000,0
1000000,232.738023,99.000000,0
10000,1.564064,99.000000,0
50000,8.924402,99.000000,0
100000,18.780952,99.000000,0
500000,107.907337,99.000000,0
1000000,216.911728,99.000000,0
10000,1.586800,99.000000,0
50000,9.114831,99.000000,0
100000,18.873577,99.000000,0
500000,103.420957,99.000000,0
1000000,220.770213,99.000000,0
10000,2.176084,99.000000,0
50000,8.823010,99.000000,0
100000,18.559462,99.000000,0
500000,103.741856,99.000000,0
1000000,218.487245,99.000000,0
10000,1.580347,99.000000,0
50000,9.054572,99.000000,0
100000,18.783407,99.000000,0
500000,105.513736,99.000000,0
1000000,220.293678,99.000000,0
10000,1.672188,99.000000,0
50000,9.300758,99.000000,0
100000,20.797671,99.000000,0
500000,105.097087,99.000000,0
1000000,213.966787,99.000000,0
10000,1.577416,99.000000,0
50000,9.245885,99.000000,0
100000,19.318640,99.000000,0
500000,102.788092,99.000000,0
1000000,215.791152,99.000000,0
10000,1.654857,99.000000,0
50000,9.198283,99.000000,0
100000,20.022409,99.000000,0
500000,106.392520,99.000000,0
1000000,212.423274,99.000000,0
10000,1.672240,99.000000,0
50000,9.446443,99.000000,0
100000,20.751985,99.000000,0
500000,104.300852,99.000000,0
1000000,213.823332,99.000000,0
10000,1.581746,99.000000,0
50000,8.901584,99.000000,0
100000,20.111900,99.000000,0
500000,109.899265,99.000000,0
1000000,215.799208,99.000000,0
10000,1.592320,99.000000,0
50000,9.428907,99.000000,0
100000,18.866876,99.000000,0
500000,106.300318,99.000000,0
1000000,212.377895,99.000000,0
10000,1.633462,99.000000,0
50000,9.563482,99.000000,0
100000,20.997156,99.000000,0
500000,102.053392,99.000000,0
1000000,213.825116,99.000000,0
10000,1.610206,99.000000,0
50000,8.999315,99.000000,0
100000,18.731353,99.000000,0
500000,102.815208,99.000000,0
1000000,213.478592,99.000000,0
10000,1.659969,99.000000,0
50000,9.034926,99.000000,0
100000,18.933270,99.000000,0
500000,103.996717,99.000000,0
1000000,215.296589,99.000000,0
10000,1.536839,99.000000,0
50000,13.051033,99.000000,0
100000,18.975343,99.000000,0
500000,103.894253,99.000000,0
1000000,217.593732,99.000000,0
10000,1.645126,99.000000,0
50000,9.442010,99.000000,0
100000,19.695477,99.000000,0
500000,105.193522,99.000000,0
1000000,218.831022,99.000000,0
10000,1.554634,99.000000,0
50000,8.864896,99.000000,0
100000,18.682291,99.000000,0
500000,107.170411,99.000000,0
1000000,216.322219,99.000000,0
10000,1.625299,99.000000,0
50000,11.452925,99.000000,0
100000,18.910962,99.000000,0
500000,103.694797,99.000000,0
1000000,222.060198,99.000000,0
10000,1.582482,99.000000,0
50000,9.168257,99.000000,0
100000,18.833104,99.000000,0
500000,103.845994,99.000000,0
1000000,215.791641,99.000000,0
10000,1.819678,99.000000,0
50000,9.275238,99.000000,0
100000,19.574058,99.000000,0
500000,106.426651,99.000000,0
1000000,221.062784,99.000000,0
10000,1.623956,99.000000,0
50000,8.949628,99.000000,0
100000,20.103101,99.000000,0
500000,111.551248,99.000000,0
1000000,224.862574,99.000000,0
10000,1.546421,99.000000,0
50000,9.277504,99.000000,0
100000,19.845182,99.000000,0
500000,107.772921,99.000000,0
1000000,220.025769,99.000000,0
10000,1.588726,99.000000,0
50000,9.487766,99.000000,0
100000,19.963791,99.000000,0
500000,108.942025,99.000000,0
1000000,226.297829,99.000000,0
10000,1.579714,99.000000,0
50000,9.758489,99.000000,0
100000,20.278317,99.000000,0
500000,102.793262,99.000000,0
1000000,228.369674,99.000000,0
10000,1.566313,99.000000,0
50000,8.849599,99.000000,0
100000,19.174925,99.000000,0
500000,106.340699,99.000000,0
1000000,216.201745,99.000000,0
10000,1.549508,99.000000,0
50000,9.237955,99.000000,0
100000,20.635670,99.000000,0
500000,105.172013,99.000000,0
1000000,222.326283,99.000000,0
10000,1.577550,99.000000,0
50000,8.932281,99.000000,0
100000,20.801689,99.000000,0
500000,102.578980,99.000000,0
1000000,231.119702,99.000000,0
10000,1.590295,99.000000,0
50000,8.895369,99.000000,0
100000,18.493684,99.000000,0
500000,105.448858,99.000000,0
1000000,212.528552,99.000000,0
10000,1.616309,99.000000,0
50000,9.064265,99.000000,0
100000,19.606947,99.000000,0
500000,101.956013,99.000000,0
1000000,215.794772,99.000000,0
10000,1.688872,99.000000,0
50000,8.972546,99.000000,0
100000,19.138703,99.000000,0
500000,103.581307,99.000000,0
1000000,216.845950,99.000000,0
10000,1.558655,99.000000,0
50000,8.899809,99.000000,0
100000,18.591590,99.000000,0
500000,105.798089,99.000000,0
1000000,216.614222,99.000000,0
10000,1.721142,99.000000,0
50000,9.614058,99.000000,0
100000,19.501343,99.000000,0
500000,108.966248,99.000000,0
1000000,214.114052,99.000000,0
10000,1.547528,99.000000,0
50000,8.859870,99.000000,0
100000,18.487168,99.000000,0
500000,103.294895,99.000000,0
1000000,216.123247,99.000000,0
10000,1.581418,99.000000,0
50000,9.227618,99.000000,0
100000,18.730307,99.000000,0
500000,107.359748,99.000000,0
1000000,212.445830,99.000000,0
10000,2.084300,99.000000,0
50000,10.201017,99.000000,0
100000,20.378342,99.000000,0
500000,104.322826,99.000000,0
1000000,212.755677,99.000000,0
10000,1.547721,99.000000,0
50000,9.380298,99.000000,0
100000,18.679035,99.000000,0
500000,102.224157,99.000000,0
1000000,219.727039,99.000000,0
10000,1.541103,99.000000,0
50000,8.802024,99.000000,0
100000,18.608358,99.000000,0
500000,105.159604,99.000000,0
1000000,219.771563,99.000000,0
10000,1.606783,99.000000,0
50000,8.814628,99.000000,0
100000,18.464872,99.000000,0
500000,104.384642,99.000000,0
1000000,215.293829,99.000000,0
10000,1.565459,99.000000,0
50000,9.796228,99.000000,0
100000,19.107423,99.000000,0
500000,106.449114,99.000000,0
1000000,231.201773,99.000000,0
10000,1.947391,99.000000,0
50000,9.446707,99.000000,0
100000,18.787550,99.000000,0
500000,117.668472,99.000000,0
1000000,212.766988,99.000000,0
10000,1.610434,99.000000,0
50000,8.935177,99.000000,0
100000,19.390783,99.000000,0
500000,115.447034,99.000000,0
1000000,236.892753,99.000000,0
10000,1.656574,99.000000,0
50000,9.944136,99.000000,0
100000,18.902104,99.000000,0
500000,101.240224,99.000000,0
1000000,215.602386,99.000000,0
10000,1.564904,99.000000,0
50000,8.948951,99.000000,0
100000,18.355014,99.000000,0
500000,102.787783,99.000000,0
1000000,216.002798,99.000000,0
10000,1.507340,99.000000,0
50000,9.561817,99.000000,0
100000,18.659583,99.000000,0
500000,101.579285,99.000000,0
1000000,212.431525,99.000000,0
10000,1.592238,99.000000,0
50000,9.162357,99.000000,0
100000,18.756285,99.000000,0
500000,101.470761,99.000000,0
1000000,214.719377,99.000000,0
10000,1.736502,99.000000,0
50000,9.043190,99.000000,0
100000,18.556443,99.000000,0
500000,103.344969,99.000000,0
1000000,215.251955,99.000000,0
10000,1.715664,99.000000,0
50000,9.073344,99.000000,0
100000,19.089914,99.000000,0
500000,106.008568,99.000000,0
1000000,211.543116,99.000000,0
10000,1.590925,99.000000,0
50000,8.812049,99.000000,0
100000,20.613156,99.000000,0
500000,106.762803,99.000000,0
1000000,216.313883,99.000000,0
10000,1.614309,99.000000,0
50000,9.843122,99.000000,0
100000,20.234069,99.000000,0
500000,104.621587,99.000000,0
1000000,219.349639,99.000000,0
10000,1.599062,99.000000,0
50000,8.902652,99.000000,0
100000,18.813215,99.000000,0
500000,103.223373,99.000000,0
1000000,222.303376,99.000000,0
10000,1.570719,99.000000,0
50000,9.947259,99.000000,0
100000,20.733589,99.000000,0
500000,104.569496,99.000000,0
1000000,223.275488,99.000000,0
10000,1.965829,99.000000,0
50000,8.821878,99.000000,0
100000,19.432550,99.000000,0
500000,109.340926,99.000000,0
1000000,223.253645,99.000000,0
10000,1.544056,99.000000,0
50000,8.831074,99.000000,0
100000,19.000000,99.000000,0
500000,108.110125,99.000000,0
1000000,222.004351,99.000000,0
10000,1.617298,99.000000,0
50000,9.108508,99.000000,0
100000,20.536470,99.000000,0
500000,106.905501,99.000000,0
1000000,227.603853,99.000000,0
10000,1.888111,99.000000,0
50000,9.670930,99.000000,0
100000,20.399673,99.000000,0
500000,103.688974,99.000000,0
1000000,230.136757,99.000000,0
10000,1.535915,99.000000,0
50000,9.707817,99.000000,0
100000,20.106566,99.000000,0
500000,104.824126,99.000000,0
1000000,220.520422,99.000000,0
10000,2.489582,99.000000,0
50000,9.682426,99.000000,0
100000,19.911074,99.000000,0
500000,111.168113,99.000000,0
1000000,220.955248,99.000000,0
10000,1.605198,99.000000,0
50000,9.239636,99.000000,0
100000,19.972078,99.000000,0
500000,107.917948,99.000000,0
1000000,220.169614,99.000000,0
10000,1.664785,99.000000,0
50000,9.682271,99.000000,0
100000,18.855203,99.000000,0
500000,103.450170,99.000000,0
1000000,224.137406,99.000000,0
10000,1.583765,99.000000,0
50000,9.272382,99.000000,0
100000,18.970906,99.000000,0
500000,102.856547,99.000000,0
1000000,219.521738,99.000000,0
10000,1.821557,99.000000,0
50000,9.307136,99.000000,0
100000,19.071362,99.000000,0
500000,107.046991,99.000000,0
1000000,219.173819,99.000000,0
10000,1.668017,99.000000,0
50000,9.694403,99.000000,0
100000,18.893990,99.000000,0
500000,103.479136,99.000000,0
1000000,217.732089,99.000000,0
10000,1.658290,99.000000,0
50000,9.237636,99.000000,0
100000,19.638114,99.000000,0
500000,102.791844,99.000000,0
1000000,212.715771,99.000000,0
10000,1.567572,99.000000,0
50000,12.299794,99.000000,0
100000,18.599288,99.000000,0
500000,103.660986,99.000000,0
1000000,217.900651,99.000000,0
10000,1.769692,99.000000,0
50000,9.719230,99.000000,0
100000,19.712029,99.000000,0
500000,102.050216,99.000000,0
1000000,217.021772,99.000000,0
10000,1.557812,99.000000,0
50000,8.847762,99.000000,0
100000,18.432548,99.000000,0
500000,104.629558,99.000000,0
1000000,211.178551,99.000000,0
10000,1.583077,99.000000,0
50000,8.781466,99.000000,0
100000,19.998207,99.000000,0
500000,105.560584,99.000000,0
1000000,214.745286,99.000000,0
10000,1.967769,99.000000,0
50000,9.292721,99.000000,0
100000,20.414687,99.000000,0
500000,101.885211,99.000000,0
1000000,212.039228,99.000000,0
10000,1.563158,99.000000,0
50000,8.880804,99.000000,0
100000,18.664090,99.000000,0
500000,103.075901,99.000000,0
1000000,215.441338,99.000000,0
10000,1.553434,99.000000,0
50000,8.813478,99.000000,0
100000,18.631427,99.000000,0
500000,107.375650,99.000000,0
1000000,216.062301,99.000000,0
10000,1.592555,99.000000,0
50000,8.751233,99.000000,0
100000,18.363772,99.000000,0
500000,103.363126,99.000000,0
1000000,220.765437,99.000000,0
10000,1.669873,99.000000,0
50000,8.987141,99.000000,0
100000,18.421334,99.000000,0
500000,103.304367,99.000000,0
1000000,212.521510,99.000000,0
10000,1.800944,99.000000,0
50000,9.791613,99.000000,0
100000,20.021984,99.000000,0
500000,103.644086,99.000000,0
1000000,213.317881,99.000000,0
10000,1.580383,99.000000,0
50000,8.674701,99.000000,0
100000,18.957507,99.000000,0
500000,102.589988,99.000000,0
1000000,214.060988,99.000000,0
10000,1.742546,99.000000,0
50000,9.248612,99.000000,0
100000,18.361720,99.000000,0
500000,102.275439,99.000000,0
1000000,215.464890,99.000000,0
10000,1.758353,99.000000,0
50000,8.936937,99.000000,0
100000,18.760887,99.000000,0
500000,110.958781,99.000000,0
1000000,213.783171,99.000000,0
10000,1.599240,99.000000,0
50000,8.917099,99.000000,0
100000,20.260147,99.000000,0
500000,108.167078,99.000000,0
1000000,221.199674,99.000000,0
10000,1.767549,99.000000,0
50000,9.354406,99.000000,0
100000,20.625401,99.000000,0
500000,104.087065,99.000000,0
1000000,225.220818,99.000000,0
10000,1.619817,99.000000,0
50000,9.686369,99.000000,0
100000,20.181530,99.000000,0
500000,103.618449,99.000000,0
1000000,219.822499,99.000000,0
10000,1.550404,99.000000,0
50000,9.026047,99.000000,0
100000,18.482282,99.000000,0
500000,108.800525,99.000000,0
1000000,241.293292,99.000000,0
10000,1.588237,99.000000,0
50000,10.079583,99.000000,0
100000,20.099740,99.000000,0
500000,116.325623,99.000000,0
1000000,222.865726,99.000000,0
10000,1.618710,99.000000,0
50000,9.746305,99.000000,0
100000,19.346875,99.000000,0
500000,111.354030,99.000000,0
1000000,214.965094,99.000000,0
10000,1.651038,99.000000,0
50000,8.784087,99.000000,0
100000,18.879627,99.000000,0
500000,110.043832,99.000000,0
1000000,228.846518,99.000000,0
10000,1.772641,99.000000,0
50000,9.840045,99.000000,0
100000,20.342895,99.000000,0
500000,102.082975,99.000000,0
1000000,212.715278,99.000000,0
10000,1.569433,99.000000,0
50000,8.816534,99.000000,0
100000,20.398513,99.000000,0
500000,107.274702,99.000000,0
1000000,214.568737,99.000000,0
10000,1.887468,99.000000,0
50000,8.980919,99.000000,0
100000,19.806601,99.000000,0
500000,103.340707,99.000000,0
1000000,229.686033,99.000000,0
10000,1.570096,99.000000,0
50000,8.922464,99.000000,0
100000,19.622526,99.000000,0
500000,105.532173,99.000000,0
1000000,217.758029,99.000000,0
10000,1.565995,99.000000,0
50000,8.961073,99.000000,0
100000,19.372964,99.000000,0
500000,104.315442,99.000000,0
1000000,216.078145,99.000000,0
10000,1.632519,99.000000,0
50000,9.001557,99.000000,0
100000,18.405992,99.000000,0
500000,103.834269,99.000000,0
1000000,215.801555,99.000000,0
10000,1.645233,99.000000,0
50000,9.002590,99.000000,0
100000,18.586641,99.000000,0
500000,109.198504,99.000000,0
1000000,213.813194,99.000000,0
10000,1.988784,99.000000,0
50000,9.051487,99.000000,0
100000,20.572953,99.000000,0
500000,107.815830,99.000000,0
1000000,217.541238,99.000000,0
10000,1.536036,99.000000,0
50000,8.900031,99.000000,0
100000,18.864870,99.000000,0
500000,102.113301,99.000000,0
1000000,222.063299,99.000000,0
10000,1.732113,99.000000,0
50000,8.916969,99.000000,0
100000,19.240716,99.000000,0
500000,104.950169,99.000000,0
1000000,215.737415,99.000000,0
10000,1.531945,99.000000,0
50000,9.103054,99.000000,0
100000,18.867421,99.000000,0
500000,103.024204,99.000000,0
1000000,212.268936,99.000000,0
10000,1.563412,99.000000,0
50000,9.356544,99.000000,0
100000,20.115727,99.000000,0
500000,107.024477,99.000000,0
1000000,218.562937,99.000000,0
10000,1.582482,99.000000,0
50000,9.757459,99.000000,0
100000,19.642848,99.000000,0
500000,110.318918,99.000000,0
1000000,214.312554,99.000000,0
10000,1.740581,99.000000,0
50000,9.057007,99.000000,0
100000,18.805395,99.000000,0
500000,102.742114,99.000000,0
1000000,213.174280,99.000000,0
10000,1.615327,99.000000,0
50000,9.010685,99.000000,0
100000,19.414110,99.000000,0
500000,104.627550,99.000000,0
1000000,213.418320,99.000000,0
10000,1.563402,99.700000,0
50000,8.999604,99.700000,0
100000,19.799774,99.700000,0
500000,102.929047,99.700000,0
1000000,221.413242,99.700000,0
10000,1.566460,99.700000,0
50000,9.553886,99.700000,0
100000,18.453435,99.700000,0
500000,107.128286,99.700000,0
1000000,217.809803,99.700000,0
10000,1.535588,99.700000,0
50000,8.795713,99.700000,0
100000,24.198765,99.700000,0
500000,106.824393,99.700000,0
1000000,220.023375,99.700000,0
10000,1.797575,99.700000,0
50000,10.385867,99.700000,0
100000,18.636206,99.700000,0
500000,103.153303,99.700000,0
1000000,220.033893,99.700000,0
10000,1.794176,99.700000,0
50000,9.345177,99.700000,0
100000,20.292433,99.700000,0
500000,105.801593,99.700000,0
1000000,227.905918,99.700000,0
10000,2.087727,99.700000,0
50000,9.584459,99.700000,0
100000,20.550978,99.700000,0
500000,108.644633,99.700000,0
1000000,222.342878,99.700000,0
10000,1.553304,99.700000,0
50000,8.608724,99.700000,0
100000,18.337193,99.700000,0
500000,107.886840,99.700000,0
1000000,225.182299,99.700000,0
10000,1.548202,99.700000,0
50000,8.959387,99.700000,0
100000,19.956932,99.700000,0
500000,109.197539,99.700000,0
1000000,217.784229,99.700000,0
10000,1.583883,99.700000,0
50000,9.143925,99.700000,0
100000,18.815797,99.700000,0
500000,112.974656,99.700000,0
1000000,220.967667,99.700000,0
10000,1.734201,99.700000,0
50000,9.641589,99.700000,0
100000,18.656541,99.700000,0
500000,104.253930,99.700000,0
1000000,214.055015,99.700000,0
10000,1.595087,99.700000,0
50000,8.682770,99.700000,0
100000,18.347356,99.700000,0
500000,104.799164,99.700000,0
1000000,214.537262,99.700000,0
10000,1.596015,99.700000,0
50000,9.703146,99.700000,0
100000,18.847683,99.700000,0
500000,103.116151,99.700000,0
1000000,224.858033,99.700000,0
10000,1.686280,99.700000,0
50000,9.076938,99.700000,0
100000,18.989471,99.700000,0
500000,103.382820,99.700000,0
1000000,216.891414,99.700000,0
10000,1.610178,99.700000,0
50000,9.553399,99.700000,0
100000,18.700977,99.700000,0
500000,103.923124,99.700000,0
1000000,213.380629,99.700000,0
10000,1.689969,99.700000,0
50000,9.536329,99.700000,0
100000,20.269006,99.700000,0
500000,102.265838,99.700000,0
1000000,219.291973,99.700000,0
10000,1.650920,99.700000,0
50000,9.139110,99.700000,0
100000,19.869690,99.700000,0
500000,106.715024,99.700000,0
1000000,212.239667,99.700000,0
10000,1.600888,99.700000,0
50000,10.416911,99.700000,0
100000,19.704070,99.700000,0
500000,102.460723,99.700000,0
1000000,219.352599,99.700000,0
10000,1.601989,99.700000,0
50000,9.879245,99.700000,0
100000,19.290251,99.700000,0
500000,104.707776,99.700000,0
1000000,215.400386,99.700000,0
10000,2.311531,99.700000,0
50000,9.117143,99.700000,0
100000,20.307063,99.700000,0
500000,102.974934,99.700000,0
1000000,225.895467,99.700000,0
10000,1.717495,99.700000,0
50000,9.276607,99.700000,0
100000,18.945355,99.700000,0
500000,106.394210,99.700000,0
1000000,244.618890,99.700000,0
10000,1.549156,99.700000,0
50000,8.881850,99.700000,0
100000,18.587120,99.700000,0
500000,101.660413,99.700000,0
1000000,224.000413,99.700000,0
10000,1.606295,99.700000,0
50000,9.476444,99.700000,0
100000,21.150895,99.700000,0
500000,102.457204,99.700000,0
1000000,213.465979,99.700000,0
10000,1.571317,99.700000,0
50000,8.860165,99.700000,0
100000,19.315148,99.700000,0
500000,101.370067,99.700000,0
1000000,213.276320,99.700000,0
10000,1.537053,99.700000,0
50000,8.867185,99.700000,0
100000,18.741991,99.700000,0
500000,108.374938,99.700000,0
1000000,215.474650,99.700000,0
10000,1.569011,99.700000,0
50000,9.931639,99.700000,0
100000,20.186111,99.700000,0
500000,105.997648,99.700000,0
1000000,222.860784,99.700000,0
10000,1.602347,99.700000,0
50000,8.784863,99.700000,0
100000,19.035549,99.700000,0
500000,101.768541,99.700000,0
1000000,221.996625,99.700000,0
10000,1.614102,99.700000,0
50000,10.912436,99.700000,0
100000,19.168461,99.700000,0
500000,104.047552,99.700000,0
1000000,217.240920,99.700000,0
10000,1.610469,99.700000,0
50000,8.901204,99.700000,0
100000,18.420934,99.700000,0
500000,103.965321,99.700000,0
1000000,220.603300,99.700000,0
10000,1.570119,99.700000,0
50000,8.848672,99.700000,0
100000,19.778955,99.700000,0
500000,109.276686,99.700000,0
1000000,216.723423,99.700000,0
10000,1.573466,99.700000,0
50000,8.863150,99.700000,0
100000,18.518211,99.700000,0
500000,105.190410,99.700000,0
1000000,222.209285,99.700000,0
10000,1.738735,99.700000,0
50000,9.511953,99.700000,0
100000,19.190465,99.700000,0
500000,110.488254,99.700000,0
1000000,215.157460,99.700000,0
10000,1.552109,99.700000,0
50000,8.866744,99.700000,0
100000,18.536621,99.700000,0
500000,112.156709,99.700000,0
1000000,225.414387,99.700000,0
10000,1.638688,99.700000,0
50000,9.974950,99.700000,0
100000,20.211523,99.700000,0
500000,106.385838,99.700000,0
1000000,224.092016,99.700000,0
10000,1.593669,99.700000,0
50000,9.408794,99.700000,0
100000,18.888464,99.700000,0
500000,107.858594,99.700000,0
1000000,219.572898,99.700000,0
10000,1.731123,99.700000,0
50000,9.593891,99.700000,0
100000,19.260403,99.700000,0
500000,107.244774,99.700000,0
1000000,217.229834,99.700000,0
10000,1.575966,99.700000,0
50000,8.973983,99.700000,0
100000,18.675931,99.700000,0
500000,101.087195,99.700000,0
1000000,-362.153052,99.700000,0
10000,1.720634,99.700000,0
50000,9.180619,99.700000,0
100000,18.981779,99.700000,0
500000,111.629963,99.700000,0
1000000,212.337069,99.700000,0
10000,1.596200,99.700000,0
50000,9.127366,99.700000,0
100000,18.468765,99.700000,0
500000,103.907551,99.700000,0
1000000,213.540984,99.700000,0
10000,1.549834,99.700000,0
50000,8.879120,99.700000,0
100000,19.162864,99.700000,0
500000,103.377247,99.700000,0
1000000,214.670417,99.700000,0
10000,1.786887,99.700000,0
50000,9.037554,99.700000,0
100000,18.464317,99.700000,0
500000,108.871577,99.700000,0
1000000,213.230005,99.700000,0
10000,1.529253,99.700000,0
50000,9.168669,99.700000,0
100000,18.808162,99.700000,0
500000,102.763965,99.700000,0
1000000,217.131966,99.700000,0
10000,1.805775,99.700000,0
50000,9.009576,99.700000,0
100000,19.195415,99.700000,0
500000,103.105824,99.700000,0
1000000,224.804978,99.700000,0
10000,1.586771,99.700000,0
50000,8.900426,99.700000,0
100000,18.581896,99.700000,0
500000,102.877608,99.700000,0
1000000,213.299617,99.700000,0
10000,1.547080,99.700000,0
50000,9.846996,99.700000,0
100000,19.967369,99.700000,0
500000,102.988759,99.700000,0
1000000,214.456796,99.700000,0
10000,1.622036,99.700000,0
50000,9.744969,99.700000,0
100000,20.236686,99.700000,0
500000,102.072576,99.700000,0
1000000,218.858527,99.700000,0
10000,1.575486,99.700000,0
50000,8.768778,99.700000,0
100000,19.940330,99.700000,0
500000,101.482943,99.700000,0
1000000,216.216223,99.700000,0
10000,1.602322,99.700000,0
50000,9.061288,99.700000,0
100000,18.722974,99.700000,0
500000,106.202301,99.700000,0
1000000,215.138262,99.700000,0
10000,1.573037,99.700000,0
50000,8.772696,99.700000,0
100000,19.168866,99.700000,0
500000,102.401585,99.700000,0
1000000,210.154167,99.700000,0
10000,1.585221,99.700000,0
50000,8.725228,99.700000,0
100000,19.351024,99.700000,0
500000,101.421159,99.700000,0
1000000,214.103247,99.700000,0
10000,1.602653,99.700000,0
50000,9.251332,99.700000,0
100000,18.718739,99.700000,0
500000,102.449013,99.700000,0
1000000,217.648884,99.700000,0
10000,1.562925,99.700000,0
50000,8.954538,99.700000,0
100000,26.400381,99.700000,0
500000,103.246240,99.700000,0
1000000,216.864250,99.700000,0
10000,1.537672,99.700000,0
50000,8.791114,99.700000,0
100000,20.212206,99.700000,0
500000,102.223345,99.700000,0
1000000,215.482945,99.700000,0
10000,1.557742,99.700000,0
50000,8.926631,99.700000,0
100000,18.587601,99.700000,0
500000,101.589062,99.700000,0
1000000,213.862428,99.700000,0
10000,1.587804,99.700000,0
50000,9.313774,99.700000,0
100000,18.513455,99.700000,0
500000,103.132577,99.700000,0
1000000,215.165570,99.700000,0
10000,1.589028,99.700000,0
50000,8.872486,99.700000,0
100000,21.689921,99.700000,0
500000,102.616996,99.700000,0
1000000,212.991225,99.700000,0
10000,1.557988,99.700000,0
50000,9.048071,99.700000,0
100000,18.430995,99.700000,0
500000,109.253525,99.700000,0
1000000,214.110082,99.700000,0
10000,1.555599,99.700000,0
50000,8.726687,99.700000,0
100000,20.591278,99.700000,0
500000,106.369954,99.700000,0
1000000,225.986573,99.700000,0
10000,1.699597,99.700000,0
50000,9.502314,99.700000,0
100000,20.087685,99.700000,0
500000,110.726900,99.700000,0
1000000,212.803824,99.700000,0
10000,1.578416,99.700000,0
50000,8.726146,99.700000,0
100000,18.368667,99.700000,0
500000,108.434887,99.700000,0
1000000,219.799450,99.700000,0
10000,1.593794,99.700000,0
50000,8.794535,99.700000,0
100000,18.725653,99.700000,0
500000,107.837970,99.700000,0
1000000,225.931713,99.700000,0
10000,1.548242,99.700000,0
50000,9.739369,99.700000,0
100000,18.687917,99.700000,0
500000,103.477461,99.700000,0
1000000,221.444416,99.700000,0
10000,1.529507,99.700000,0
50000,9.993363,99.700000,0
100000,21.770319,99.700000,0
500000,106.372421,99.700000,0
1000000,218.406988,99.700000,0
10000,1.526078,99.700000,0
50000,8.870752,99.700000,0
100000,19.649404,99.700000,0
500000,104.047777,99.700000,0
1000000,213.942171,99.700000,0
10000,1.607764,99.700000,0
50000,8.993611,99.700000,0
100000,18.780460,99.700000,0
500000,101.769236,99.700000,0
1000000,214.507661,99.700000,0
10000,1.643162,99.700000,0
50000,8.827536,99.700000,0
100000,18.671968,99.700000,0
500000,101.929005,99.700000,0
1000000,216.525995,99.700000,0
10000,1.705991,99.700000,0
50000,9.494945,99.700000,0
100000,18.763477,99.700000,0
500000,106.848653,99.700000,0
1000000,212.576284,99.700000,0
10000,1.734891,99.700000,0
50000,9.628203,99.700000,0
100000,18.901903,99.700000,0
500000,103.087047,99.700000,0
1000000,214.645637,99.700000,0
10000,1.559073,99.700000,0
50000,8.933656,99.700000,0
100000,18.961632,99.700000,0
500000,101.567415,99.700000,0
1000000,217.948960,99.700000,0
10000,1.532132,99.700000,0
50000,8.951852,99.700000,0
100000,19.759268,99.700000,0
500000,109.266712,99.700000,0
1000000,214.856019,99.700000,0
10000,1.590718,99.700000,0
50000,8.853917,99.700000,0
100000,18.684879,99.700000,0
500000,102.318698,99.700000,0
1000000,211.777018,99.700000,0
10000,1.550450,99.700000,0
50000,8.907543,99.700000,0
100000,18.737881,99.700000,0
500000,105.445533,99.700000,0
1000000,224.796550,99.700000,0
10000,1.499130,99.700000,0
50000,10.824335,99.700000,0
100000,19.028912,99.700000,0
500000,101.530087,99.700000,0
1000000,213.149691,99.700000,0
10000,1.555277,99.700000,0
50000,8.859621,99.700000,0
100000,18.588260,99.700000,0
500000,106.042712,99.700000,0
1000000,211.398931,99.700000,0
10000,1.574983,99.700000,0
50000,8.780973,99.700000,0
100000,18.686520,99.700000,0
500000,105.950411,99.700000,0
1000000,218.201957,99.700000,0
10000,1.536429,99.700000,0
50000,8.833875,99.700000,0
100000,18.495406,99.700000,0
500000,102.389797,99.700000,0
1000000,218.261371,99.700000,0
10000,1.552880,99.700000,0
50000,8.933655,99.700000,0
100000,18.386053,99.700000,0
500000,106.875810,99.700000,0
1000000,217.341225,99.700000,0
10000,1.526244,99.700000,0
50000,9.322023,99.700000,0
100000,18.945151,99.700000,0
500000,102.358836,99.700000,0
1000000,216.453585,99.700000,0
10000,1.601951,99.700000,0
50000,8.964838,99.700000,0
100000,19.031213,99.700000,0
500000,104.645726,99.700000,0
1000000,215.335557,99.700000,0
10000,1.634480,99.700000,0
50000,9.213339,99.700000,0
100000,19.493101,99.700000,0
500000,107.217947,99.700000,0
1000000,215.921251,99.700000,0
10000,1.600860,99.700000,0
50000,12.034443,99.700000,0
100000,21.864044,99.700000,0
500000,103.360972,99.700000,0
1000000,217.549251,99.700000,0
10000,1.612140,99.700000,0
50000,9.009757,99.700000,0
100000,19.417415,99.700000,0
500000,103.689891,99.700000,0
1000000,215.838950,99.700000,0
10000,1.564301,99.700000,0
50000,9.616202,99.700000,0
100000,18.729760,99.700000,0
500000,120.188606,99.700000,0
1000000,214.913957,99.700000,0
10000,1.666668,99.700000,0
50000,9.005365,99.700000,0
100000,18.978855,99.700000,0
500000,103.433771,99.700000,0
1000000,244.799441,99.700000,0
10000,1.766402,99.700000,0
50000,9.552390,99.700000,0
100000,21.509912,99.700000,0
500000,104.249850,99.700000,0
1000000,230.166668,99.700000,0
10000,1.766220,99.700000,0
50000,9.693352,99.700000,0
100000,19.300789,99.700000,0
500000,111.126649,99.700000,0
1000000,230.829016,99.700000,0
10000,1.576639,99.700000,0
50000,9.192474,99.700000,0
100000,18.872706,99.700000,0
500000,107.692775,99.700000,0
1000000,222.647479,99.700000,0
10000,1.650860,99.700000,0
50000,9.630265,99.700000,0
100000,20.432656,99.700000,0
500000,109.098404,99.700000,0
1000000,220.788134,99.700000,0
10000,1.557051,99.700000,0
50000,9.957067,99.700000,0
100000,19.956195,99.700000,0
500000,107.554997,99.700000,0
1000000,233.524179,99.700000,0
10000,1.748689,99.700000,0
50000,9.825268,99.700000,0
100000,21.355272,99.700000,0
500000,111.224632,99.700000,0
1000000,221.079750,99.700000,0
10000,1.602502,99.700000,0
50000,9.186437,99.700000,0
100000,20.551640,99.700000,0
500000,104.452260,99.700000,0
1000000,228.285921,99.700000,0
10000,1.638315,99.700000,0
50000,9.762914,99.700000,0
100000,18.763617,99.700000,0
500000,109.086826,99.700000,0
1000000,218.007136,99.700000,0
10000,1.674446,99.700000,0
50000,9.071140,99.700000,0
100000,19.189692,99.700000,0
500000,102.987028,99.700000,0
1000000,219.325479,99.700000,0
10000,1.609336,99.700000,0
50000,8.939040,99.700000,0
100000,18.225937,99.700000,0
500000,106.463379,99.700000,0
1000000,222.618480,99.700000,0
10000,1.658670,99.700000,0
50000,8.874575,99.700000,0
100000,19.113262,99.700000,0
500000,104.664547,99.700000,0
1000000,215.406324,99.700000,0
10000,1.520724,99.700000,0
50000,9.022217,99.700000,0
100000,18.637534,99.700000,0
500000,102.816220,99.700000,0
1000000,221.109935,99.700000,0
10000,1.719692,99.700000,0
50000,9.146069,99.700000,0
100000,18.925124,99.700000,0
500000,104.053210,99.700000,0
1000000,214.823133,99.700000,0
10000,1.535950,99.700000,0
50000,9.579492,99.700000,0
100000,19.226904,99.700000,0
500000,102.789440,99.700000,0
1000000,212.943109,99.700000,0
10000,1.691756,99.700000,0
50000,9.002098,99.700000,0
100000,18.728413,99.700000,0
500000,101.474242,99.700000,0
1000000,215.393837,99.700000,0
10000,2.109598,99.700000,0
50000,9.007277,99.700000,0
100000,18.484743,99.700000,0
500000,104.711768,99.700000,0
1000000,213.036767,99.700000,0
10000,1.680169,99.700000,0
50000,9.494244,99.700000,0
100000,18.479756,99.700000,0
500000,103.209046,99.700000,0
1000000,215.343512,99.700000,0
10000,2.174836,0.000000,1
50000,12.866423,0.000000,1
100000,27.054816,0.000000,1
500000,140.824217,0.000000,1
1000000,281.132558,0.000000,1
10000,2.193784,0.000000,1
50000,11.641626,0.000000,1
100000,24.378951,0.000000,1
500000,140.797769,0.000000,1
1000000,281.431184,0.000000,1
10000,2.202396,0.000000,1
50000,11.814465,0.000000,1
100000,26.061124,0.000000,1
500000,137.012095,0.000000,1
1000000,291.177552,0.000000,1
10000,2.577408,0.000000,1
50000,12.284600,0.000000,1
100000,25.770483,0.000000,1
500000,136.057033,0.000000,1
1000000,282.081649,0.000000,1
10000,2.119002,0.000000,1
50000,12.016959,0.000000,1
100000,24.551052,0.000000,1
500000,133.285948,0.000000,1
1000000,276.723967,0.000000,1
10000,2.136785,0.000000,1
50000,11.893871,0.000000,1
100000,24.609270,0.000000,1
500000,137.878011,0.000000,1
1000000,290.976160,0.000000,1
10000,2.163522,0.000000,1
50000,11.878834,0.000000,1
100000,24.735858,0.000000,1
500000,143.483277,0.000000,1
1000000,289.642661,0.000000,1
10000,2.146181,0.000000,1
50000,11.546945,0.000000,1
100000,24.211355,0.000000,1
500000,139.477895,0.000000,1
1000000,288.960485,0.000000,1
10000,2.091671,0.000000,1
50000,11.469125,0.000000,1
100000,23.945820,0.000000,1
500000,138.480930,0.000000,1
1000000,284.862493,0.000000,1
10000,2.092867,0.000000,1
50000,11.853817,0.000000,1
100000,24.337921,0.000000,1
500000,145.549899,0.000000,1
1000000,282.972919,0.000000,1
10000,2.193414,0.000000,1
50000,11.587861,0.000000,1
100000,24.292173,0.000000,1
500000,140.288579,0.000000,1
1000000,280.258868,0.000000,1
10000,2.091301,0.000000,1
50000,11.881352,0.000000,1
100000,24.286143,0.000000,1
500000,133.662364,0.000000,1
1000000,283.006205,0.000000,1
10000,2.120959,0.000000,1
50000,11.592714,0.000000,1
100000,24.386915,0.000000,1
500000,135.761513,0.000000,1
1000000,276.474465,0.000000,1
10000,2.044262,0.000000,1
50000,11.471952,0.000000,1
100000,25.534800,0.000000,1
500000,144.947347,0.000000,1
1000000,275.883780,0.000000,1
10000,2.491439,0.000000,1
50000,11.750587,0.000000,1
100000,24.598039,0.000000,1
500000,136.225201,0.000000,1
1000000,280.295338,0.000000,1
10000,2.074145,0.000000,1
50000,11.880615,0.000000,1
100000,24.304724,0.000000,1
500000,134.957651,0.000000,1
1000000,284.231177,0.000000,1
10000,2.466972,0.000000,1
50000,12.120392,0.000000,1
100000,26.106005,0.000000,1
500000,138.176652,0.000000,1
1000000,278.017339,0.000000,1
10000,2.202781,0.000000,1
50000,12.724447,0.000000,1
100000,24.878918,0.000000,1
500000,132.882615,0.000000,1
1000000,275.166116,0.000000,1
10000,2.387657,0.000000,1
50000,11.584062,0.000000,1
100000,24.903410,0.000000,1
500000,133.772956,0.000000,1
1000000,284.098615,0.000000,1
10000,2.327663,0.000000,1
50000,13.651768,0.000000,1
100000,26.863445,0.000000,1
500000,134.654082,0.000000,1
1000000,276.451513,0.000000,1
10000,2.125887,0.000000,1
50000,12.511436,0.000000,1
100000,26.040958,0.000000,1
500000,139.262172,0.000000,1
1000000,275.773635,0.000000,1
10000,2.091210,0.000000,1
50000,11.538585,0.000000,1
100000,24.476336,0.000000,1
500000,137.141697,0.000000,1
1000000,276.625101,0.000000,1
10000,2.603305,0.000000,1
50000,12.206488,0.000000,1
100000,24.758996,0.000000,1
500000,134.879447,0.000000,1
1000000,289.530429,0.000000,1
10000,2.094381,0.000000,1
50000,11.912619,0.000000,1
100000,24.779096,0.000000,1
500000,136.969950,0.000000,1
1000000,283.198053,0.000000,1
10000,2.102288,0.000000,1
50000,11.836945,0.000000,1
100000,24.256445,0.000000,1
500000,136.673280,0.000000,1
1000000,282.753347,0.000000,1
10000,2.153034,0.000000,1
50000,12.610196,0.000000,1
100000,28.331114,0.000000,1
500000,141.764981,0.000000,1
1000000,285.843993,0.000000,1
10000,2.100630,0.000000,1
50000,11.768105,0.000000,1
100000,25.208408,0.000000,1
500000,145.805723,0.000000,1
1000000,280.046493,0.000000,1
10000,2.111309,0.000000,1
50000,12.004764,0.000000,1
100000,25.319097,0.000000,1
500000,142.588064,0.000000,1
1000000,290.055769,0.000000,1
10000,2.372723,0.000000,1
50000,14.623994,0.000000,1
100000,28.713178,0.000000,1
500000,138.023037,0.000000,1
1000000,281.133476,0.000000,1
10000,2.162281,0.000000,1
50000,12.034202,0.000000,1
100000,26.723724,0.000000,1
500000,142.854013,0.000000,1
1000000,286.626285,0.000000,1
10000,2.145986,0.000000,1
50000,11.660210,0.000000,1
100000,25.027028,0.000000,1
500000,136.954712,0.000000,1
1000000,312.565278,0.000000,1
10000,2.381837,0.000000,1
50000,11.859316,0.000000,1
100000,24.483929,0.000000,1
500000,133.694038,0.000000,1
1000000,285.379634,0.000000,1
10000,2.092714,0.000000,1
50000,11.747391,0.000000,1
100000,24.544084,0.000000,1
500000,134.683786,0.000000,1
1000000,275.776118,0.000000,1
10000,2.084154,0.000000,1
50000,11.529672,0.000000,1
100000,24.807064,0.000000,1
500000,136.399161,0.000000,1
1000000,274.858836,0.000000,1
10000,2.121051,0.000000,1
50000,11.791930,0.000000,1
100000,24.514489,0.000000,1
500000,134.065238,0.000000,1
1000000,274.151010,0.000000,1
10000,2.112015,0.000000,1
50000,11.927130,0.000000,1
100000,24.560553,0.000000,1
500000,134.348776,0.000000,1
1000000,275.467771,0.000000,1
10000,2.141817,0.000000,1
50000,11.973378,0.000000,1
100000,25.032062,0.000000,1
500000,136.443745,0.000000,1
1000000,280.218424,0.000000,1
10000,2.243214,0.000000,1
50000,12.054133,0.000000,1
100000,25.037833,0.000000,1
500000,137.605511,0.000000,1
1000000,283.812836,0.000000,1
10000,2.368777,0.000000,1
50000,12.370862,0.000000,1
100000,26.547444,0.000000,1
500000,138.263319,0.000000,1
1000000,292.161846,0.000000,1
10000,2.342590,0.000000,1
50000,-703.657868,0.000000,1
100000,26.484015,0.000000,1
500000,134.213927,0.000000,1
1000000,286.510459,0.000000,1
10000,2.108637,0.000000,1
50000,11.821693,0.000000,1
100000,26.452119,0.000000,1
500000,140.028110,0.000000,1
1000000,284.163837,0.000000,1
10000,2.114497,0.000000,1
50000,11.588562,0.000000,1
100000,26.473110,0.000000,1
500000,139.517835,0.000000,1
1000000,282.397136,0.000000,1
10000,2.068138,0.000000,1
50000,11.906517,0.000000,1
100000,24.320126,0.000000,1
500000,137.928550,0.000000,1
1000000,288.961154,0.000000,1
10000,2.096212,0.000000,1
50000,11.789613,0.000000,1
100000,28.176475,0.000000,1
500000,163.809561,0.000000,1
1000000,285.013200,0.000000,1
10000,2.099275,0.000000,1
50000,12.634822,0.000000,1
100000,26.307012,0.000000,1
500000,145.401383,0.000000,1
1000000,285.525751,0.000000,1
10000,2.121062,0.000000,1
50000,12.765346,0.000000,1
100000,25.767350,0.000000,1
500000,140.004435,0.000000,1
1000000,278.437288,0.000000,1
10000,2.111822,0.000000,1
50000,12.073848,0.000000,1
100000,24.230399,0.000000,1
500000,141.575401,0.000000,1
1000000,275.341728,0.000000,1
10000,2.047994,0.000000,1
50000,12.303883,0.000000,1
100000,25.243946,0.000000,1
500000,134.237753,0.000000,1
1000000,284.349186,0.000000,1
10000,2.112619,0.000000,1
50000,11.698660,0.000000,1
100000,24.526239,0.000000,1
500000,135.500041,0.000000,1
1000000,279.131034,0.000000,1
10000,2.397325,0.000000,1
50000,12.010868,0.000000,1
100000,24.743322,0.000000,1
500000,135.211335,0.000000,1
1000000,276.141154,0.000000,1
10000,2.090668,0.000000,1
50000,12.098766,0.000000,1
100000,26.345883,0.000000,1
500000,139.164584,0.000000,1
1000000,278.017015,0.000000,1
10000,2.083119,0.000000,1
50000,12.391750,0.000000,1
100000,24.695399,0.000000,1
500000,135.819984,0.000000,1
1000000,281.843475,0.000000,1
10000,2.157343,0.000000,1
50000,12.291039,0.000000,1
100000,25.112529,0.000000,1
500000,134.490814,0.000000,1
1000000,279.946973,0.000000,1
10000,2.124168,0.000000,1
50000,12.210943,0.000000,1
100000,24.801981,0.000000,1
500000,132.259595,0.000000,1
1000000,274.275313,0.000000,1
10000,2.088543,0.000000,1
50000,12.359931,0.000000,1
100000,26.685532,0.000000,1
500000,134.670955,0.000000,1
1000000,272.961903,0.000000,1
10000,2.116130,0.000000,1
50000,11.972769,0.000000,1
100000,24.713009,0.000000,1
500000,133.750305,0.000000,1
1000000,284.008288,0.000000,1
10000,2.157230,0.000000,1
50000,13.063903,0.000000,1
100000,28.393571,0.000000,1
500000,134.510701,0.000000,1
1000000,287.467914,0.000000,1
10000,2.780678,0.000000,1
50000,12.215856,0.000000,1
100000,26.994795,0.000000,1
500000,141.344489,0.000000,1
1000000,283.171031,0.000000,1
10000,2.215673,0.000000,1
50000,11.538691,0.000000,1
100000,24.013079,0.000000,1
500000,133.331470,0.000000,1
1000000,276.917797,0.000000,1
10000,2.079290,0.000000,1
50000,12.270283,0.000000,1
100000,24.876562,0.000000,1
500000,133.756812,0.000000,1
1000000,278.776809,0.000000,1
10000,2.285077,0.000000,1
50000,11.570601,0.000000,1
100000,23.939990,0.000000,1
500000,136.279072,0.000000,1
1000000,276.885383,0.000000,1
10000,2.115436,0.000000,1
50000,11.843982,0.000000,1
100000,24.934034,0.000000,1
500000,133.062663,0.000000,1
1000000,295.609278,0.000000,1
10000,2.309252,0.000000,1
50000,12.303080,0.000000,1
100000,24.841600,0.000000,1
500000,134.177764,0.000000,1
1000000,275.827510,0.000000,1
10000,2.072006,0.000000,1
50000,12.060903,0.000000,1
100000,26.941906,0.000000,1
500000,139.392343,0.000000,1
1000000,286.942416,0.000000,1
10000,2.097500,0.000000,1
50000,12.182508,0.000000,1
100000,27.420074,0.000000,1
500000,136.764052,0.000000,1
1000000,281.850756,0.000000,1
10000,2.390634,0.000000,1
50000,11.508053,0.000000,1
100000,24.066577,0.000000,1
500000,138.591213,0.000000,1
1000000,285.818214,0.000000,1
10000,2.114971,0.000000,1
50000,12.016121,0.000000,1
100000,25.587701,0.000000,1
500000,137.644501,0.000000,1
1000000,278.503881,0.000000,1
10000,2.333390,0.000000,1
50000,11.781978,0.000000,1
100000,25.995780,0.000000,1
500000,134.914584,0.000000,1
1000000,288.734623,0.000000,1
10000,2.623676,0.000000,1
50000,13.758172,0.000000,1
100000,25.940607,0.000000,1
500000,138.425464,0.000000,1
1000000,285.393323,0.000000,1
10000,5.382813,0.000000,1
50000,13.018381,0.000000,1
100000,26.735070,0.000000,1
500000,139.787649,0.000000,1
1000000,290.913592,0.000000,1
10000,2.351107,0.000000,1
50000,12.668015,0.000000,1
100000,26.668894,0.000000,1
500000,136.987435,0.000000,1
1000000,288.844828,0.000000,1
10000,2.268596,0.000000,1
50000,12.388487,0.000000,1
100000,25.523042,0.000000,1
500000,139.532160,0.000000,1
1000000,276.232938,0.000000,1
10000,2.322235,0.000000,1
50000,11.954578,0.000000,1
100000,24.770434,0.000000,1
500000,133.665118,0.000000,1
1000000,282.001138,0.000000,1
10000,2.173668,0.000000,1
50000,11.967782,0.000000,1
100000,25.286633,0.000000,1
500000,135.556792,0.000000,1
1000000,275.061205,0.000000,1
10000,2.076736,0.000000,1
50000,11.809573,0.000000,1
100000,24.490937,0.000000,1
500000,136.799310,0.000000,1
1000000,275.863367,0.000000,1
10000,2.110214,0.000000,1
50000,11.854892,0.000000,1
100000,24.444368,0.000000,1
500000,133.470026,0.000000,1
1000000,287.048298,0.000000,1
10000,2.311795,0.000000,1
50000,12.985363,0.000000,1
100000,24.578558,0.000000,1
500000,137.100301,0.000000,1
1000000,288.411576,0.000000,1
10000,2.159278,0.000000,1
50000,11.759925,0.000000,1
100000,24.578494,0.000000,1
500000,134.954359,0.000000,1
1000000,283.076049,0.000000,1
10000,2.484924,0.000000,1
50000,12.006141,0.000000,1
100000,25.024328,0.000000,1
500000,143.746959,0.000000,1
1000000,278.096938,0.000000,1
10000,2.150866,0.000000,1
50000,11.658908,0.000000,1
100000,24.798178,0.000000,1
500000,134.864884,0.000000,1
1000000,282.432384,0.000000,1
10000,2.327204,0.000000,1
50000,12.460470,0.000000,1
100000,25.282676,0.000000,1
500000,137.907511,0.000000,1
1000000,279.870780,0.000000,1
10000,2.100548,0.000000,1
50000,12.297741,0.000000,1
100000,24.769868,0.000000,1
500000,133.148460,0.000000,1
1000000,274.580603,0.000000,1
10000,2.080030,0.000000,1
50000,11.640042,0.000000,1
100000,24.694745,0.000000,1
500000,138.428617,0.000000,1
1000000,281.866981,0.000000,1
10000,2.642783,0.000000,1
50000,11.719057,0.000000,1
100000,24.350510,0.000000,1
500000,132.725615,0.000000,1
1000000,278.458037,0.000000,1
10000,2.536524,0.000000,1
50000,12.806459,0.000000,1
100000,26.292413,0.000000,1
500000,134.344976,0.000000,1
1000000,281.371498,0.000000,1
10000,2.076284,0.000000,1
50000,11.764555,0.000000,1
100000,24.552092,0.000000,1
500000,135.065510,0.000000,1
1000000,275.232582,0.000000,1
10000,2.191771,0.000000,1
50000,12.237566,0.000000,1
100000,26.451743,0.000000,1
500000,136.538066,0.000000,1
1000000,279.039597,0.000000,1
10000,2.156435,0.000000,1
50000,12.159165,0.000000,1
100000,26.606579,0.000000,1
500000,133.078394,0.000000,1
1000000,276.756849,0.000000,1
10000,2.079938,0.000000,1
50000,12.037662,0.000000,1
100000,24.136450,0.000000,1
500000,133.803348,0.000000,1
1000000,282.444810,0.000000,1
10000,2.095973,0.000000,1
50000,11.656928,0.000000,1
100000,24.307610,0.000000,1
500000,133.332701,0.000000,1
1000000,278.173122,0.000000,1
10000,2.291918,0.000000,1
50000,12.442844,0.000000,1
100000,24.827972,0.000000,1
500000,132.107206,0.000000,1
1000000,279.283640,0.000000,1
10000,2.220129,0.000000,1
50000,12.735078,0.000000,1
100000,25.481363,0.000000,1
500000,135.475940,0.000000,1
1000000,284.162741,0.000000,1
10000,2.256336,0.000000,1
50000,11.677355,0.000000,1
100000,24.260525,0.000000,1
500000,134.360082,0.000000,1
1000000,273.829756,0.000000,1
10000,2.107752,0.000000,1
50000,11.935111,0.000000,1
100000,24.345176,0.000000,1
500000,137.268249,0.000000,1
1000000,276.963741,0.000000,1
10000,2.222964,0.000000,1
50000,11.774626,0.000000,1
100000,24.364507,0.000000,1
500000,134.118452,0.000000,1
1000000,277.492756,0.000000,1
10000,2.116154,0.000000,1
50000,12.150803,0.000000,1
100000,24.418813,0.000000,1
500000,133.170673,0.000000,1
1000000,276.817268,0.000000,1
10000,2.187767,0.000000,1
50000,11.796201,0.000000,1
100000,24.807608,0.000000,1
500000,132.548711,0.000000,1
1000000,276.556692,0.000000,1
10000,2.045715,0.000000,1
50000,11.682110,0.000000,1
100000,24.240750,0.000000,1
500000,132.923601,0.000000,1
1000000,288.051534,0.000000,1
10000,2.112323,0.000000,1
50000,11.463337,0.000000,1
100000,24.788431,0.000000,1
500000,141.433042,0.000000,1
1000000,-366.354222,0.000000,1
10000,2.083841,0.000000,1
50000,11.646538,0.000000,1
100000,24.277752,0.000000,1
500000,139.607265,0.000000,1
1000000,280.222009,0.000000,1
